layer,head,perturbation_L2
0,0,7.361443042755127
0,1,18.761333465576172
0,2,39.68520736694336
0,3,19.141315460205078
0,4,30.643970489501953
0,5,15.471646308898926
0,6,0.8496695756912231
0,7,18.0288143157959
0,8,15.852770805358887
0,9,17.945167541503906
0,10,44.479454040527344
0,11,8.526908874511719
0,12,30.83367156982422
0,13,2.0177621841430664
0,14,41.35085678100586
0,15,35.93814468383789
0,16,36.97014236450195
0,17,5.123682022094727
0,18,27.8527889251709
0,19,25.8359432220459
0,20,14.1346435546875
0,21,73.26573181152344
0,22,44.98712158203125
0,23,7.537460803985596
0,24,57.2070426940918
0,25,25.906923294067383
0,26,28.417461395263672
0,27,31.76654624938965
0,28,2.639819622039795
0,29,77.54926300048828
0,30,27.453338623046875
0,31,11.025936126708984
1,0,0.0
1,1,0.005735673941671848
1,2,0.0
1,3,0.0
1,4,3.5321662425994873
1,5,0.05858694761991501
1,6,4.520249843597412
1,7,2.3369390964508057
1,8,0.0
1,9,0.0
1,10,7.835340976715088
1,11,5.53571891784668
1,12,2.1631240844726562
1,13,5.1049113273620605
1,14,0.046348195523023605
1,15,7.204998016357422
1,16,0.0
1,17,0.0
1,18,3.775510413106531e-05
1,19,1.729189395904541
1,20,5.95491361618042
1,21,15.670513153076172
1,22,0.0
1,23,0.0
1,24,5.453660488128662
1,25,6.561657905578613
1,26,2.2606258392333984
1,27,2.0960776805877686
1,28,0.22704686224460602
1,29,1.1711039543151855
1,30,7.492029190063477
1,31,11.866698265075684
2,0,0.9902574419975281
2,1,1.39156973361969
2,2,0.5108122825622559
2,3,1.7869828939437866
2,4,1.0114076137542725
2,5,0.883036732673645
2,6,5.103514558868483e-05
2,7,0.00064314273186028
2,8,2.777052164077759
2,9,1.2239686250686646
2,10,1.698478102684021
2,11,1.1692893505096436
2,12,0.016511179506778717
2,13,0.46075302362442017
2,14,0.051631033420562744
2,15,0.3896561563014984
2,16,0.0007432371494360268
2,17,1.1135706901550293
2,18,1.2032678127288818
2,19,0.9569003582000732
2,20,0.0
2,21,2.2149952201289125e-05
2,22,1.3889272212982178
2,23,0.3614867925643921
2,24,0.7872957587242126
2,25,1.224904179573059
2,26,1.1584900617599487
2,27,0.019949065521359444
2,28,1.3450231552124023
2,29,0.007032780442386866
2,30,0.31937775015830994
2,31,1.2765393257141113
3,0,0.0
3,1,0.0
3,2,0.0
3,3,2.876520872116089
3,4,0.0
3,5,0.0
3,6,2.1064765453338623
3,7,2.087616443634033
3,8,0.0
3,9,0.0
3,10,2.0276288986206055
3,11,1.8186976909637451
3,12,0.0
3,13,0.0
3,14,0.0
3,15,0.0
3,16,0.0
3,17,0.0
3,18,0.0030510739888995886
3,19,3.71132230758667
3,20,0.0
3,21,0.0
3,22,0.0
3,23,0.0
3,24,2.135348081588745
3,25,0.0013033869909122586
3,26,2.3412325382232666
3,27,2.3412325382232666
3,28,0.0
3,29,0.0
3,30,0.0
3,31,0.0
4,0,7.942317962646484
4,1,2.5232014656066895
4,2,4.8502726554870605
4,3,1.7163238525390625
4,4,2.462331533432007
4,5,2.215437412261963
4,6,0.10753405839204788
4,7,4.158247947692871
4,8,0.0
4,9,0.0
4,10,2.6337265968322754
4,11,2.7844626903533936
4,12,2.2595911026000977
4,13,2.5248398780822754
4,14,5.734899520874023
4,15,4.604401588439941
4,16,0.0
4,17,0.0
4,18,2.591524362564087
4,19,0.0
4,20,0.0
4,21,0.0
4,22,2.6120872497558594
4,23,1.631206750869751
4,24,3.379810333251953
4,25,0.25605762004852295
4,26,2.3280463218688965
4,27,0.0
4,28,0.0
4,29,0.0
4,30,2.8470351696014404
4,31,3.316584348678589
5,0,0.0
5,1,1.2928732633590698
5,2,0.0
5,3,0.0
5,4,0.0
5,5,0.0
5,6,1.0130226612091064
5,7,0.007008768618106842
5,8,4.2589616775512695
5,9,3.7592291831970215
5,10,0.0
5,11,0.0
5,12,0.0
5,13,0.0
5,14,1.5030436515808105
5,15,2.483511447906494
5,16,26.470394134521484
5,17,0.0
5,18,0.0
5,19,0.0
5,20,0.0
5,21,0.0
5,22,3.464439868927002
5,23,4.316723823547363
5,24,4.118437767028809
5,25,2.2135040760040283
5,26,2.5381791591644287
5,27,0.0
5,28,0.0
5,29,0.0
5,30,3.643235206604004
5,31,2.7230770587921143
6,0,1.719205617904663
6,1,0.04146161302924156
6,2,8.421463012695312
6,3,0.8171228170394897
6,4,0.0
6,5,0.0
6,6,0.8240891098976135
6,7,3.689938545227051
6,8,4.51406192779541
6,9,2.9460606575012207
6,10,4.889171600341797
6,11,4.929226875305176
6,12,0.0
6,13,0.05986262485384941
6,14,0.15813101828098297
6,15,0.33340224623680115
6,16,1.4699625968933105
6,17,1.8345025777816772
6,18,3.232616901397705
6,19,4.040160655975342
6,20,4.776062488555908
6,21,6.184431552886963
6,22,0.002353155519813299
6,23,0.49541419744491577
6,24,0.20551691949367523
6,25,0.2038651406764984
6,26,0.0
6,27,0.0
6,28,1.9193334579467773
6,29,0.27282848954200745
6,30,2.3114583492279053
6,31,1.8601831197738647
7,0,4.723155975341797
7,1,2.368748664855957
7,2,3.5688509941101074
7,3,5.896710717934184e-05
7,4,0.0
7,5,0.0005516161327250302
7,6,2.469848155975342
7,7,2.554410457611084
7,8,4.178415298461914
7,9,3.4349820613861084
7,10,2.8700478076934814
7,11,1.7052351236343384
7,12,1.429530143737793
7,13,1.1216483116149902
7,14,0.5532106161117554
7,15,5.407249450683594
7,16,2.499593496322632
7,17,2.86277437210083
7,18,2.41947865486145
7,19,3.847480297088623
7,20,2.713873863220215
7,21,1.5738309621810913
7,22,3.3186001777648926
7,23,5.316313743591309
7,24,1.828135371208191
7,25,0.0
7,26,2.498615026473999
7,27,4.490918159484863
7,28,0.0
7,29,0.0
7,30,0.0
7,31,0.0
8,0,1.11137056350708
8,1,4.476444721221924
8,2,0.3905157744884491
8,3,3.489097833633423
8,4,0.0
8,5,0.0
8,6,0.0
8,7,0.0
8,8,2.9840247631073
8,9,4.097301483154297
8,10,0.22597728669643402
8,11,0.010474611073732376
8,12,0.0003636757028289139
8,13,0.6974093317985535
8,14,9.738629341125488
8,15,2.9785540103912354
8,16,9.380123138427734
8,17,3.5915067195892334
8,18,0.0004464596859179437
8,19,0.09056594967842102
8,20,7.430649757385254
8,21,1.2321428060531616
8,22,3.4008522033691406
8,23,25.848316192626953
8,24,2.967719078063965
8,25,0.281048983335495
8,26,6.079889297485352
8,27,9.973409652709961
8,28,3.6985907554626465
8,29,8.606974601745605
8,30,2.570462465286255
8,31,3.019190788269043
9,0,0.7569079995155334
9,1,1.9519535303115845
9,2,1.7476500272750854
9,3,2.3728134632110596
9,4,2.3672163486480713
9,5,2.5295605659484863
9,6,3.0711021423339844
9,7,2.527445077896118
9,8,2.7653210163116455
9,9,2.362159252166748
9,10,1.957948923110962
9,11,2.6218552589416504
9,12,2.5501089096069336
9,13,0.1533709168434143
9,14,4.658811569213867
9,15,4.613924980163574
9,16,1.5412102811751538e-06
9,17,5.671237772730819e-07
9,18,0.2617793083190918
9,19,0.5750014185905457
9,20,2.722184419631958
9,21,4.654517650604248
9,22,0.0
9,23,3.744924545288086
9,24,4.028094291687012
9,25,4.610450267791748
9,26,1.235200047492981
9,27,0.2433188259601593
9,28,3.4238791465759277
9,29,3.6143250465393066
9,30,1.6160852909088135
9,31,4.566844940185547
10,0,1.3955756425857544
10,1,3.6692211627960205
10,2,0.0
10,3,0.0
10,4,1.2247755527496338
10,5,1.2695852518081665
10,6,4.863457679748535
10,7,1.4911837577819824
10,8,1.2796235751011409e-05
10,9,0.0028310820925980806
10,10,3.657212018966675
10,11,5.2960076332092285
10,12,0.526248037815094
10,13,11.545859336853027
10,14,4.701205730438232
10,15,1.5411617755889893
10,16,1.7162785530090332
10,17,2.9979560375213623
10,18,7.950067520141602
10,19,11.341650009155273
10,20,0.0
10,21,0.0
10,22,6.221738815307617
10,23,0.05880528688430786
10,24,2.1880202293395996
10,25,7.047615051269531
10,26,3.3434674739837646
10,27,4.51674747467041
10,28,5.669866561889648
10,29,3.2783825397491455
10,30,2.663057804107666
10,31,1.5828343629837036
11,0,9.974019050598145
11,1,0.7180756330490112
11,2,0.20119121670722961
11,3,1.2035748958587646
11,4,1.40138578414917
11,5,2.4020025730133057
11,6,0.00773527380079031
11,7,0.0074037788435816765
11,8,2.052090644836426
11,9,1.6559638977050781
11,10,1.9278393983840942
11,11,1.1489589214324951
11,12,0.0005989890778437257
11,13,0.0014780309284105897
11,14,1.0779428482055664
11,15,0.8591943979263306
11,16,2.3451099395751953
11,17,1.5685534477233887
11,18,0.0
11,19,0.0
11,20,2.6845602989196777
11,21,4.428147792816162
11,22,1.1248838901519775
11,23,0.6874611377716064
11,24,1.8858410120010376
11,25,1.4728248119354248
11,26,0.17099949717521667
11,27,0.03562702611088753
11,28,1.109795331954956
11,29,1.1034741401672363
11,30,0.0
11,31,0.9843264818191528
12,0,0.698724627494812
12,1,3.1804139614105225
12,2,1.1482951641082764
12,3,0.4262220561504364
12,4,2.5040009021759033
12,5,0.9309225082397461
12,6,1.5611310005187988
12,7,1.2096532583236694
12,8,1.6054288148880005
12,9,1.987979769706726
12,10,3.162761688232422
12,11,0.9218504428863525
12,12,0.3317340910434723
12,13,8.589868545532227
12,14,1.3782411813735962
12,15,2.6550135612487793
12,16,1.7007384300231934
12,17,0.774299144744873
12,18,1.218572735786438
12,19,2.741751194000244
12,20,4.603872776031494
12,21,2.583658456802368
12,22,0.515438437461853
12,23,1.2643758058547974
12,24,1.2269203662872314
12,25,4.200768947601318
12,26,3.8642494678497314
12,27,4.829045295715332
12,28,0.0
12,29,0.0
12,30,0.0
12,31,0.0
13,0,11.188901901245117
13,1,3.165257453918457
13,2,0.6838861107826233
13,3,0.36695727705955505
13,4,0.4878849387168884
13,5,2.79295015335083
13,6,21.28156852722168
13,7,1.4961696863174438
13,8,0.4963516294956207
13,9,8.402386665344238
13,10,2.8788366317749023
13,11,4.692660808563232
13,12,2.9451844692230225
13,13,4.885452747344971
13,14,6.45410680770874
13,15,4.376619815826416
13,16,2.6383864879608154
13,17,6.875172138214111
13,18,4.418615818023682
13,19,1.482728123664856
13,20,1.675558090209961
13,21,0.8918055891990662
13,22,1.2804874181747437
13,23,17.292226791381836
13,24,1.927450180053711
13,25,8.58383846282959
13,26,5.745416641235352
13,27,2.7947916984558105
13,28,0.47091448307037354
13,29,11.178668975830078
13,30,0.001016299007460475
13,31,5.248699188232422
14,0,4.988283634185791
14,1,7.071240425109863
14,2,0.15439777076244354
14,3,0.0004270882927812636
14,4,0.10945340991020203
14,5,2.6087820529937744
14,6,5.458386421203613
14,7,4.020798683166504
14,8,5.402463912963867
14,9,0.004288425203412771
14,10,0.4938618838787079
14,11,1.7855786085128784
14,12,0.014061564579606056
14,13,7.6187543869018555
14,14,3.0159924030303955
14,15,3.877995491027832
14,16,6.267910957336426
14,17,0.6867640018463135
14,18,0.5940706729888916
14,19,4.582911968231201
14,20,0.0
14,21,0.0
14,22,0.3936348259449005
14,23,5.045711040496826
14,24,3.1572983264923096
14,25,4.70100736618042
14,26,7.5227131843566895
14,27,4.605767726898193
14,28,2.5981223583221436
14,29,4.610628604888916
14,30,4.4761271476745605
14,31,0.3423512578010559
15,0,0.6049018502235413
15,1,10.027466773986816
15,2,0.0
15,3,0.0
15,4,0.0
15,5,0.0
15,6,2.3267405033111572
15,7,0.924414873123169
15,8,0.1026138961315155
15,9,0.46953877806663513
15,10,3.3696606159210205
15,11,9.616217613220215
15,12,1.7931692600250244
15,13,21.702068328857422
15,14,4.678873062133789
15,15,1.552443265914917
15,16,1.7413926124572754
15,17,9.659566879272461
15,18,2.9981586933135986
15,19,0.002999377204105258
15,20,0.044616419821977615
15,21,0.0370241142809391
15,22,4.50375509262085
15,23,2.3722314834594727
15,24,1.7997605800628662
15,25,2.1004934310913086
15,26,12.798458099365234
15,27,0.9386820793151855
15,28,2.854602098464966
15,29,8.782835720921867e-06
15,30,1.5562853813171387
15,31,2.590014696121216
16,0,5.727743148803711
16,1,2.6508798599243164
16,2,0.0
16,3,1.9702526330947876
16,4,0.0
16,5,0.0
16,6,2.715413808822632
16,7,2.8594677448272705
16,8,0.0
16,9,0.0
16,10,3.3234658241271973
16,11,4.414487838745117
16,12,2.0825252532958984
16,13,0.04366486147046089
16,14,8.408662796020508
16,15,5.180612564086914
16,16,3.0390148162841797
16,17,4.685092449188232
16,18,0.14779070019721985
16,19,2.1533183826250024e-05
16,20,4.965744972229004
16,21,3.835730791091919
16,22,7.961330413818359
16,23,6.504277229309082
16,24,0.7512932419776917
16,25,5.251304626464844
16,26,4.953677654266357
16,27,0.03937029466032982
16,28,1.0577328205108643
16,29,4.138021945953369
16,30,3.315518856048584
16,31,3.379723072052002
17,0,0.09861624240875244
17,1,1.9739116430282593
17,2,3.0514726638793945
17,3,2.0988681316375732
17,4,2.711015224456787
17,5,0.8678076863288879
17,6,4.112676620483398
17,7,7.0609002113342285
17,8,0.714512825012207
17,9,3.3224737644195557
17,10,0.17906935513019562
17,11,0.6804494857788086
17,12,2.8445894718170166
17,13,0.7775487303733826
17,14,1.1313680410385132
17,15,0.7215147018432617
17,16,3.7556660175323486
17,17,3.9785966873168945
17,18,1.0957704782485962
17,19,0.5808001160621643
17,20,8.629803657531738
17,21,3.651111602783203
17,22,3.0140395164489746
17,23,3.929309368133545
17,24,2.0400710105895996
17,25,2.6606712341308594
17,26,0.13262052834033966
17,27,7.740340709686279
17,28,2.844916820526123
17,29,1.6600286960601807
17,30,3.8510916233062744
17,31,2.92889404296875
18,0,6.191351413726807
18,1,1.170081615447998
18,2,2.501668691635132
18,3,2.014280080795288
18,4,2.4429681301116943
18,5,1.355563759803772
18,6,2.6471328735351562
18,7,2.340604305267334
18,8,2.179684638977051
18,9,1.3026126623153687
18,10,3.1794495582580566
18,11,1.2919071912765503
18,12,0.3033122420310974
18,13,1.5607799291610718
18,14,2.0274136066436768
18,15,2.2751524448394775
18,16,2.0419669151306152
18,17,2.012568712234497
18,18,1.7436096668243408
18,19,2.3476195335388184
18,20,1.0663903951644897
18,21,1.9734326601028442
18,22,3.0443055629730225
18,23,3.1047708988189697
18,24,3.0275182723999023
18,25,2.1235108375549316
18,26,4.333652019500732
18,27,1.3961149454116821
18,28,0.9704533815383911
18,29,9.871058464050293
18,30,3.214634895324707
18,31,1.6318938732147217
19,0,2.357407331466675
19,1,4.915342330932617
19,2,3.4916629791259766
19,3,10.631195068359375
19,4,0.08679661899805069
19,5,1.5828651189804077
19,6,0.09124311059713364
19,7,0.0024425582960247993
19,8,3.4046361446380615
19,9,0.7193312644958496
19,10,3.820098876953125
19,11,0.2050778567790985
19,12,2.4635071754455566
19,13,1.8591307401657104
19,14,2.4333338737487793
19,15,4.619089603424072
19,16,2.804380178451538
19,17,3.34785795211792
19,18,3.0148696899414062
19,19,9.671442031860352
19,20,0.3601059913635254
19,21,3.749398946762085
19,22,0.959334135055542
19,23,1.0572896003723145
19,24,2.2282509803771973
19,25,3.2854011058807373
19,26,0.001754416385665536
19,27,1.6787211894989014
19,28,1.7850167751312256
19,29,2.9579408168792725
19,30,1.6949269771575928
19,31,4.054634094238281
20,0,0.6359850168228149
20,1,2.090583324432373
20,2,1.636940836906433
20,3,1.902303695678711
20,4,1.9325206279754639
20,5,1.6585668325424194
20,6,1.8951019048690796
20,7,4.191853046417236
20,8,1.488222599029541
20,9,2.7402374744415283
20,10,0.7966523766517639
20,11,1.2416532039642334
20,12,2.4083542823791504
20,13,0.28507155179977417
20,14,1.6598498821258545
20,15,1.3867233991622925
20,16,1.5779889822006226
20,17,1.3601441383361816
20,18,1.0889369249343872
20,19,0.9511707425117493
20,20,3.7714195251464844
20,21,1.1257612705230713
20,22,2.347668170928955
20,23,1.43135404586792
20,24,0.5988665819168091
20,25,1.3391095399856567
20,26,6.2169413566589355
20,27,1.2304538488388062
20,28,1.7304643392562866
20,29,1.503235101699829
20,30,0.8212533593177795
20,31,1.4576228857040405
21,0,1.7915760278701782
21,1,2.5201756954193115
21,2,0.9560742974281311
21,3,1.278261661529541
21,4,2.3752543926239014
21,5,1.7705305814743042
21,6,1.4779646396636963
21,7,1.2791087627410889
21,8,4.335155487060547
21,9,2.2881526947021484
21,10,2.5864243507385254
21,11,1.7626920938491821
21,12,1.4362311363220215
21,13,0.4628654718399048
21,14,2.4938406944274902
21,15,1.6852607727050781
21,16,1.8039838075637817
21,17,0.14164318144321442
21,18,2.6621170043945312
21,19,1.5790739059448242
21,20,2.4190447330474854
21,21,2.8706178665161133
21,22,2.589582920074463
21,23,2.6807034015655518
21,24,0.8354625105857849
21,25,1.0736713409423828
21,26,0.06447204947471619
21,27,1.0499109029769897
21,28,0.70942223072052
21,29,2.140160322189331
21,30,2.349822521209717
21,31,3.1626739501953125
22,0,3.447721481323242
22,1,2.9973721504211426
22,2,0.806428074836731
22,3,3.606775999069214
22,4,1.0760364532470703
22,5,0.789520800113678
22,6,1.2389675378799438
22,7,2.3594532012939453
22,8,6.019599914550781
22,9,0.7662472128868103
22,10,2.0447404384613037
22,11,1.618943452835083
22,12,2.0152528285980225
22,13,4.186281681060791
22,14,4.2308149337768555
22,15,1.4731789827346802
22,16,1.9969719648361206
22,17,3.054257392883301
22,18,2.0253994464874268
22,19,3.034348487854004
22,20,1.1909058094024658
22,21,1.5333659648895264
22,22,3.1691787242889404
22,23,1.6991242170333862
22,24,2.0437047481536865
22,25,1.8129202127456665
22,26,3.165501594543457
22,27,4.4955315589904785
22,28,2.214106321334839
22,29,3.678483724594116
22,30,2.222522020339966
22,31,3.149881362915039
23,0,1.9327633380889893
23,1,1.2605986595153809
23,2,1.1655969619750977
23,3,1.063559889793396
23,4,0.6245636940002441
23,5,0.7646591663360596
23,6,0.7804498672485352
23,7,0.664360761642456
23,8,1.502907156944275
23,9,1.0112212896347046
23,10,0.36127910017967224
23,11,0.5992841124534607
23,12,0.4165370464324951
23,13,0.7312751412391663
23,14,0.4086155593395233
23,15,0.5135947465896606
23,16,1.7945512533187866
23,17,1.0326950550079346
23,18,0.2998385727405548
23,19,1.214290976524353
23,20,0.6740444302558899
23,21,0.24116887152194977
23,22,0.7305760979652405
23,23,1.226710319519043
23,24,0.8200422525405884
23,25,0.9707537293434143
23,26,1.1121838092803955
23,27,1.1755871772766113
23,28,0.7728704810142517
23,29,0.6803586483001709
23,30,0.9853480458259583
23,31,1.3981499671936035
24,0,1.2346642017364502
24,1,1.119679570198059
24,2,1.429469108581543
24,3,2.6343464851379395
24,4,2.1113932132720947
24,5,1.5334981679916382
24,6,1.1178556680679321
24,7,1.7226394414901733
24,8,2.3981873989105225
24,9,0.7935977578163147
24,10,0.221505805850029
24,11,1.0457520484924316
24,12,1.8521387577056885
24,13,0.5087831020355225
24,14,1.5383635759353638
24,15,1.0248613357543945
24,16,1.326690912246704
24,17,0.6626511216163635
24,18,0.8151222467422485
24,19,0.8849790692329407
24,20,0.4629373848438263
24,21,0.3528628945350647
24,22,1.0944733619689941
24,23,1.9224334955215454
24,24,1.485243320465088
24,25,1.538432240486145
24,26,1.77041757106781
24,27,1.6884779930114746
24,28,1.4679771661758423
24,29,0.9748628735542297
24,30,1.7332924604415894
24,31,1.2962242364883423
25,0,1.6084462404251099
25,1,1.3012945652008057
25,2,1.160394549369812
25,3,1.4531965255737305
25,4,1.434171199798584
25,5,1.5310471057891846
25,6,1.7845375537872314
25,7,1.5623399019241333
25,8,2.2572708129882812
25,9,1.7870185375213623
25,10,1.5280249118804932
25,11,1.5752508640289307
25,12,1.1314733028411865
25,13,1.3011009693145752
25,14,1.2608895301818848
25,15,1.5555270910263062
25,16,1.4354984760284424
25,17,0.9945283532142639
25,18,1.8392747640609741
25,19,1.8135682344436646
25,20,2.5436453819274902
25,21,1.6744807958602905
25,22,2.4061031341552734
25,23,0.795834481716156
25,24,2.240736961364746
25,25,3.160179376602173
25,26,0.8461336493492126
25,27,1.8672338724136353
25,28,1.445839524269104
25,29,1.326018214225769
25,30,0.9391852617263794
25,31,0.6139929890632629
26,0,1.6783608198165894
26,1,2.5607008934020996
26,2,3.7682363986968994
26,3,2.968590259552002
26,4,1.9942787885665894
26,5,1.7569228410720825
26,6,0.8227776288986206
26,7,0.9574439525604248
26,8,0.8016055822372437
26,9,2.9163124561309814
26,10,1.5516265630722046
26,11,1.826027274131775
26,12,1.37651526927948
26,13,1.7909481525421143
26,14,0.9537044763565063
26,15,1.7398672103881836
26,16,2.408823251724243
26,17,2.8248450756073
26,18,1.7427185773849487
26,19,0.930234432220459
26,20,2.0348196029663086
26,21,1.9445981979370117
26,22,1.6290539503097534
26,23,1.1882357597351074
26,24,1.8308591842651367
26,25,1.5970373153686523
26,26,1.9650028944015503
26,27,0.5821511745452881
26,28,1.334756851196289
26,29,1.8855481147766113
26,30,4.864146709442139
26,31,2.860940456390381
27,0,3.046510696411133
27,1,2.3277430534362793
27,2,1.3162542581558228
27,3,2.4156479835510254
27,4,4.873607635498047
27,5,4.88361120223999
27,6,1.7632660865783691
27,7,1.555656909942627
27,8,2.1418397426605225
27,9,1.9298256635665894
27,10,1.052058458328247
27,11,0.9621245861053467
27,12,2.762424945831299
27,13,2.473119020462036
27,14,1.4382104873657227
27,15,1.979862093925476
27,16,3.8227195739746094
27,17,0.47950950264930725
27,18,0.8726029992103577
27,19,0.4338942766189575
27,20,1.0198241472244263
27,21,2.6979894638061523
27,22,2.0225791931152344
27,23,3.897465944290161
27,24,2.1689164638519287
27,25,3.396110773086548
27,26,0.510918915271759
27,27,1.590772271156311
27,28,2.291048765182495
27,29,3.894256830215454
27,30,0.9449092149734497
27,31,0.6278853416442871
28,0,0.6862601041793823
28,1,6.852427959442139
28,2,3.80204701423645
28,3,6.318240642547607
28,4,5.548711776733398
28,5,4.512395858764648
28,6,3.0795819759368896
28,7,1.927026629447937
28,8,1.8787850141525269
28,9,2.369414806365967
28,10,1.5637645721435547
28,11,2.304903268814087
28,12,2.631788730621338
28,13,7.778744220733643
28,14,0.7840338945388794
28,15,1.4314749240875244
28,16,1.972338318824768
28,17,2.45373797416687
28,18,2.336517095565796
28,19,2.0870306491851807
28,20,0.44197484850883484
28,21,0.6744086146354675
28,22,4.1527557373046875
28,23,2.5555222034454346
28,24,3.964264392852783
28,25,1.5813982486724854
28,26,6.497729301452637
28,27,1.6184451580047607
28,28,0.9249821305274963
28,29,1.49936044216156
28,30,2.8890953063964844
28,31,4.685797691345215
29,0,2.4326834678649902
29,1,4.807295799255371
29,2,3.3290762901306152
29,3,1.9443720579147339
29,4,1.2245572805404663
29,5,0.17895828187465668
29,6,0.6458953022956848
29,7,0.5417237877845764
29,8,0.6680225133895874
29,9,0.47957542538642883
29,10,1.2385879755020142
29,11,4.0854082107543945
29,12,0.18967583775520325
29,13,0.38062095642089844
29,14,1.3745841979980469
29,15,0.6800823211669922
29,16,3.6048123836517334
29,17,3.6034414768218994
29,18,2.1441030502319336
29,19,1.7566593885421753
29,20,3.8201184272766113
29,21,2.8747193813323975
29,22,0.34483402967453003
29,23,0.09877605736255646
29,24,0.2295294553041458
29,25,2.4436633586883545
29,26,0.11972251534461975
29,27,0.5717647671699524
29,28,1.4992589950561523
29,29,1.116828203201294
29,30,4.847284317016602
29,31,2.135990858078003
30,0,2.740769624710083
30,1,3.601414680480957
30,2,8.138754844665527
30,3,10.228554725646973
30,4,0.4854297339916229
30,5,1.2611554861068726
30,6,0.3489445447921753
30,7,1.2794796228408813
30,8,3.7613272666931152
30,9,4.349864959716797
30,10,2.6136505603790283
30,11,2.4673244953155518
30,12,0.32988205552101135
30,13,0.3186485469341278
30,14,3.7280478477478027
30,15,9.233563423156738
30,16,1.6625115871429443
30,17,6.055612087249756
30,18,10.545218467712402
30,19,4.496060371398926
30,20,9.51070785522461
30,21,4.637859344482422
30,22,2.801757335662842
30,23,3.8926749229431152
30,24,0.5260674953460693
30,25,1.8316651582717896
30,26,6.375190734863281
30,27,4.569444179534912
30,28,1.1015220880508423
30,29,6.053927898406982
30,30,1.3905022144317627
30,31,1.0105502605438232
31,0,9.294713973999023
31,1,23.011560440063477
31,2,7.481163024902344
31,3,5.466009140014648
31,4,4.882022857666016
31,5,0.4146021604537964
31,6,11.80624008178711
31,7,7.611445903778076
31,8,8.198712348937988
31,9,6.025039196014404
31,10,3.728013753890991
31,11,8.649226188659668
31,12,0.5044070482254028
31,13,0.3965761959552765
31,14,6.797724723815918
31,15,8.056084632873535
31,16,1.0255365371704102
31,17,2.2487635612487793
31,18,2.181157112121582
31,19,2.884535312652588
31,20,11.4209623336792
31,21,3.883166790008545
31,22,3.28330135345459
31,23,2.1794304847717285
31,24,3.790071964263916
31,25,1.8813170194625854
31,26,2.3098340034484863
31,27,0.5482575297355652
31,28,5.609378814697266
31,29,8.764777183532715
31,30,6.2196526527404785
31,31,7.942942142486572
32,0,2.32863712310791
32,1,4.707754611968994
32,2,6.79840612411499
32,3,5.260931491851807
32,4,4.3033013343811035
32,5,0.9725385904312134
32,6,0.9880364537239075
32,7,0.7861699461936951
32,8,3.3593389987945557
32,9,3.8107798099517822
32,10,0.3627370297908783
32,11,4.485663890838623
32,12,0.32755064964294434
32,13,1.873474359512329
32,14,0.4419662654399872
32,15,0.3481258451938629
32,16,7.007252216339111
32,17,7.6120219230651855
32,18,6.275834083557129
32,19,8.452836036682129
32,20,3.7461977005004883
32,21,3.3441550731658936
32,22,1.0335415601730347
32,23,4.017467498779297
32,24,4.839778423309326
32,25,6.501172065734863
32,26,2.1960463523864746
32,27,0.9418915510177612
32,28,9.7152681350708
32,29,5.889526844024658
32,30,12.160443305969238
32,31,7.271727561950684
33,0,18.805803298950195
33,1,8.865215301513672
33,2,5.096158981323242
33,3,3.8443920612335205
33,4,0.8914548754692078
33,5,3.6818370819091797
33,6,8.190008163452148
33,7,6.6563897132873535
33,8,4.656418323516846
33,9,3.5864572525024414
33,10,0.5191354155540466
33,11,0.8301587104797363
33,12,19.150632858276367
33,13,15.711864471435547
33,14,7.489067077636719
33,15,8.33188247680664
33,16,8.65873908996582
33,17,5.584392070770264
33,18,0.6552194952964783
33,19,5.422722816467285
33,20,0.1526861935853958
33,21,0.8153076171875
33,22,7.939650535583496
33,23,6.127224922180176
33,24,6.37252950668335
33,25,0.7478546500205994
33,26,0.8198014497756958
33,27,0.5921111106872559
33,28,0.7004380822181702
33,29,6.669444561004639
33,30,8.588553428649902
33,31,2.2534308433532715
34,0,4.215002536773682
34,1,5.7166008949279785
34,2,4.961434364318848
34,3,4.831730842590332
34,4,2.797220468521118
34,5,1.1738779544830322
34,6,9.3118314743042
34,7,5.80396032333374
34,8,5.337460994720459
34,9,0.9755969047546387
34,10,2.3980770111083984
34,11,6.847413539886475
34,12,0.6824684739112854
34,13,2.665086269378662
34,14,4.886906623840332
34,15,7.265145301818848
34,16,9.367799758911133
34,17,0.1377323567867279
34,18,0.6685563921928406
34,19,0.4892486333847046
34,20,5.963489055633545
34,21,7.516799449920654
34,22,0.06780699640512466
34,23,0.7288896441459656
34,24,1.867720365524292
34,25,0.7193387746810913
34,26,1.0504230260849
34,27,0.4011654257774353
34,28,0.7528238892555237
34,29,2.7332053184509277
34,30,5.908371448516846
34,31,4.624032020568848
35,0,5.19948148727417
35,1,6.496615409851074
35,2,3.635849714279175
35,3,9.619210243225098
35,4,0.12773117423057556
35,5,0.21228386461734772
35,6,1.4051002264022827
35,7,0.7177836894989014
35,8,6.881826400756836
35,9,1.4948276281356812
35,10,4.606293201446533
35,11,3.828138589859009
35,12,2.053360939025879
35,13,6.188158988952637
35,14,1.6556625366210938
35,15,0.36556920409202576
35,16,0.6261026859283447
35,17,0.48160162568092346
35,18,2.6653809547424316
35,19,6.286393642425537
35,20,5.611694812774658
35,21,6.394232273101807
35,22,0.9522034525871277
35,23,0.5706891417503357
35,24,3.5490756034851074
35,25,5.071100234985352
35,26,0.8953810334205627
35,27,0.3417742848396301
35,28,1.9629076719284058
35,29,0.917637825012207
35,30,5.732334613800049
35,31,0.1580163687467575
36,0,7.008835315704346
36,1,6.19520378112793
36,2,7.255042552947998
36,3,5.683108329772949
36,4,3.4384686946868896
36,5,3.281712055206299
36,6,2.0301296710968018
36,7,0.5448710322380066
36,8,4.065703868865967
36,9,10.258878707885742
36,10,1.1630089282989502
36,11,1.213306188583374
36,12,3.874183416366577
36,13,5.343374729156494
36,14,3.0557401180267334
36,15,3.6419970989227295
36,16,1.3052022457122803
36,17,2.3020918369293213
36,18,10.706942558288574
36,19,7.452167987823486
36,20,0.5287274122238159
36,21,2.6749181747436523
36,22,5.408452033996582
36,23,5.19651460647583
36,24,5.677533149719238
36,25,1.5246433019638062
36,26,7.491804599761963
36,27,3.7479066848754883
36,28,4.744858264923096
36,29,11.002735137939453
36,30,4.414599895477295
36,31,5.359541893005371
37,0,1.1859309673309326
37,1,6.403040885925293
37,2,0.8574017286300659
37,3,0.5772378444671631
37,4,2.2306952476501465
37,5,1.3522647619247437
37,6,2.406750202178955
37,7,15.774648666381836
37,8,0.262015163898468
37,9,1.22752845287323
37,10,7.234126091003418
37,11,12.223167419433594
37,12,6.0360426902771
37,13,3.146710157394409
37,14,6.833070278167725
37,15,7.073773384094238
37,16,0.4753177762031555
37,17,7.374208450317383
37,18,1.4142476320266724
37,19,4.187849998474121
37,20,2.8768627643585205
37,21,9.075555801391602
37,22,0.20993834733963013
37,23,1.2486214637756348
37,24,1.5149872303009033
37,25,2.1029458045959473
37,26,4.027808666229248
37,27,2.1113433837890625
37,28,0.7942283749580383
37,29,2.874380588531494
37,30,9.61131477355957
37,31,11.619275093078613
38,0,4.281635761260986
38,1,9.521924018859863
38,2,0.45033377408981323
38,3,0.4302196502685547
38,4,0.6288598775863647
38,5,4.394229412078857
38,6,2.206627607345581
38,7,1.4765236377716064
38,8,12.172293663024902
38,9,8.03567123413086
38,10,1.1696799993515015
38,11,2.743060350418091
38,12,24.566696166992188
38,13,1.449623465538025
38,14,2.8818421363830566
38,15,0.6090326905250549
38,16,17.115514755249023
38,17,8.224309921264648
38,18,3.0053365230560303
38,19,4.352337837219238
38,20,6.864479064941406
38,21,1.7946007251739502
38,22,24.25865936279297
38,23,11.481488227844238
38,24,0.26079973578453064
38,25,0.5469235181808472
38,26,0.13268914818763733
38,27,1.0932902097702026
38,28,7.496826648712158
38,29,3.412745237350464
38,30,0.5180190205574036
38,31,2.354081630706787
39,0,9.74495792388916
39,1,1.684784173965454
39,2,0.3324836194515228
39,3,15.95413589477539
39,4,5.938991546630859
39,5,5.626838684082031
39,6,0.3423936665058136
39,7,0.665639340877533
39,8,4.37343692779541
39,9,4.743179798126221
39,10,4.6002068519592285
39,11,6.29951286315918
39,12,0.48700618743896484
39,13,1.4916728734970093
39,14,3.7600014209747314
39,15,1.1011910438537598
39,16,3.0513312816619873
39,17,4.673627853393555
39,18,3.49011492729187
39,19,4.336277961730957
39,20,0.6479967832565308
39,21,0.415240079164505
39,22,2.7418112754821777
39,23,5.743752479553223
39,24,0.8485838174819946
39,25,2.7343225479125977
39,26,0.8625747561454773
39,27,0.1401049643754959
39,28,0.15076103806495667
39,29,0.08825871348381042
39,30,1.0413556098937988
39,31,1.7326486110687256
40,0,1.9863895177841187
40,1,0.13642553985118866
40,2,0.6426336765289307
40,3,0.15619829297065735
40,4,0.14286699891090393
40,5,0.40057921409606934
40,6,3.396580696105957
40,7,0.8214971423149109
40,8,2.148956060409546
40,9,0.06811794638633728
40,10,0.08708515763282776
40,11,0.34739139676094055
40,12,1.7559574842453003
40,13,11.33117961883545
40,14,0.45057806372642517
40,15,0.2845860719680786
40,16,0.05149221047759056
40,17,0.14195504784584045
40,18,0.5882182717323303
40,19,0.4626617729663849
40,20,1.2208380699157715
40,21,1.5310616493225098
40,22,0.260904997587204
40,23,0.33861207962036133
40,24,0.6719835996627808
40,25,0.3113628029823303
40,26,17.207040786743164
40,27,9.097667694091797
40,28,5.6870880126953125
40,29,0.8779739141464233
40,30,3.597846746444702
40,31,10.992243766784668
41,0,0.1390332728624344
41,1,0.9826406240463257
41,2,0.568934977054596
41,3,1.682847023010254
41,4,0.08963668346405029
41,5,0.4537429213523865
41,6,0.5153351426124573
41,7,9.757637977600098
41,8,7.957247257232666
41,9,17.298503875732422
41,10,0.2688606381416321
41,11,0.8355882167816162
41,12,0.046384457498788834
41,13,0.02739281766116619
41,14,3.7938313484191895
41,15,18.288646697998047
41,16,0.29955780506134033
41,17,0.22555400431156158
41,18,5.674461364746094
41,19,18.095111846923828
41,20,0.45037704706192017
41,21,0.8491700887680054
41,22,0.24553465843200684
41,23,0.7845232486724854
41,24,0.3947250247001648
41,25,5.082705974578857
41,26,9.189152717590332
41,27,14.561253547668457
41,28,3.1606521606445312
41,29,0.46632519364356995
41,30,0.3827875554561615
41,31,0.28577059507369995
42,0,12.825090408325195
42,1,15.181779861450195
42,2,0.3644128441810608
42,3,1.3507070541381836
42,4,5.623406410217285
42,5,8.119991302490234
42,6,19.396190643310547
42,7,23.11937141418457
42,8,18.17123794555664
42,9,11.591277122497559
42,10,2.3938634395599365
42,11,18.392541885375977
42,12,4.51507568359375
42,13,4.90130090713501
42,14,0.7582995891571045
42,15,5.335785388946533
42,16,9.119562149047852
42,17,6.227318286895752
42,18,2.1571335792541504
42,19,5.664945602416992
42,20,0.9695701003074646
42,21,2.313202142715454
42,22,20.368074417114258
42,23,2.0571062564849854
42,24,2.029496669769287
42,25,6.231744766235352
42,26,1.1504054069519043
42,27,1.6044923067092896
42,28,0.5575839877128601
42,29,0.9780609607696533
42,30,4.216195583343506
42,31,0.24747884273529053
43,0,0.181110218167305
43,1,0.4995744824409485
43,2,1.400362253189087
43,3,5.715441703796387
43,4,2.2173078060150146
43,5,4.6110148429870605
43,6,0.3506132960319519
43,7,0.1098499596118927
43,8,0.2782127857208252
43,9,0.26721975207328796
43,10,4.558177947998047
43,11,0.06333883851766586
43,12,4.941948890686035
43,13,0.48909780383110046
43,14,0.053535573184490204
43,15,0.15889830887317657
43,16,0.11426639556884766
43,17,0.163593128323555
43,18,0.5534984469413757
43,19,4.090412616729736
43,20,0.20377014577388763
43,21,0.07163161784410477
43,22,0.5938059687614441
43,23,0.12744230031967163
43,24,4.935277938842773
43,25,0.020158914849162102
43,26,1.5767672061920166
43,27,0.7100770473480225
43,28,2.0875260829925537
43,29,0.15893132984638214
43,30,2.3071107864379883
43,31,2.249298095703125
44,0,2.029730796813965
44,1,4.454233646392822
44,2,0.6514603495597839
44,3,1.6564931869506836
44,4,0.30960813164711
44,5,0.03695431724190712
44,6,2.7986834049224854
44,7,0.6413325071334839
44,8,0.20750059187412262
44,9,1.3077917098999023
44,10,1.6003447771072388
44,11,0.5473940968513489
44,12,1.3418201208114624
44,13,4.3578948974609375
44,14,2.0093801021575928
44,15,1.2711867094039917
44,16,3.889436721801758
44,17,0.023657986894249916
44,18,5.5507988929748535
44,19,11.278861999511719
44,20,0.5738543272018433
44,21,0.5404912829399109
44,22,4.293828964233398
44,23,13.990241050720215
44,24,0.8133556842803955
44,25,1.0750855207443237
44,26,10.980408668518066
44,27,9.303349494934082
44,28,4.692190647125244
44,29,6.576910972595215
44,30,10.502763748168945
44,31,0.7814537286758423
45,0,1.8488175868988037
45,1,0.6016239523887634
45,2,0.10999607294797897
45,3,0.633706271648407
45,4,0.28076401352882385
45,5,3.184643268585205
45,6,2.3845229148864746
45,7,1.2415039539337158
45,8,1.8416240215301514
45,9,0.25687456130981445
45,10,0.2968207895755768
45,11,0.19694064557552338
45,12,1.2714871168136597
45,13,1.5337629318237305
45,14,6.888061046600342
45,15,3.4918503761291504
45,16,1.2864772081375122
45,17,0.15973681211471558
45,18,0.4321710765361786
45,19,0.017280008643865585
45,20,8.000656127929688
45,21,1.020583152770996
45,22,17.412277221679688
45,23,2.7326040267944336
45,24,3.7926032543182373
45,25,0.2151949256658554
45,26,0.20689989626407623
45,27,3.041720151901245
45,28,0.9420493245124817
45,29,0.0681726410984993
45,30,10.19045352935791
45,31,0.16009709239006042
46,0,0.2784866988658905
46,1,1.498303771018982
46,2,0.1104622408747673
46,3,0.07010199874639511
46,4,0.2079160511493683
46,5,0.3433123528957367
46,6,0.44741156697273254
46,7,0.14988000690937042
46,8,0.701392650604248
46,9,0.3391772210597992
46,10,1.5627516508102417
46,11,6.820660591125488
46,12,0.02778918854892254
46,13,0.025300785899162292
46,14,1.5374279022216797
46,15,4.986479759216309
46,16,0.06085073947906494
46,17,0.2588788568973541
46,18,3.092557430267334
46,19,7.528079986572266
46,20,0.04410533234477043
46,21,0.06694626063108444
46,22,0.18676544725894928
46,23,0.05046727880835533
46,24,0.007238512393087149
46,25,3.254472017288208
46,26,0.6211726069450378
46,27,0.7486147880554199
46,28,2.196028470993042
46,29,1.086211085319519
46,30,1.3305798768997192
46,31,0.3126642405986786
47,0,8.093868255615234
47,1,10.19904899597168
47,2,6.678912162780762
47,3,0.5296655893325806
47,4,4.709239959716797
47,5,3.8485496044158936
47,6,4.1919050216674805
47,7,3.8173234462738037
47,8,4.78508996963501
47,9,3.4857139587402344
47,10,0.7640931606292725
47,11,5.2138543128967285
47,12,18.557069778442383
47,13,1.9505374431610107
47,14,5.533222675323486
47,15,5.359118938446045
47,16,2.3530733585357666
47,17,5.237039089202881
47,18,3.2385926246643066
47,19,1.288384199142456
47,20,3.812040328979492
47,21,6.054401397705078
47,22,5.616653919219971
47,23,0.889922559261322
47,24,2.371649742126465
47,25,0.8254580497741699
47,26,8.41821575164795
47,27,0.6104207038879395
47,28,2.012969493865967
47,29,1.8698865175247192
47,30,1.943831443786621
47,31,3.3217620849609375
48,0,0.010346520692110062
48,1,0.19212643802165985
48,2,0.2556218206882477
48,3,0.8115372061729431
48,4,0.5530956387519836
48,5,1.5033082962036133
48,6,5.121686935424805
48,7,8.230816841125488
48,8,0.21667282283306122
48,9,0.10893785953521729
48,10,0.024945328012108803
48,11,0.00930903572589159
48,12,5.369617938995361
48,13,0.6844543814659119
48,14,0.05284641683101654
48,15,0.4445095956325531
48,16,1.1840177774429321
48,17,0.6664137840270996
48,18,0.011100907810032368
48,19,0.01858641393482685
48,20,0.11005299538373947
48,21,0.1780974417924881
48,22,0.1026114821434021
48,23,0.1272192746400833
48,24,4.0203857421875
48,25,6.893330097198486
48,26,0.41018158197402954
48,27,8.734495162963867
48,28,0.8959074020385742
48,29,3.751446008682251
48,30,0.46460089087486267
48,31,0.027526725083589554
49,0,0.5645554065704346
49,1,1.9194601774215698
49,2,0.033757369965314865
49,3,0.6015419363975525
49,4,0.019052928313612938
49,5,0.02122493088245392
49,6,0.19005931913852692
49,7,0.2627819776535034
49,8,0.0464208610355854
49,9,0.020690692588686943
49,10,0.24259042739868164
49,11,0.20062628388404846
49,12,0.06028531491756439
49,13,1.4495512247085571
49,14,0.1294427067041397
49,15,0.27926167845726013
49,16,2.4460506439208984
49,17,5.340733051300049
49,18,2.963564872741699
49,19,1.93219792842865
49,20,0.49481236934661865
49,21,1.8866556882858276
49,22,0.010600202716886997
49,23,0.005644561257213354
49,24,0.485112726688385
49,25,0.10749804973602295
49,26,1.136362910270691
49,27,0.4072650671005249
49,28,0.07803008705377579
49,29,0.06638863682746887
49,30,0.3957613706588745
49,31,0.1425313651561737
50,0,6.5702924728393555
50,1,4.443234443664551
50,2,5.068253040313721
50,3,0.8613048791885376
50,4,0.08737588673830032
50,5,0.2831977307796478
50,6,0.02867749333381653
50,7,0.055127985775470734
50,8,3.8898043632507324
50,9,6.826727867126465
50,10,0.16539911925792694
50,11,0.6071779727935791
50,12,0.36945778131484985
50,13,10.300375938415527
50,14,0.14533206820487976
50,15,3.035005569458008
50,16,0.013713150285184383
50,17,0.5729489922523499
50,18,0.12324799597263336
50,19,0.11717396229505539
50,20,2.1076161861419678
50,21,2.756441831588745
50,22,0.748405933380127
50,23,0.30069300532341003
50,24,0.21312370896339417
50,25,0.1483532190322876
50,26,1.5247721672058105
50,27,0.9966880083084106
50,28,0.15789711475372314
50,29,0.0862068235874176
50,30,3.603013753890991
50,31,4.053317070007324
51,0,0.5129820108413696
51,1,1.630771517753601
51,2,0.05774690583348274
51,3,0.4315281808376312
51,4,2.534578323364258
51,5,12.032757759094238
51,6,0.03172701597213745
51,7,0.11510547250509262
51,8,0.025390034541487694
51,9,0.005650777835398912
51,10,0.32492223381996155
51,11,0.8691883683204651
51,12,0.028300391510128975
51,13,2.1669836044311523
51,14,1.1303503513336182
51,15,0.30467191338539124
51,16,4.454476356506348
51,17,0.7852358818054199
51,18,0.1399148404598236
51,19,0.0028285409789532423
51,20,0.45316311717033386
51,21,1.3964154720306396
51,22,0.1183471605181694
51,23,0.0016014582943171263
51,24,0.8428061604499817
51,25,0.8514495491981506
51,26,2.395921468734741
51,27,0.5748364925384521
51,28,0.2265903204679489
51,29,0.2077043056488037
51,30,2.5675880908966064
51,31,0.6605594754219055
52,0,12.601168632507324
52,1,1.4422519207000732
52,2,12.285859107971191
52,3,7.905291557312012
52,4,7.118979454040527
52,5,5.059568405151367
52,6,1.187922477722168
52,7,1.906380534172058
52,8,0.1667109727859497
52,9,1.5651944875717163
52,10,8.293123245239258
52,11,9.642373085021973
52,12,0.026929261162877083
52,13,0.03939107805490494
52,14,4.885136604309082
52,15,7.2875142097473145
52,16,0.6940940022468567
52,17,0.4477671682834625
52,18,1.7354063987731934
52,19,4.572230339050293
52,20,14.82047176361084
52,21,16.122861862182617
52,22,0.021774563938379288
52,23,0.04427521303296089
52,24,0.6357938647270203
52,25,0.3928247094154358
52,26,5.366810321807861
52,27,18.522876739501953
52,28,13.699799537658691
52,29,1.446055293083191
52,30,4.796712398529053
52,31,6.400151252746582
53,0,2.1817994117736816
53,1,0.17248599231243134
53,2,4.968535900115967
53,3,0.5795053243637085
53,4,1.722048044204712
53,5,0.33128517866134644
53,6,1.4765745401382446
53,7,0.5375241637229919
53,8,3.642580270767212
53,9,6.029783248901367
53,10,0.03819632902741432
53,11,2.9171464443206787
53,12,2.7536540031433105
53,13,2.1004409790039062
53,14,9.315247535705566
53,15,4.416964054107666
53,16,2.8459367752075195
53,17,2.031980037689209
53,18,0.380997896194458
53,19,8.459856986999512
53,20,2.7892422676086426
53,21,1.738394021987915
53,22,1.3366519212722778
53,23,4.908719062805176
53,24,0.4172459542751312
53,25,0.2984061539173126
53,26,1.8211218118667603
53,27,2.2541089057922363
53,28,0.44048044085502625
53,29,0.3739052414894104
53,30,3.4674596786499023
53,31,3.5647926330566406
54,0,6.960923194885254
54,1,13.597833633422852
54,2,2.3113574981689453
54,3,2.747053623199463
54,4,23.214698791503906
54,5,0.8183172941207886
54,6,6.380937576293945
54,7,8.464143753051758
54,8,4.323514938354492
54,9,4.277623653411865
54,10,4.002634048461914
54,11,8.32192325592041
54,12,6.062830448150635
54,13,3.846683979034424
54,14,12.948935508728027
54,15,2.7825427055358887
54,16,7.670323371887207
54,17,2.5920329093933105
54,18,6.849337100982666
54,19,0.9416899681091309
54,20,0.3510156273841858
54,21,0.9903649091720581
54,22,8.443687438964844
54,23,6.577113151550293
54,24,6.211099624633789
54,25,10.380244255065918
54,26,2.3392863273620605
54,27,2.1904592514038086
54,28,0.6702531576156616
54,29,0.3817962110042572
54,30,7.7122907638549805
54,31,10.564214706420898
55,0,4.28206205368042
55,1,4.0259246826171875
55,2,6.520508289337158
55,3,5.528909683227539
55,4,1.0240274667739868
55,5,0.5253027081489563
55,6,5.097944259643555
55,7,3.1884472370147705
55,8,0.2287854254245758
55,9,3.8247716426849365
55,10,1.8879145383834839
55,11,0.11321228742599487
55,12,8.015972137451172
55,13,0.5535292029380798
55,14,2.5504205226898193
55,15,3.1971848011016846
55,16,0.5968502163887024
55,17,1.0971057415008545
55,18,1.1665905714035034
55,19,1.2181216478347778
55,20,5.482664108276367
55,21,2.9630560874938965
55,22,1.0397014617919922
55,23,0.08459654450416565
55,24,2.54911208152771
55,25,2.6476752758026123
55,26,0.29872915148735046
55,27,0.44937562942504883
55,28,5.757244110107422
55,29,8.725383758544922
55,30,0.7215393781661987
55,31,7.107287883758545
56,0,6.27432107925415
56,1,4.92757511138916
56,2,3.913778305053711
56,3,1.9995386600494385
56,4,4.696714401245117
56,5,3.866507053375244
56,6,0.3923914432525635
56,7,0.21703535318374634
56,8,0.07906477898359299
56,9,0.10838326811790466
56,10,1.0009257793426514
56,11,0.18135802447795868
56,12,0.9243030548095703
56,13,1.4018772840499878
56,14,6.914702892303467
56,15,0.4311833381652832
56,16,1.8268080949783325
56,17,1.3759026527404785
56,18,1.0301176309585571
56,19,4.278197288513184
56,20,5.932716369628906
56,21,4.574826240539551
56,22,5.49427604675293
56,23,4.0159101486206055
56,24,0.7365755438804626
56,25,11.938241004943848
56,26,9.916853904724121
56,27,4.1614813804626465
56,28,0.8708047866821289
56,29,0.07827358692884445
56,30,1.9519531726837158
56,31,5.417449951171875
57,0,0.38241228461265564
57,1,0.7708339095115662
57,2,1.5375341176986694
57,3,0.30921345949172974
57,4,0.12386678904294968
57,5,0.18689022958278656
57,6,0.6535089015960693
57,7,2.2244441509246826
57,8,7.830294609069824
57,9,8.851048469543457
57,10,13.45780086517334
57,11,0.8447566032409668
57,12,0.3599402606487274
57,13,0.9518681168556213
57,14,0.3875511884689331
57,15,0.451608806848526
57,16,1.6496433019638062
57,17,0.46159982681274414
57,18,11.203557014465332
57,19,11.978469848632812
57,20,0.13911019265651703
57,21,0.7013224363327026
57,22,0.4867161810398102
57,23,0.158592090010643
57,24,0.29250407218933105
57,25,5.810210704803467
57,26,0.10058816522359848
57,27,0.7193831205368042
57,28,2.123106002807617
57,29,2.3551952838897705
57,30,0.613767683506012
57,31,0.6653793454170227
58,0,2.0975964069366455
58,1,2.78462290763855
58,2,5.326790809631348
58,3,6.611735820770264
58,4,9.666044235229492
58,5,1.5338448286056519
58,6,2.327728509902954
58,7,5.582399845123291
58,8,3.1374731063842773
58,9,3.814927339553833
58,10,1.5692849159240723
58,11,4.92557954788208
58,12,0.6269751787185669
58,13,0.20675262808799744
58,14,1.276476263999939
58,15,17.053319931030273
58,16,1.6722056865692139
58,17,1.2563642263412476
58,18,6.619540214538574
58,19,6.501277923583984
58,20,1.3345693349838257
58,21,2.999483585357666
58,22,0.5285760164260864
58,23,0.46323809027671814
58,24,2.205775260925293
58,25,1.995460033416748
58,26,1.0004276037216187
58,27,6.0069804191589355
58,28,3.450711965560913
58,29,3.330169916152954
58,30,3.287187337875366
58,31,2.3787105083465576
59,0,0.9955700635910034
59,1,1.6839380264282227
59,2,0.31608858704566956
59,3,0.27065443992614746
59,4,3.143765449523926
59,5,2.7798354625701904
59,6,2.9344468116760254
59,7,0.39763543009757996
59,8,2.01523756980896
59,9,3.9983725547790527
59,10,0.15920192003250122
59,11,0.7023355960845947
59,12,0.9595950841903687
59,13,0.5489199757575989
59,14,0.2584340572357178
59,15,0.8667719960212708
59,16,2.425678014755249
59,17,1.8817709684371948
59,18,2.5505666732788086
59,19,4.237651824951172
59,20,4.42011833190918
59,21,1.0142176151275635
59,22,0.16613073647022247
59,23,0.5604013204574585
59,24,0.1816476285457611
59,25,0.24504952132701874
59,26,1.3967385292053223
59,27,2.1167030334472656
59,28,2.5277042388916016
59,29,3.056072235107422
59,30,0.40132004022598267
59,31,0.31243178248405457
60,0,14.946678161621094
60,1,3.7690422534942627
60,2,10.42311954498291
60,3,2.148958444595337
60,4,2.638944149017334
60,5,13.658034324645996
60,6,5.0559492111206055
60,7,7.516763687133789
60,8,6.417253017425537
60,9,9.897022247314453
60,10,3.1125693321228027
60,11,1.8256818056106567
60,12,9.54409122467041
60,13,1.1279045343399048
60,14,0.0768582671880722
60,15,0.1694657951593399
60,16,5.179429054260254
60,17,0.5768416523933411
60,18,8.034407615661621
60,19,3.1688408851623535
60,20,11.895173072814941
60,21,2.60867977142334
60,22,5.2492547035217285
60,23,7.446182727813721
60,24,8.124414443969727
60,25,3.1647603511810303
60,26,2.6216070652008057
60,27,11.76526165008545
60,28,0.7219220995903015
60,29,1.878469705581665
60,30,18.910066604614258
60,31,12.105880737304688
61,0,0.9617065787315369
61,1,1.515091061592102
61,2,0.11917368322610855
61,3,0.15035372972488403
61,4,8.103428840637207
61,5,6.848691463470459
61,6,0.3804363012313843
61,7,0.7307460308074951
61,8,1.6238579750061035
61,9,1.0047162771224976
61,10,2.2674107551574707
61,11,5.881761074066162
61,12,3.860508680343628
61,13,6.365215301513672
61,14,1.5902013778686523
61,15,0.9514341354370117
61,16,4.950062274932861
61,17,0.653455913066864
61,18,0.48119351267814636
61,19,4.829445838928223
61,20,0.16896739602088928
61,21,1.1021846532821655
61,22,5.456402778625488
61,23,8.977560997009277
61,24,1.5994871854782104
61,25,5.9186201095581055
61,26,0.2665691375732422
61,27,0.3170205056667328
61,28,1.3137847185134888
61,29,0.8296447992324829
61,30,10.06960678100586
61,31,7.46868371963501
