layer,head,cell,rsa_max,perturbation_L2,importance_quartile
0,0,hilp,0.5253496170043945,0.09394801408052444,Q3
0,1,D,0.13731959462165833,0.09500814229249954,Q1
0,2,D,0.38070982694625854,0.08993294090032578,Q1
0,3,D,0.3386577367782593,0.0745587944984436,Q1
0,4,D,0.359872430562973,0.09487446397542953,Q1
0,5,D,0.08221380412578583,0.06154985353350639,Q1
0,6,D,0.09543628245592117,0.09626247733831406,Q1
0,7,D,0.0678907036781311,0.06711513549089432,Q1
0,8,D,0.045328520238399506,0.08600372076034546,Q1
0,9,D,0.09869922697544098,0.06800317764282227,Q1
0,10,hilp,0.5232083797454834,0.0981166884303093,Q3
0,11,D,0.39856505393981934,0.08813124895095825,Q1
0,12,D,0.4261651635169983,0.007742817047983408,Q1
0,13,D,0.31293192505836487,0.10808785259723663,Q1
0,14,D,0.4622073769569397,0.01044375542551279,Q2
0,15,D,0.10733973979949951,0.05454415827989578,Q1
0,16,D,0.5030239820480347,0.13283690810203552,Q2
0,17,D,0.13159877061843872,0.09777066856622696,Q1
0,18,D,0.09659944474697113,0.05534582585096359,Q1
0,19,D,0.03562554717063904,0.06984364241361618,Q1
0,20,D,0.07463303208351135,0.054117005318403244,Q1
0,21,D,0.08565619587898254,0.02734963223338127,Q1
0,22,D,0.4082687497138977,0.10981433838605881,Q1
0,23,D,0.08341754972934723,0.05839284509420395,Q1
0,24,D,0.05982453003525734,0.056527283042669296,Q1
0,25,D,0.3842240571975708,0.11768932640552521,Q1
0,26,D,0.17712756991386414,0.12291362881660461,Q1
0,27,hilp,0.5921194553375244,0.059630393981933594,Q3
0,28,hilp,0.5700744390487671,0.07901091873645782,Q3
0,29,D,0.462621808052063,0.033673834055662155,Q2
0,30,D,0.2828482389450073,0.049548715353012085,Q1
0,31,D,0.11097534000873566,0.017335480079054832,Q1
0,32,D,0.4033910632133484,0.008577700704336166,Q1
0,33,D,0.1318313032388687,0.08373655378818512,Q1
0,34,D,0.17393052577972412,0.04471185430884361,Q1
0,35,D,0.3051835298538208,0.02967264875769615,Q1
0,36,D,0.2854768633842468,0.04728003591299057,Q1
0,37,D,0.23407483100891113,0.05050685629248619,Q1
0,38,D,0.20732760429382324,0.07849105447530746,Q1
0,39,D,0.3643079698085785,0.035247333347797394,Q1
1,0,D,0.27931082248687744,0.015806106850504875,Q1
1,1,D,0.39906182885169983,0.01751602627336979,Q1
1,2,D,0.18189001083374023,0.013455756939947605,Q1
1,3,D,0.3174417018890381,0.014679083600640297,Q1
1,4,D,0.38047441840171814,0.017760757356882095,Q1
1,5,hilp,0.6204043626785278,0.1048383116722107,Q3
1,6,D,0.49712836742401123,0.03594549000263214,Q2
1,7,D,0.41632479429244995,0.02670370414853096,Q1
1,8,D,0.4242619276046753,0.07517871260643005,Q1
1,9,D,0.4910081624984741,0.05145078897476196,Q2
1,10,D,0.19990670680999756,0.017857477068901062,Q1
1,11,D,0.36550477147102356,0.017532316967844963,Q1
1,12,D,0.37945133447647095,0.023165619000792503,Q1
1,13,D,0.34819188714027405,0.017102189362049103,Q1
1,14,D,0.28652632236480713,0.014540478587150574,Q1
1,15,D,0.4537690281867981,0.03139889985322952,Q2
1,16,hilp,0.5143475532531738,0.09220796078443527,Q3
1,17,D,0.4941103160381317,0.027434080839157104,Q2
1,18,D,0.4864687919616699,0.05338742583990097,Q2
1,19,D,0.34962892532348633,0.020346321165561676,Q1
1,20,hilp,0.5172538161277771,0.0552181638777256,Q3
1,21,D,0.11504150927066803,0.03422332555055618,Q1
1,22,D,0.35049939155578613,0.04140332713723183,Q1
1,23,D,0.4253658056259155,0.03375633433461189,Q1
1,24,D,0.4118548333644867,0.024172207340598106,Q1
1,25,D,0.29644888639450073,0.04738175868988037,Q1
1,26,D,0.2499900907278061,0.04563542455434799,Q1
1,27,D,0.4523973762989044,0.023212924599647522,Q2
1,28,D,0.33601322770118713,0.029092412441968918,Q1
1,29,D,0.42691129446029663,0.04758793115615845,Q1
1,30,D,0.39108890295028687,0.015506318770349026,Q1
1,31,D,0.38498011231422424,0.012967978604137897,Q1
1,32,D,0.4353436231613159,0.013382459059357643,Q1
1,33,D,0.4377266764640808,0.012243427336215973,Q1
1,34,D,0.44125643372535706,0.01301989983767271,Q1
1,35,D,0.3193751573562622,0.02179245837032795,Q1
1,36,D,0.4213069677352905,0.021338356658816338,Q1
1,37,D,0.3723595440387726,0.04364103078842163,Q1
1,38,hilp,0.5271328687667847,0.032938793301582336,Q3
1,39,D,0.43746131658554077,0.02729511447250843,Q1
2,0,D,0.5029441118240356,0.06055957078933716,Q2
2,1,D,0.4943702518939972,0.04889265075325966,Q2
2,2,D,0.47818589210510254,0.06341151893138885,Q2
2,3,D,0.40074533224105835,0.03719226270914078,Q1
2,4,D,0.4937390983104706,0.056729525327682495,Q2
2,5,D,0.4042224586009979,0.03079633042216301,Q1
2,6,D,0.34475672245025635,0.02541450411081314,Q1
2,7,D,0.3777751624584198,0.026305530220270157,Q1
2,8,D,0.3446556627750397,0.022970549762248993,Q1
2,9,D,0.33331024646759033,0.024564405903220177,Q1
2,10,D,0.3900260329246521,0.04741532355546951,Q1
2,11,D,0.37467893958091736,0.046805981546640396,Q1
2,12,D,0.47825196385383606,0.06107547506690025,Q2
2,13,D,0.352100133895874,0.0399344377219677,Q1
2,14,D,0.41217824816703796,0.06509846448898315,Q1
2,15,D,0.39869171380996704,0.03812547028064728,Q1
2,16,D,0.34728968143463135,0.041549671441316605,Q1
2,17,D,0.40375661849975586,0.11558859050273895,Q1
2,18,D,0.4290311336517334,0.0577358677983284,Q1
2,19,D,0.37387457489967346,0.03930461034178734,Q1
2,20,D,0.4983288049697876,0.06388571858406067,Q2
2,21,D,0.4919225871562958,0.09155711531639099,Q2
2,22,D,0.24991747736930847,0.058595381677150726,Q1
2,23,D,0.4536554217338562,0.05549853295087814,Q2
2,24,D,0.3981189727783203,0.046619806438684464,Q1
2,25,D,0.1394239068031311,0.06892111152410507,Q1
2,26,D,0.09858369827270508,0.07830612361431122,Q1
2,27,D,0.47189003229141235,0.05405469238758087,Q2
2,28,D,0.28854626417160034,0.04376048222184181,Q1
2,29,hilp,0.5130362510681152,0.06884462386369705,Q3
2,30,D,0.471812903881073,0.035439711064100266,Q2
2,31,D,0.38912099599838257,0.044404707849025726,Q1
2,32,D,0.467888742685318,0.04606044292449951,Q2
2,33,D,0.45225805044174194,0.03829076886177063,Q2
2,34,D,0.4400404989719391,0.03473443537950516,Q1
2,35,D,0.48945704102516174,0.046289533376693726,Q2
2,36,D,0.4799671173095703,0.2262697070837021,Q2
2,37,D,0.31759265065193176,0.06284679472446442,Q1
2,38,hilp,0.52257239818573,0.051727477461099625,Q3
2,39,D,0.4543858468532562,0.04283587634563446,Q2
3,0,D,0.48921671509742737,0.08598636090755463,Q2
3,1,D,0.36170852184295654,0.08693776279687881,Q1
3,2,D,0.4751659631729126,0.06015091389417648,Q2
3,3,D,0.5070276856422424,0.14227211475372314,Q2
3,4,D,0.49424970149993896,0.13942427933216095,Q2
3,5,D,0.4924672245979309,0.10409649461507797,Q2
3,6,D,0.5052838921546936,0.13027702271938324,Q2
3,7,D,0.4447227120399475,0.08522572368383408,Q1
3,8,D,0.47198939323425293,0.07746731489896774,Q2
3,9,hilp,0.5295777916908264,0.10167595744132996,Q3
3,10,D,0.4737739861011505,0.08939463645219803,Q2
3,11,D,0.45168328285217285,0.07440410554409027,Q2
3,12,D,0.4943539500236511,0.10215497761964798,Q2
3,13,D,0.4294007122516632,0.07644202560186386,Q1
3,14,D,0.46925443410873413,0.09451930969953537,Q2
3,15,hilp,0.5175191164016724,0.08894727379083633,Q3
3,16,D,0.40109705924987793,0.08633537590503693,Q1
3,17,D,0.46214887499809265,0.10116405785083771,Q2
3,18,D,0.4482741951942444,0.08874829858541489,Q2
3,19,D,0.4469994902610779,0.1285151094198227,Q2
3,20,D,0.4774995446205139,0.08013350516557693,Q2
3,21,D,0.46126866340637207,0.09601309895515442,Q2
3,22,D,0.4918697476387024,0.11887402832508087,Q2
3,23,D,0.3188045024871826,0.08091815561056137,Q1
3,24,D,0.3237107992172241,0.11340693384408951,Q1
3,25,D,0.5028146505355835,0.1752263903617859,Q2
3,26,D,0.48402512073516846,0.20239177346229553,Q2
3,27,D,0.3991348445415497,0.11248171329498291,Q1
3,28,D,0.17425234615802765,0.1356644332408905,Q1
3,29,D,0.4862309694290161,0.11553914844989777,Q2
3,30,D,0.49474000930786133,0.05986541882157326,Q2
3,31,D,0.5016945004463196,0.07423125207424164,Q2
3,32,D,0.499747633934021,0.06140971556305885,Q2
3,33,D,0.5033694505691528,0.07561016827821732,Q2
3,34,D,0.422659307718277,0.1053914949297905,Q1
3,35,D,0.495383620262146,0.07471462339162827,Q2
3,36,D,0.4839167892932892,0.09634087234735489,Q2
3,37,D,0.4989960789680481,0.08657677471637726,Q2
3,38,hilp,0.515208899974823,0.10423747450113297,Q3
3,39,D,0.4976279139518738,0.0869276151061058,Q2
4,0,D,0.49226707220077515,0.13735873997211456,Q2
4,1,D,0.3995499908924103,0.1038312166929245,Q1
4,2,D,0.4995471239089966,0.1435786634683609,Q2
4,3,D,0.49451500177383423,0.1518046110868454,Q2
4,4,D,0.49725860357284546,0.1454387754201889,Q2
4,5,D,0.397912859916687,0.19822734594345093,Q1
4,6,D,0.4957475960254669,0.20544901490211487,Q2
4,7,D,0.42105695605278015,0.20658043026924133,Q1
4,8,D,0.4953969717025757,0.16409891843795776,Q2
4,9,D,0.4529418349266052,0.26151981949806213,Q2
4,10,D,0.45781001448631287,0.153950035572052,Q2
4,11,D,0.4447527229785919,0.10115665942430496,Q1
4,12,D,0.2865084707736969,0.11253543198108673,Q1
4,13,hilp,0.5180648565292358,0.20065395534038544,Q3
4,14,D,0.4338947534561157,0.09623823314905167,Q1
4,15,D,0.3657491207122803,0.10374817252159119,Q1
4,16,D,0.395547091960907,0.15507705509662628,Q1
4,17,D,0.47946107387542725,0.11972001194953918,Q2
4,18,D,0.07589560747146606,0.09412536770105362,Q1
4,19,D,0.23800550401210785,0.1314905434846878,Q1
4,20,D,0.33287763595581055,0.09391085058450699,Q1
4,21,D,0.39487743377685547,0.09020401537418365,Q1
4,22,D,0.4436836838722229,0.07309402525424957,Q1
4,23,D,0.4788437485694885,0.07218735665082932,Q2
4,24,D,0.40173670649528503,0.10449305176734924,Q1
4,25,D,0.47442132234573364,0.11240047216415405,Q2
4,26,D,0.4956497550010681,0.10958744585514069,Q2
4,27,D,0.5014640092849731,0.090842604637146,Q2
4,28,D,0.49991002678871155,0.08461353927850723,Q2
4,29,D,0.4783092141151428,0.1590137928724289,Q2
4,30,D,0.48009419441223145,0.14344216883182526,Q2
4,31,D,0.4749966859817505,0.10416513681411743,Q2
4,32,D,0.49690961837768555,0.15795476734638214,Q2
4,33,D,0.4611557722091675,0.09912619739770889,Q2
4,34,D,0.49232959747314453,0.11484744399785995,Q2
4,35,D,0.4917990565299988,0.13074557483196259,Q2
4,36,D,0.4925698935985565,0.08473984897136688,Q2
4,37,D,0.4480741322040558,0.09460103511810303,Q2
4,38,D,0.4219295382499695,0.08815114200115204,Q1
4,39,D,0.495986670255661,0.08235327899456024,Q2
5,0,D,0.37142205238342285,0.03532707691192627,Q1
5,1,hilp,0.5159645080566406,0.22898077964782715,Q3
5,2,D,0.5069010257720947,0.23563268780708313,Q2
5,3,D,0.2637207508087158,0.007379541173577309,Q1
5,4,D,0.5073906183242798,0.08895067125558853,Q2
5,5,D,0.4334981143474579,0.06713598966598511,Q1
5,6,D,0.3229648172855377,0.03855643793940544,Q1
5,7,D,0.4333127737045288,0.10528159886598587,Q1
5,8,D,0.49039340019226074,0.04427659884095192,Q2
5,9,D,0.48138636350631714,0.15014369785785675,Q2
5,10,D,0.490609347820282,0.030688820406794548,Q2
5,11,D,0.44981682300567627,0.04945308342576027,Q2
5,12,D,0.42335042357444763,0.05689137428998947,Q1
5,13,D,0.4829789102077484,0.009933502413332462,Q2
5,14,D,0.42643558979034424,0.009231476113200188,Q1
5,15,D,0.3389453887939453,0.03280657157301903,Q1
5,16,D,0.46052101254463196,0.27867305278778076,Q2
5,17,D,0.1535927802324295,0.11454105377197266,Q1
5,18,D,0.13994622230529785,0.07455792278051376,Q1
5,19,D,0.3211076855659485,0.05025496706366539,Q1
5,20,D,0.11008203029632568,0.0626995861530304,Q1
5,21,D,0.34319061040878296,0.02275167778134346,Q1
5,22,D,0.4915487766265869,0.23885035514831543,Q2
5,23,D,0.36690860986709595,0.009178198873996735,Q1
5,24,D,0.46318551898002625,0.008830432780086994,Q2
5,25,hilp,0.5134850740432739,0.1521376073360443,Q3
5,26,D,0.49295830726623535,0.39283648133277893,Q2
5,27,hilp,0.524649977684021,0.10734862089157104,Q3
5,28,D,0.48990267515182495,0.10648825019598007,Q2
5,29,D,0.4691615402698517,0.03537116199731827,Q2
5,30,D,0.3215630352497101,0.03194550424814224,Q1
5,31,D,0.31341129541397095,0.041669201105833054,Q1
5,32,D,0.0720299482345581,0.005497194826602936,Q1
5,33,D,0.45104095339775085,0.07152705639600754,Q2
5,34,D,0.18413352966308594,0.01385735534131527,Q1
5,35,D,0.48960810899734497,0.040786389261484146,Q2
5,36,D,0.4909428358078003,0.3260170519351959,Q2
5,37,D,0.4793381094932556,0.058684639632701874,Q2
5,38,D,0.4128694534301758,0.1267603039741516,Q1
5,39,D,0.48938316106796265,0.08495908230543137,Q2
6,0,D,0.3026798665523529,0.20531734824180603,Q1
6,1,hilp,0.5574601888656616,0.1718032956123352,Q3
6,2,D,0.489978551864624,0.10957324504852295,Q2
6,3,hilp,0.5523967742919922,0.10141635686159134,Q3
6,4,D,0.4964336156845093,0.23905999958515167,Q2
6,5,D,0.49321073293685913,0.33473020792007446,Q2
6,6,D,0.48283571004867554,0.10684624314308167,Q2
6,7,D,0.4900062084197998,0.04265328496694565,Q2
6,8,C,0.4983491003513336,1.8454257249832153,Q2
6,9,D,0.48912909626960754,0.29206061363220215,Q2
6,10,hilp,0.6948617696762085,0.04559558629989624,Q4
6,11,D,0.48920053243637085,0.14179997146129608,Q2
6,12,D,0.47970259189605713,0.09351039677858353,Q2
6,13,D,0.1712750792503357,0.04422453045845032,Q1
6,14,D,0.4904910922050476,0.3197689950466156,Q2
6,15,D,0.5055224895477295,0.2195901721715927,Q2
6,16,D,0.5030201077461243,0.2742650508880615,Q2
6,17,D,0.5023823976516724,0.06910906732082367,Q2
6,18,D,0.4635385274887085,0.23634806275367737,Q2
6,19,D,0.35948896408081055,0.058691252022981644,Q1
6,20,D,0.49355655908584595,0.2025756686925888,Q2
6,21,D,0.4040476083755493,0.024494370445609093,Q1
6,22,D,0.5090987682342529,0.16550707817077637,Q2
6,23,D,0.36877191066741943,0.05286535248160362,Q1
6,24,D,0.3399827480316162,0.05131641775369644,Q1
6,25,D,0.47344881296157837,0.060995228588581085,Q2
6,26,D,0.4995958209037781,0.24442864954471588,Q2
6,27,hilp,0.585362434387207,0.10398220270872116,Q3
6,28,D,0.4414629638195038,0.2643657624721527,Q1
6,29,D,0.4326304793357849,0.04649636894464493,Q1
6,30,D,0.48924434185028076,0.027356920763850212,Q2
6,31,C,0.4917253255844116,0.7722009420394897,Q2
6,32,D,0.49434471130371094,0.24705033004283905,Q2
6,33,D,0.5003455281257629,0.024550260975956917,Q2
6,34,D,0.48716801404953003,0.14330671727657318,Q2
6,35,D,0.47800689935684204,0.18308863043785095,Q2
6,36,D,0.48202192783355713,0.11277680099010468,Q2
6,37,D,0.47828373312950134,0.0865403413772583,Q2
6,38,D,0.11537713557481766,0.0850915014743805,Q1
6,39,D,0.4911198019981384,0.27279582619667053,Q2
7,0,D,0.4637158513069153,0.03742246702313423,Q2
7,1,D,0.492603600025177,0.12337233871221542,Q2
7,2,D,0.41916292905807495,0.022541480138897896,Q1
7,3,D,0.1389169692993164,0.031002070754766464,Q1
7,4,D,0.42764994502067566,0.05044301599264145,Q1
7,5,D,0.47626495361328125,0.24746213853359222,Q2
7,6,D,0.49831458926200867,0.0761653482913971,Q2
7,7,D,0.4751128554344177,0.05424155667424202,Q2
7,8,D,0.37787744402885437,0.046281132847070694,Q1
7,9,D,0.3483622670173645,0.14788758754730225,Q1
7,10,D,0.49080970883369446,0.30210840702056885,Q2
7,11,hilp,0.5426824688911438,0.15741850435733795,Q3
7,12,D,0.32457008957862854,0.1672421544790268,Q1
7,13,D,0.5002208948135376,0.09169119596481323,Q2
7,14,D,0.4981035590171814,0.08483918756246567,Q2
7,15,D,0.2280435860157013,0.03339303657412529,Q1
7,16,D,0.46228286623954773,0.04803033918142319,Q2
7,17,D,0.11032433807849884,0.06954710185527802,Q1
7,18,D,0.5000312924385071,0.23157934844493866,Q2
7,19,D,0.49621766805648804,0.08870474249124527,Q2
7,20,D,0.49560436606407166,0.04483144357800484,Q2
7,21,D,0.4254547953605652,0.041786517947912216,Q1
7,22,D,0.4890747666358948,0.28420305252075195,Q2
7,23,D,0.5075938701629639,0.09700775891542435,Q2
7,24,hilp,0.6021429896354675,0.09610085934400558,Q3
7,25,C,0.49272170662879944,0.9467786550521851,Q2
7,26,D,0.4857679307460785,0.14341722428798676,Q2
7,27,D,0.49875327944755554,0.20690320432186127,Q2
7,28,D,0.0772337019443512,0.009402252733707428,Q1
7,29,D,0.18640866875648499,0.02003168687224388,Q1
7,30,D,0.48516446352005005,0.07373719662427902,Q2
7,31,D,0.5087380409240723,0.19493569433689117,Q2
7,32,D,0.34117230772972107,0.03943297266960144,Q1
7,33,D,0.5023000240325928,0.22216469049453735,Q2
7,34,D,0.30049073696136475,0.0867178663611412,Q1
7,35,D,0.5021015405654907,0.18645161390304565,Q2
7,36,D,0.3112993836402893,0.2004709094762802,Q1
7,37,D,0.4751991629600525,0.3553045392036438,Q2
7,38,D,0.4929724931716919,0.24874192476272583,Q2
7,39,C,0.5006726384162903,0.6007454991340637,Q2
8,0,D,0.5064388513565063,0.15292711555957794,Q2
8,1,D,0.4947419762611389,0.08870986849069595,Q2
8,2,D,0.4086019992828369,0.09598299115896225,Q1
8,3,D,0.25613588094711304,0.05280441418290138,Q1
8,4,D,0.452036052942276,0.06488999724388123,Q2
8,5,D,0.28864648938179016,0.14446362853050232,Q1
8,6,D,0.4556516408920288,0.18631163239479065,Q2
8,7,D,0.3883470296859741,0.20098668336868286,Q1
8,8,D,0.4806712865829468,0.07385876029729843,Q2
8,9,D,0.5023454427719116,0.2504492998123169,Q2
8,10,D,0.5015897750854492,0.1705074906349182,Q2
8,11,D,0.4677905738353729,0.2914094030857086,Q2
8,12,D,0.4966336190700531,0.40797483921051025,Q2
8,13,D,0.4484819769859314,0.14809401333332062,Q2
8,14,D,0.5066629648208618,0.2794678211212158,Q2
8,15,D,0.4144802689552307,0.027012024074792862,Q1
8,16,D,0.49592819809913635,0.14988133311271667,Q2
8,17,D,0.5002720355987549,0.42200225591659546,Q2
8,18,D,0.4854676127433777,0.016205918043851852,Q2
8,19,D,0.5015391111373901,0.24858175218105316,Q2
8,20,D,0.4936668872833252,0.021903416141867638,Q2
8,21,D,0.4883100986480713,0.03618199750781059,Q2
8,22,D,0.49520909786224365,0.33849450945854187,Q2
8,23,D,0.49334701895713806,0.033322516828775406,Q2
8,24,D,0.3416808247566223,0.010681829415261745,Q1
8,25,D,0.4867062568664551,0.09600774943828583,Q2
8,26,D,0.20268873870372772,0.05664193630218506,Q1
8,27,D,0.4460725784301758,0.27464213967323303,Q2
8,28,D,0.4946323037147522,0.2818201780319214,Q2
8,29,D,0.49468669295310974,0.0557020865380764,Q2
8,30,D,0.49138563871383667,0.0066307708621025085,Q2
8,31,D,0.13996800780296326,0.0006115215946920216,Q1
8,32,D,0.057835862040519714,0.022373581305146217,Q1
8,33,D,0.4316776394844055,0.003389869350939989,Q1
8,34,D,0.4793660640716553,0.13298651576042175,Q2
8,35,D,0.4898937940597534,0.029606971889734268,Q2
8,36,hilp,0.521594762802124,0.2326498031616211,Q3
8,37,D,0.3002265393733978,0.04317762330174446,Q1
8,38,D,0.4851846694946289,0.0978018045425415,Q2
8,39,D,0.5100606083869934,0.31315889954566956,Q2
9,0,D,0.4878515601158142,0.011395388282835484,Q2
9,1,hilp,0.5121638178825378,0.22699129581451416,Q3
9,2,D,0.5049879550933838,0.3422008752822876,Q2
9,3,D,0.5025033950805664,0.21412985026836395,Q2
9,4,D,0.4850381910800934,0.03459301218390465,Q2
9,5,D,0.4721059203147888,0.013329699635505676,Q2
9,6,D,0.4917736053466797,0.03719709813594818,Q2
9,7,D,0.5032850503921509,0.2581719160079956,Q2
9,8,D,0.5074079036712646,0.3285500109195709,Q2
9,9,D,0.5037281513214111,0.3661215603351593,Q2
9,10,D,0.5048406720161438,0.3895533084869385,Q2
9,11,D,0.5042351484298706,0.3451779782772064,Q2
9,12,D,0.5000342130661011,0.28877076506614685,Q2
9,13,hilp,0.516804575920105,0.5927660465240479,Q3
9,14,D,0.4594857096672058,0.2018500417470932,Q2
9,15,D,0.5059335827827454,0.1721307784318924,Q2
9,16,D,0.4940183758735657,0.04765397310256958,Q2
9,17,D,0.49273139238357544,0.16945858299732208,Q2
9,18,D,0.49292051792144775,0.07724617421627045,Q2
9,19,D,0.49729838967323303,0.22210371494293213,Q2
9,20,D,0.496864914894104,0.03184163197875023,Q2
9,21,hilp,0.5127829313278198,0.3190405070781708,Q3
9,22,D,0.5067760944366455,0.22300609946250916,Q2
9,23,D,0.509574830532074,0.3661055564880371,Q2
9,24,D,0.4900771379470825,0.010563099756836891,Q2
9,25,D,0.47837579250335693,0.36595842242240906,Q2
9,26,D,0.4179611802101135,0.20560607314109802,Q1
9,27,D,0.3973827362060547,0.09589851647615433,Q1
9,28,D,0.28178122639656067,0.02447410486638546,Q1
9,29,D,0.47825005650520325,0.025932680815458298,Q2
9,30,D,0.505282998085022,0.07180438190698624,Q2
9,31,D,0.19226747751235962,0.1178840845823288,Q1
9,32,D,0.19646064937114716,0.15134365856647491,Q1
9,33,D,0.4987955689430237,0.25677385926246643,Q2
9,34,hilp,0.5294803380966187,0.11693590879440308,Q3
9,35,D,0.4626481533050537,0.0139164412394166,Q2
9,36,D,0.5065540671348572,0.11412562429904938,Q2
9,37,D,0.5082488656044006,0.523724377155304,Q2
9,38,D,0.4818928837776184,0.15112966299057007,Q2
9,39,D,0.39348986744880676,0.04158022627234459,Q1
10,0,D,0.49555373191833496,0.031513165682554245,Q2
10,1,D,0.48498547077178955,0.010762551799416542,Q2
10,2,D,0.5034538507461548,0.02389155887067318,Q2
10,3,D,0.4459661841392517,0.04295375943183899,Q1
10,4,D,0.491244375705719,0.03571554273366928,Q2
10,5,D,0.4992590844631195,0.22825904190540314,Q2
10,6,D,0.49637871980667114,0.17410345375537872,Q2
10,7,D,0.24986474215984344,0.14641085267066956,Q1
10,8,D,0.36537864804267883,0.24140343070030212,Q1
10,9,D,0.4419730305671692,0.11727530509233475,Q1
10,10,D,0.48883694410324097,0.20123140513896942,Q2
10,11,D,0.5048182606697083,0.3729180097579956,Q2
10,12,hilp,0.5352996587753296,0.34859800338745117,Q3
10,13,D,0.4974786937236786,0.32238128781318665,Q2
10,14,hilp,0.514687716960907,0.19379575550556183,Q3
10,15,D,0.4913958013057709,0.38343724608421326,Q2
10,16,D,0.5082802176475525,0.0830034613609314,Q2
10,17,D,0.49656906723976135,0.3085568845272064,Q2
10,18,hilp,0.5134389400482178,0.06464885920286179,Q3
10,19,hilp,0.5728363990783691,0.15759462118148804,Q3
10,20,D,0.4056495428085327,0.08494588732719421,Q1
10,21,hilp,0.5623565912246704,0.025271032005548477,Q3
10,22,D,0.3977680206298828,0.011741011403501034,Q1
10,23,D,0.5108674764633179,0.1624090075492859,Q2
10,24,D,0.3967553973197937,0.02025485225021839,Q1
10,25,D,0.49496281147003174,0.0897078737616539,Q2
10,26,D,0.5023559927940369,0.19137629866600037,Q2
10,27,D,0.4305054843425751,0.06381961703300476,Q1
10,28,D,0.499411940574646,0.22632858157157898,Q2
10,29,D,0.5035990476608276,0.30136486887931824,Q2
10,30,D,0.45907288789749146,0.01121918298304081,Q2
10,31,D,0.49984055757522583,0.05797659978270531,Q2
10,32,D,0.5008316040039062,0.1843433827161789,Q2
10,33,hilp,0.5196985006332397,0.04967749863862991,Q3
10,34,D,0.4813949167728424,0.015601514838635921,Q2
10,35,hilp,0.5572823286056519,0.17694585025310516,Q3
10,36,D,0.5015565156936646,0.20454274117946625,Q2
10,37,D,0.37395042181015015,0.14085498452186584,Q1
10,38,D,0.46266958117485046,0.018486013635993004,Q2
10,39,C,0.5079376101493835,0.6040143370628357,Q2
11,0,D,0.5023775696754456,0.18220305442810059,Q2
11,1,D,0.48736441135406494,0.03413832187652588,Q2
11,2,D,0.5045520663261414,0.08657366782426834,Q2
11,3,D,0.4855446517467499,0.048031412065029144,Q2
11,4,D,0.47743797302246094,0.029430944472551346,Q2
11,5,D,0.4929857850074768,0.4294152855873108,Q2
11,6,D,0.49265068769454956,0.19125507771968842,Q2
11,7,D,0.5036929845809937,0.5699799060821533,Q2
11,8,D,0.5030414462089539,0.2788301706314087,Q2
11,9,D,0.4602004289627075,0.09836097061634064,Q2
11,10,D,0.5042492747306824,0.17332540452480316,Q2
11,11,D,0.27050721645355225,0.054832786321640015,Q1
11,12,D,0.5048024654388428,0.11486782133579254,Q2
11,13,D,0.3463175892829895,0.036208197474479675,Q1
11,14,D,0.2372489869594574,0.11390835046768188,Q1
11,15,D,0.5109978318214417,0.2936194837093353,Q2
11,16,D,0.32942670583724976,0.06092158332467079,Q1
11,17,D,0.4962882995605469,0.10932501405477524,Q2
11,18,D,0.49920713901519775,0.16646593809127808,Q2
11,19,D,0.5119003057479858,0.08816168457269669,Q2
11,20,D,0.38489001989364624,0.1899961233139038,Q1
11,21,D,0.3803822994232178,0.07904504239559174,Q1
11,22,D,0.49926474690437317,0.1345430612564087,Q2
11,23,D,0.47202956676483154,0.047393448650836945,Q2
11,24,D,0.4950930178165436,0.03338056430220604,Q2
11,25,D,0.3912756145000458,0.07890643179416656,Q1
11,26,hilp,0.5159299969673157,0.09881231933832169,Q3
11,27,D,0.4847991168498993,0.027211584150791168,Q2
11,28,hilp,0.542750358581543,0.4701363742351532,Q3
11,29,D,0.5062516331672668,0.12418889999389648,Q2
11,30,D,0.48952168226242065,0.01136306207627058,Q2
11,31,D,0.5051348805427551,0.08693909645080566,Q2
11,32,D,0.4965783953666687,0.02484940178692341,Q2
11,33,D,0.5114306807518005,0.1414813995361328,Q2
11,34,D,0.5052550435066223,0.08591330051422119,Q2
11,35,D,0.3631695508956909,0.2046622335910797,Q1
11,36,D,0.5062175989151001,0.22925905883312225,Q2
11,37,D,0.4795082211494446,0.08400505036115646,Q2
11,38,D,0.5030832886695862,0.2686191201210022,Q2
11,39,hilp,0.5126709938049316,0.06843718886375427,Q3
12,0,D,0.4611785411834717,0.009199627675116062,Q2
12,1,D,0.46722644567489624,0.014586517587304115,Q2
12,2,D,0.49178987741470337,0.12545669078826904,Q2
12,3,D,0.468972384929657,0.039005156606435776,Q2
12,4,D,0.1316535621881485,0.015536910854279995,Q1
12,5,D,0.5058272480964661,0.42800283432006836,Q2
12,6,D,0.49533000588417053,0.35118091106414795,Q2
12,7,D,0.5068868398666382,0.11452622711658478,Q2
12,8,hilp,0.5166125893592834,0.1817067563533783,Q3
12,9,D,0.4856675863265991,0.3060932457447052,Q2
12,10,D,0.4026600122451782,0.08105958253145218,Q1
12,11,D,0.500523567199707,0.11871711909770966,Q2
12,12,D,0.5030179619789124,0.31675079464912415,Q2
12,13,D,0.4784119725227356,0.1642368882894516,Q2
12,14,D,0.5055756568908691,0.13556502759456635,Q2
12,15,hilp,0.5141174793243408,0.2047862410545349,Q3
12,16,D,0.49480199813842773,0.19327615201473236,Q2
12,17,D,0.48254263401031494,0.16642135381698608,Q2
12,18,D,0.5004383325576782,0.12887603044509888,Q2
12,19,D,0.4924951493740082,0.06644556671380997,Q2
12,20,D,0.4921749234199524,0.3764338493347168,Q2
12,21,hilp,0.5258005857467651,0.2027672529220581,Q3
12,22,D,0.4954845905303955,0.08244409412145615,Q2
12,23,D,0.5070821046829224,0.3152654469013214,Q2
12,24,D,0.4505194127559662,0.043762072920799255,Q2
12,25,D,0.49356865882873535,0.02831096388399601,Q2
12,26,D,0.4977724254131317,0.24703122675418854,Q2
12,27,D,0.5014359951019287,0.17430849373340607,Q2
12,28,D,0.4163021743297577,0.04537508636713028,Q1
12,29,D,0.49227654933929443,0.012381761334836483,Q2
12,30,hilp,0.5171880722045898,0.086830735206604,Q3
12,31,D,0.5041872262954712,0.10626018047332764,Q2
12,32,hilp,0.697964072227478,0.07340104877948761,Q4
12,33,hilp,0.537152886390686,0.046333372592926025,Q3
12,34,D,0.49735599756240845,0.27656179666519165,Q2
12,35,hilp,0.5222023725509644,0.041528988629579544,Q3
12,36,C,0.5018723607063293,0.6479654908180237,Q2
12,37,D,0.5014307498931885,0.12697112560272217,Q2
12,38,D,0.4754464030265808,0.06753572076559067,Q2
12,39,D,0.49386367201805115,0.06611809134483337,Q2
13,0,D,0.5024818778038025,0.43484923243522644,Q2
13,1,D,0.506598711013794,0.3547605574131012,Q2
13,2,D,0.4981709122657776,0.3526722490787506,Q2
13,3,D,0.501251757144928,0.13090963661670685,Q2
13,4,D,0.4956725537776947,0.05827141925692558,Q2
13,5,D,0.4813215136528015,0.09156143665313721,Q2
13,6,D,0.5006949305534363,0.17128817737102509,Q2
13,7,D,0.5010345578193665,0.2981793284416199,Q2
13,8,D,0.4934181571006775,0.1869671791791916,Q2
13,9,D,0.4884967505931854,0.15158697962760925,Q2
13,10,D,0.5099461674690247,0.20887348055839539,Q2
13,11,D,0.49277400970458984,0.1282562017440796,Q2
13,12,D,0.3911493420600891,0.0705665647983551,Q1
13,13,D,0.49286535382270813,0.09850925207138062,Q2
13,14,D,0.5078304409980774,0.04457714036107063,Q2
13,15,D,0.4935804307460785,0.03185306489467621,Q2
13,16,D,0.4833632707595825,0.2803787887096405,Q2
13,17,D,0.2624175548553467,0.308902770280838,Q1
13,18,D,0.47941720485687256,0.15726697444915771,Q2
13,19,hilp,0.6938580870628357,0.3710731267929077,Q4
13,20,D,0.5074002742767334,0.12792401015758514,Q2
13,21,D,0.466942697763443,0.035698942840099335,Q2
13,22,hihp,0.5173520445823669,1.0236048698425293,Q3
13,23,D,0.49606579542160034,0.18024864792823792,Q2
13,24,D,0.5076782703399658,0.21002203226089478,Q2
13,25,D,0.39033693075180054,0.057237666100263596,Q1
13,26,D,0.5029627680778503,0.17509892582893372,Q2
13,27,D,0.0,0.00010367255163146183,Q1
13,28,D,0.09682222455739975,0.3455018103122711,Q1
13,29,D,0.4564337134361267,0.1207306832075119,Q2
13,30,D,0.48666971921920776,0.17995232343673706,Q2
13,31,hilp,0.5222529172897339,0.30653852224349976,Q3
13,32,D,0.5110971331596375,0.19354788959026337,Q2
13,33,hilp,0.5171913504600525,0.5427278280258179,Q3
13,34,D,0.47570449113845825,0.11679737269878387,Q2
13,35,D,0.418265163898468,0.054016634821891785,Q1
13,36,D,0.46140700578689575,0.08467275649309158,Q2
13,37,D,0.31412190198898315,0.04226500540971756,Q1
13,38,hilp,0.5174510478973389,0.026805950328707695,Q3
13,39,D,0.5116398334503174,0.25089511275291443,Q2
14,0,D,0.4674220085144043,0.13601204752922058,Q2
14,1,hilp,0.5144267678260803,0.12358281016349792,Q3
14,2,D,0.5020045638084412,0.1636495739221573,Q2
14,3,D,0.5116811990737915,0.2849770188331604,Q2
14,4,D,0.5020561218261719,0.28278905153274536,Q2
14,5,D,0.5094834566116333,0.09113813191652298,Q2
14,6,D,0.5111503005027771,0.5040300488471985,Q2
14,7,D,0.4934675991535187,0.09787292778491974,Q2
14,8,C,0.49032464623451233,0.6319277882575989,Q2
14,9,D,0.45992201566696167,0.17765741050243378,Q2
14,10,hilp,0.595224142074585,0.3917385935783386,Q3
14,11,D,0.4809732437133789,0.09988822788000107,Q2
14,12,D,0.502333402633667,0.26578712463378906,Q2
14,13,hilp,0.5557326078414917,0.2043195217847824,Q3
14,14,D,0.5063434839248657,0.14610370993614197,Q2
14,15,D,0.5067132115364075,0.301910936832428,Q2
14,16,D,0.5017217397689819,0.33297815918922424,Q2
14,17,D,0.4195573925971985,0.07918040454387665,Q1
14,18,D,0.49707961082458496,0.38113075494766235,Q2
14,19,C,0.4995155334472656,1.0258840322494507,Q2
14,20,hilp,0.5169543027877808,0.5832517147064209,Q3
14,21,hilp,0.5189766883850098,0.06920184195041656,Q3
14,22,D,0.4567255973815918,0.1832246333360672,Q2
14,23,hilp,0.5448732376098633,0.3654220402240753,Q3
14,24,D,0.34386754035949707,0.11046857386827469,Q1
14,25,C,0.5090805292129517,0.6315504908561707,Q2
14,26,D,0.508914589881897,0.07502416521310806,Q2
14,27,hilp,0.5143163800239563,0.1379755437374115,Q3
14,28,D,0.5101431012153625,0.2120918333530426,Q2
14,29,hilp,0.5386914610862732,0.5972409248352051,Q3
14,30,D,0.4901660680770874,0.28069981932640076,Q2
14,31,hilp,0.5232627391815186,0.1578318178653717,Q3
14,32,D,0.4925568699836731,0.2933242619037628,Q2
14,33,hilp,0.6019895076751709,0.35776472091674805,Q3
14,34,D,0.5009908080101013,0.4118903577327728,Q2
14,35,D,0.5048747062683105,0.039157696068286896,Q2
14,36,D,0.44575557112693787,0.06712557375431061,Q1
14,37,hilp,0.5781416893005371,0.19237881898880005,Q3
14,38,D,0.37650853395462036,0.17455007135868073,Q1
14,39,D,0.5064429640769958,0.04721087962388992,Q2
15,0,hilp,0.5166953802108765,0.36196792125701904,Q3
15,1,D,0.5098779797554016,0.520542562007904,Q2
15,2,hilp,0.5677275657653809,0.23739543557167053,Q3
15,3,D,0.4282364249229431,0.19254456460475922,Q1
15,4,hilp,0.5233719348907471,0.5809978246688843,Q3
15,5,hilp,0.5779223442077637,0.2903757393360138,Q3
15,6,hilp,0.5234360694885254,0.5140835046768188,Q3
15,7,hihp,0.5157904624938965,0.6180539131164551,Q3
15,8,D,0.37656980752944946,0.2336874008178711,Q1
15,9,hilp,0.5143711566925049,0.5885884165763855,Q3
15,10,D,0.49586254358291626,0.4164379835128784,Q2
15,11,D,0.4989485740661621,0.30839651823043823,Q2
15,12,C,0.5120124220848083,0.6152094006538391,Q2
15,13,hilp,0.5147936344146729,0.06556759774684906,Q3
15,14,D,0.4940130114555359,0.30885830521583557,Q2
15,15,D,0.419070839881897,0.2755161225795746,Q1
15,16,C,0.4996413290500641,0.9629870653152466,Q2
15,17,D,0.48093464970588684,0.4792429804801941,Q2
15,18,D,0.5002560615539551,0.23320476710796356,Q2
15,19,C,0.5120346546173096,0.8453080654144287,Q2
15,20,C,0.5101218223571777,0.848457396030426,Q2
15,21,hilp,0.5227729082107544,0.24816446006298065,Q3
15,22,hilp,0.5211438536643982,0.5289310216903687,Q3
15,23,D,0.49811625480651855,0.12310072779655457,Q2
15,24,D,0.49955689907073975,0.17249241471290588,Q2
15,25,D,0.20102113485336304,0.07308842986822128,Q1
15,26,D,0.456912636756897,0.17737632989883423,Q2
15,27,D,0.5104696750640869,0.508561909198761,Q2
15,28,D,0.46944963932037354,0.40364864468574524,Q2
15,29,D,0.5044571161270142,0.37296685576438904,Q2
15,30,D,0.5038977861404419,0.26429447531700134,Q2
15,31,D,0.5040544271469116,0.3414345681667328,Q2
15,32,D,0.5112701058387756,0.3366580307483673,Q2
15,33,D,0.4470311403274536,0.03613094612956047,Q2
15,34,hilp,0.570984959602356,0.45564207434654236,Q3
15,35,D,0.5080041289329529,0.44963788986206055,Q2
15,36,D,0.4688197672367096,0.08508552610874176,Q2
15,37,D,0.43025869131088257,0.11359576135873795,Q1
15,38,D,0.5041097402572632,0.2777080237865448,Q2
15,39,D,0.42347097396850586,0.1564876288175583,Q1
16,0,C,0.5015986561775208,0.7264587879180908,Q2
16,1,hilp,0.5666261911392212,0.4765597879886627,Q3
16,2,hilp,0.5176701545715332,0.3245680332183838,Q3
16,3,C,0.5019068717956543,0.6484439969062805,Q2
16,4,hilp,0.5834363102912903,0.40480148792266846,Q3
16,5,D,0.5036138296127319,0.24949415028095245,Q2
16,6,hilp,0.5272985696792603,0.20831647515296936,Q3
16,7,D,0.4250164031982422,0.18422703444957733,Q1
16,8,hihp,0.5552840828895569,0.772510290145874,Q3
16,9,hilp,0.5601906180381775,0.12241159379482269,Q3
16,10,D,0.5085397958755493,0.10838909447193146,Q2
16,11,hihp,0.5168593525886536,0.6350294947624207,Q3
16,12,hilp,0.5165455937385559,0.44827157258987427,Q3
16,13,D,0.5084161758422852,0.25616684556007385,Q2
16,14,hilp,0.5602492094039917,0.2376367747783661,Q3
16,15,D,0.5101823210716248,0.57990962266922,Q2
16,16,D,0.4675729274749756,0.02335394360125065,Q2
16,17,C,0.5121515393257141,0.7678552269935608,Q2
16,18,D,0.5089607238769531,0.28614622354507446,Q2
16,19,D,0.47930771112442017,0.024025561287999153,Q2
16,20,D,0.48991256952285767,0.006784492637962103,Q2
16,21,hilp,0.6201919317245483,0.08175548911094666,Q3
16,22,D,0.45212048292160034,0.2012353092432022,Q2
16,23,D,0.2904074490070343,0.024392390623688698,Q1
16,24,hilp,0.5856689214706421,0.10096760094165802,Q3
16,25,D,0.5031076669692993,0.19284042716026306,Q2
16,26,D,0.5103902220726013,0.440919429063797,Q2
16,27,D,0.4956214129924774,0.42788928747177124,Q2
16,28,D,0.4845889210700989,0.3101928234100342,Q2
16,29,D,0.5063581466674805,0.166662335395813,Q2
16,30,D,0.5004473924636841,0.2986426055431366,Q2
16,31,hilp,0.5336366295814514,0.3813219666481018,Q3
16,32,D,0.45028188824653625,0.13457053899765015,Q2
16,33,D,0.5073572397232056,0.1265183836221695,Q2
16,34,hilp,0.5276872515678406,0.28508231043815613,Q3
16,35,D,0.4907379150390625,0.21419180929660797,Q2
16,36,hihp,0.5199916362762451,0.6003148555755615,Q3
16,37,D,0.511535108089447,0.44632819294929504,Q2
16,38,hilp,0.5196017026901245,0.2003566473722458,Q3
16,39,hilp,0.5762654542922974,0.41792458295822144,Q3
17,0,hihp,0.6275379061698914,0.8158974051475525,Q4
17,1,hilp,0.5698916912078857,0.533112645149231,Q3
17,2,hilp,0.5567138195037842,0.18121792376041412,Q3
17,3,hilp,0.5124202966690063,0.10673967003822327,Q3
17,4,hilp,0.5576464533805847,0.32934293150901794,Q3
17,5,hilp,0.5265009999275208,0.3058631718158722,Q3
17,6,hilp,0.5331435203552246,0.540346622467041,Q3
17,7,hihp,0.5152750015258789,0.6403250694274902,Q3
17,8,hihp,0.5527808666229248,0.6255202889442444,Q3
17,9,hilp,0.5303423404693604,0.20075415074825287,Q3
17,10,D,0.4864136278629303,0.30047133564949036,Q2
17,11,D,0.4921903610229492,0.1384633481502533,Q2
17,12,hilp,0.5274328589439392,0.578636109828949,Q3
17,13,hihp,0.5275306701660156,0.7556511759757996,Q3
17,14,hilp,0.5837711691856384,0.24156007170677185,Q3
17,15,hilp,0.5611152648925781,0.3685958981513977,Q3
17,16,D,0.5074193477630615,0.49104270339012146,Q2
17,17,D,0.4184287190437317,0.08033150434494019,Q1
17,18,D,0.4979931712150574,0.16238979995250702,Q2
17,19,hilp,0.5156456232070923,0.3697420060634613,Q3
17,20,hilp,0.543300986289978,0.49156540632247925,Q3
17,21,hilp,0.591620147228241,0.2757813036441803,Q3
17,22,hilp,0.5398204922676086,0.4910917282104492,Q3
17,23,hihp,0.5252724885940552,0.654096782207489,Q3
17,24,hilp,0.5546724796295166,0.23931297659873962,Q3
17,25,hilp,0.520365834236145,0.5566827058792114,Q3
17,26,hilp,0.525653600692749,0.586091160774231,Q3
17,27,D,0.49047577381134033,0.41202160716056824,Q2
17,28,hilp,0.5864821672439575,0.35128283500671387,Q3
17,29,D,0.48658084869384766,0.4126063585281372,Q2
17,30,hihp,0.5193253755569458,0.9782519340515137,Q3
17,31,D,0.4440764784812927,0.21545375883579254,Q1
17,32,hihp,0.5648211240768433,0.6755658984184265,Q3
17,33,hihp,0.5162651538848877,1.8766752481460571,Q3
17,34,hihp,0.5330538749694824,0.6158784627914429,Q3
17,35,hilp,0.5952151417732239,0.5081804394721985,Q3
17,36,D,0.5058268904685974,0.5648821592330933,Q2
17,37,hilp,0.5289793014526367,0.008795902132987976,Q3
17,38,hihp,0.5271897315979004,0.6706833243370056,Q3
17,39,D,0.43089842796325684,0.015658695250749588,Q1
18,0,hilp,0.5179891586303711,0.38047078251838684,Q3
18,1,hilp,0.5182226300239563,0.2834807336330414,Q3
18,2,hilp,0.5203357338905334,0.40338170528411865,Q3
18,3,hilp,0.5244876742362976,0.39206042885780334,Q3
18,4,hihp,0.5252352356910706,0.7296032309532166,Q3
18,5,hihp,0.5859866142272949,0.8439569473266602,Q3
18,6,C,0.46730393171310425,0.6146405935287476,Q2
18,7,D,0.5086673498153687,0.5308840274810791,Q2
18,8,hilp,0.5577348470687866,0.2409144788980484,Q3
18,9,hilp,0.5964624881744385,0.28347042202949524,Q3
18,10,D,0.46257585287094116,0.2319238781929016,Q2
18,11,hilp,0.5910215377807617,0.5761268734931946,Q3
18,12,hilp,0.5335050821304321,0.3624792695045471,Q3
18,13,D,0.1448940932750702,0.0003789005277212709,Q1
18,14,D,0.3400406837463379,0.007556355558335781,Q1
18,15,D,0.44365695118904114,0.13373485207557678,Q1
18,16,D,0.5026560425758362,0.19665183126926422,Q2
18,17,hihp,0.5219396352767944,0.8882322311401367,Q3
18,18,hihp,0.5456894040107727,0.760068953037262,Q3
18,19,hilp,0.5355424284934998,0.4785095751285553,Q3
18,20,hihp,0.5420241951942444,0.719828188419342,Q3
18,21,hihp,0.5332385301589966,0.8002800345420837,Q3
18,22,hilp,0.563831090927124,0.5984929800033569,Q3
18,23,hilp,0.587623119354248,0.4763823449611664,Q3
18,24,D,0.458101749420166,0.30161356925964355,Q2
18,25,hilp,0.5270378589630127,0.49784037470817566,Q3
18,26,hilp,0.5322689414024353,0.31435924768447876,Q3
18,27,hihp,0.5232663750648499,0.7474043965339661,Q3
18,28,hilp,0.5168828964233398,0.5226280093193054,Q3
18,29,hihp,0.5278414487838745,0.6036592125892639,Q3
18,30,hilp,0.5354245901107788,0.17785127460956573,Q3
18,31,hihp,0.5328242182731628,0.8212345838546753,Q3
18,32,hihp,0.5237571001052856,0.6457870006561279,Q3
18,33,hilp,0.5853641033172607,0.5715731978416443,Q3
18,34,hilp,0.5155317783355713,0.3092247247695923,Q3
18,35,hilp,0.6090436577796936,0.4982602000236511,Q3
18,36,hihp,0.5472790598869324,0.7048380374908447,Q3
18,37,hihp,0.6398947834968567,0.8323176503181458,Q4
18,38,hihp,0.5521013736724854,0.8908156752586365,Q3
18,39,hihp,0.5536764860153198,0.9139352440834045,Q3
19,0,hilp,0.5557926297187805,0.2108178287744522,Q3
19,1,hilp,0.5548712611198425,0.5976440906524658,Q3
19,2,hilp,0.5809298753738403,0.5953693985939026,Q3
19,3,hilp,0.5310289859771729,0.5241000056266785,Q3
19,4,hilp,0.5426560640335083,0.5223889350891113,Q3
19,5,hihp,0.5707240104675293,0.8291217088699341,Q3
19,6,D,0.43776074051856995,0.2713831961154938,Q1
19,7,hihp,0.5603299140930176,0.6275037527084351,Q3
19,8,hilp,0.5951668620109558,0.427074670791626,Q3
19,9,hilp,0.5330055356025696,0.4539405107498169,Q3
19,10,hilp,0.5456702709197998,0.3472747206687927,Q3
19,11,D,0.3954290449619293,0.19912990927696228,Q1
19,12,hilp,0.5824606418609619,0.5930576920509338,Q3
19,13,hilp,0.5155715942382812,0.4400034248828888,Q3
19,14,hilp,0.5502210259437561,0.14971594512462616,Q3
19,15,hilp,0.5218520164489746,0.31286656856536865,Q3
19,16,hilp,0.5228511691093445,0.5911153554916382,Q3
19,17,hilp,0.5280100703239441,0.3706318736076355,Q3
19,18,hilp,0.5234628915786743,0.3067231774330139,Q3
19,19,hilp,0.5273894667625427,0.3647395074367523,Q3
19,20,hilp,0.5519599914550781,0.5514859557151794,Q3
19,21,D,0.3989563584327698,0.010481991805136204,Q1
19,22,D,0.1319887936115265,0.017060143873095512,Q1
19,23,D,0.15129487216472626,0.05576423928141594,Q1
19,24,D,0.5105865001678467,0.5410867929458618,Q2
19,25,hilp,0.5184732675552368,0.15934570133686066,Q3
19,26,hihp,0.5561875104904175,1.3372900485992432,Q3
19,27,hilp,0.5289210677146912,0.3611557185649872,Q3
19,28,hihp,0.6097689270973206,0.6978555917739868,Q3
19,29,D,0.47511810064315796,0.16239948570728302,Q2
19,30,hilp,0.5748507380485535,0.23253463208675385,Q3
19,31,D,0.5111775398254395,0.07989051192998886,Q2
19,32,hilp,0.5485007762908936,0.23662051558494568,Q3
19,33,hilp,0.5205469131469727,0.2803332209587097,Q3
19,34,hilp,0.5343602299690247,0.5069684386253357,Q3
19,35,hilp,0.6617267727851868,0.5828925967216492,Q4
19,36,hihp,0.551884651184082,0.7447548508644104,Q3
19,37,hihp,0.5176820755004883,0.7010860443115234,Q3
19,38,hihp,0.5521066188812256,0.8219201564788818,Q3
19,39,C,0.5075030326843262,0.685462236404419,Q2
20,0,hihp,0.5865958333015442,0.9780780076980591,Q3
20,1,hilp,0.5519605875015259,0.5046717524528503,Q3
20,2,D,0.4568486213684082,0.3404863476753235,Q2
20,3,hilp,0.5615688562393188,0.14247260987758636,Q3
20,4,hilp,0.5320180654525757,0.37022337317466736,Q3
20,5,hilp,0.5362060070037842,0.5552008748054504,Q3
20,6,hilp,0.5683084726333618,0.47069117426872253,Q3
20,7,hilp,0.5239786505699158,0.25148043036460876,Q3
20,8,hilp,0.5758782625198364,0.5060327649116516,Q3
20,9,hilp,0.5937197208404541,0.349352091550827,Q3
20,10,hilp,0.5296366214752197,0.17016564309597015,Q3
20,11,hilp,0.5508712530136108,0.3623668849468231,Q3
20,12,hilp,0.5507989525794983,0.3171064555644989,Q3
20,13,hilp,0.5519158840179443,0.2698335647583008,Q3
20,14,hilp,0.546425998210907,0.34557923674583435,Q3
20,15,D,0.41290026903152466,0.1685522496700287,Q1
20,16,D,0.4176129698753357,0.2106495350599289,Q1
20,17,hilp,0.5306620597839355,0.17190107703208923,Q3
20,18,hilp,0.5410600304603577,0.165292426943779,Q3
20,19,hilp,0.5502934455871582,0.3923465311527252,Q3
20,20,hihp,0.5682256817817688,0.6192758083343506,Q3
20,21,D,0.49323907494544983,0.1278456449508667,Q2
20,22,D,0.4776127338409424,0.12866683304309845,Q2
20,23,hilp,0.5396959781646729,0.5376956462860107,Q3
20,24,D,0.4025420546531677,0.019425945356488228,Q1
20,25,hihp,0.5273569822311401,0.719881534576416,Q3
20,26,hihp,0.627892255783081,0.6937680244445801,Q4
20,27,hihp,0.5625016093254089,0.6988328695297241,Q3
20,28,hihp,0.5666618347167969,1.4337668418884277,Q3
20,29,hilp,0.538939356803894,0.5977981686592102,Q3
20,30,hilp,0.5486941337585449,0.28228962421417236,Q3
20,31,hilp,0.6464216709136963,0.5250247120857239,Q4
20,32,hilp,0.5401439666748047,0.34677213430404663,Q3
20,33,D,0.48110055923461914,0.3700658082962036,Q2
20,34,hihp,0.5489171743392944,0.7289088368415833,Q3
20,35,hilp,0.5898082256317139,0.3593481481075287,Q3
20,36,hilp,0.5216548442840576,0.22976739704608917,Q3
20,37,hihp,0.5673505663871765,0.8613747954368591,Q3
20,38,hilp,0.5379277467727661,0.5834400653839111,Q3
20,39,hilp,0.5461143255233765,0.449834406375885,Q3
21,0,hilp,0.5389182567596436,0.536795973777771,Q3
21,1,hilp,0.5425940155982971,0.5630767941474915,Q3
21,2,hilp,0.5564618110656738,0.4489297866821289,Q3
21,3,hilp,0.5368183851242065,0.46605515480041504,Q3
21,4,hihp,0.5545729994773865,0.7350530624389648,Q3
21,5,hilp,0.5541833639144897,0.2688652575016022,Q3
21,6,D,0.40034952759742737,0.24031895399093628,Q1
21,7,hilp,0.571088433265686,0.4166668653488159,Q3
21,8,hilp,0.574536144733429,0.5111843943595886,Q3
21,9,hilp,0.5774834156036377,0.33898547291755676,Q3
21,10,hihp,0.591532289981842,0.8965757489204407,Q3
21,11,hilp,0.5829675793647766,0.18829445540905,Q3
21,12,hihp,0.5392941236495972,0.8965916037559509,Q3
21,13,hihp,0.6052424311637878,0.6716982126235962,Q3
21,14,hilp,0.5594183802604675,0.29448655247688293,Q3
21,15,D,0.4783826768398285,0.20493315160274506,Q2
21,16,hilp,0.5712073445320129,0.5131800770759583,Q3
21,17,D,0.5018609762191772,0.47242477536201477,Q2
21,18,hihp,0.5250765085220337,0.6197828054428101,Q3
21,19,hilp,0.5162400007247925,0.518448531627655,Q3
21,20,hilp,0.5621087551116943,0.47980958223342896,Q3
21,21,hilp,0.6135045886039734,0.5716180205345154,Q3
21,22,hilp,0.576728105545044,0.42146310210227966,Q3
21,23,hilp,0.5640032291412354,0.3746126890182495,Q3
21,24,hilp,0.6160813570022583,0.3138049840927124,Q3
21,25,hihp,0.5468432903289795,0.7066109776496887,Q3
21,26,hilp,0.5797849297523499,0.5569398403167725,Q3
21,27,hihp,0.5435774326324463,0.6092315316200256,Q3
21,28,hihp,0.5631139874458313,0.8616162538528442,Q3
21,29,hihp,0.5722804069519043,0.782409131526947,Q3
21,30,hilp,0.5831907391548157,0.46579694747924805,Q3
21,31,hilp,0.5534533262252808,0.4978773891925812,Q3
21,32,hilp,0.5572580695152283,0.5326534509658813,Q3
21,33,hihp,0.5829489231109619,0.7553099989891052,Q3
21,34,hilp,0.5804111957550049,0.4052674472332001,Q3
21,35,hilp,0.5808547735214233,0.5188921093940735,Q3
21,36,hihp,0.5517175197601318,0.8666215538978577,Q3
21,37,hilp,0.5809586048126221,0.5795356035232544,Q3
21,38,hihp,0.5632078051567078,0.7082458734512329,Q3
21,39,D,0.43807122111320496,0.3399016857147217,Q1
22,0,hihp,0.7311890125274658,1.3843289613723755,Q4
22,1,hihp,0.5635949373245239,0.6068105101585388,Q3
22,2,hihp,0.6620491147041321,1.2212473154067993,Q4
22,3,hihp,0.7280006408691406,0.6679986715316772,Q4
22,4,hilp,0.5707268714904785,0.5969041585922241,Q3
22,5,hihp,0.5442430973052979,0.6353943347930908,Q3
22,6,D,0.4571780264377594,0.24686099588871002,Q2
22,7,hilp,0.5564268827438354,0.5232945680618286,Q3
22,8,hilp,0.572781503200531,0.20260518789291382,Q3
22,9,D,0.4586719870567322,0.10697700828313828,Q2
22,10,hilp,0.6488022804260254,0.39770445227622986,Q4
22,11,hihp,0.6727610230445862,0.8018036484718323,Q4
22,12,D,0.4789212942123413,0.06718737632036209,Q2
22,13,hihp,0.6255359649658203,0.7552731037139893,Q4
22,14,hilp,0.6200143098831177,0.13292741775512695,Q3
22,15,D,0.4826472997665405,0.27862748503685,Q2
22,16,hihp,0.6717228293418884,1.8581873178482056,Q4
22,17,hihp,0.6233801245689392,1.2634892463684082,Q4
22,18,hihp,0.5788609385490417,0.6886472702026367,Q3
22,19,hihp,0.5358566045761108,0.882637619972229,Q3
22,20,hihp,0.6031937003135681,0.9903182983398438,Q3
22,21,hilp,0.5801070928573608,0.5767470002174377,Q3
22,22,hilp,0.5845628976821899,0.4345746636390686,Q3
22,23,hilp,0.5700708627700806,0.5020756125450134,Q3
22,24,hihp,0.651267409324646,0.7036404013633728,Q4
22,25,hihp,0.5621497631072998,0.656750500202179,Q3
22,26,hihp,0.5763636827468872,1.459485411643982,Q3
22,27,hilp,0.6292455196380615,0.2129407823085785,Q4
22,28,hilp,0.5399272441864014,0.5533413290977478,Q3
22,29,hihp,0.6128371357917786,2.6499762535095215,Q3
22,30,hihp,0.6108281016349792,1.6212685108184814,Q3
22,31,hihp,0.6027326583862305,0.6577831506729126,Q3
22,32,hihp,0.6055501699447632,1.1242725849151611,Q3
22,33,hihp,0.6894891262054443,1.126051902770996,Q4
22,34,hihp,0.6484622359275818,1.0687955617904663,Q4
22,35,hihp,0.722723126411438,1.5027021169662476,Q4
22,36,hihp,0.6356869339942932,1.4386861324310303,Q4
22,37,hihp,0.5532726645469666,0.6517378687858582,Q3
22,38,hihp,0.5595328211784363,1.0994127988815308,Q3
22,39,hihp,0.6989626884460449,0.7846536636352539,Q4
23,0,hihp,0.6417502164840698,1.3618745803833008,Q4
23,1,hihp,0.7011457085609436,1.3640068769454956,Q4
23,2,hihp,0.7096750140190125,1.9749010801315308,Q4
23,3,hihp,0.6715230941772461,1.5866155624389648,Q4
23,4,hihp,0.5978897213935852,1.8301113843917847,Q3
23,5,hihp,0.5645843744277954,0.7252253890037537,Q3
23,6,hihp,0.5349222421646118,0.7153803110122681,Q3
23,7,hihp,0.626147985458374,0.757789671421051,Q4
23,8,hihp,0.6337040066719055,0.7826614379882812,Q4
23,9,hihp,0.605929970741272,0.7493528723716736,Q3
23,10,hihp,0.6826863288879395,1.0788304805755615,Q4
23,11,hihp,0.6353563070297241,2.672426462173462,Q4
23,12,hihp,0.6131446957588196,1.7159487009048462,Q3
23,13,hihp,0.7243082523345947,2.3782176971435547,Q4
23,14,hihp,0.7047067880630493,1.9952075481414795,Q4
23,15,hihp,0.6107988953590393,0.9218878746032715,Q3
23,16,hihp,0.6683875918388367,2.3757236003875732,Q4
23,17,hihp,0.6775540709495544,1.6296944618225098,Q4
23,18,hilp,0.6271719932556152,0.5869705080986023,Q4
23,19,hilp,0.6248764395713806,0.21814027428627014,Q4
23,20,hihp,0.6355608701705933,1.0597178936004639,Q4
23,21,hihp,0.6667476296424866,0.9148536920547485,Q4
23,22,hilp,0.6098859310150146,0.5043841600418091,Q3
23,23,hihp,0.6083097457885742,0.6166436076164246,Q3
23,24,hihp,0.6569707989692688,0.7149189710617065,Q4
23,25,hihp,0.5844424366950989,1.9352385997772217,Q3
23,26,hihp,0.5916205048561096,0.8961898684501648,Q3
23,27,hihp,0.6652431488037109,1.2665486335754395,Q4
23,28,hihp,0.569716215133667,1.2720264196395874,Q3
23,29,hihp,0.5261491537094116,2.219899892807007,Q3
23,30,hihp,0.6314817070960999,1.641750693321228,Q4
23,31,hihp,0.7067732810974121,1.4898465871810913,Q4
23,32,hihp,0.6489693522453308,1.5059469938278198,Q4
23,33,hihp,0.6114304065704346,1.3017385005950928,Q3
23,34,hihp,0.5959806442260742,3.218649387359619,Q3
23,35,D,0.44973117113113403,0.2690303921699524,Q2
23,36,D,0.44347596168518066,0.12083316594362259,Q1
23,37,hihp,0.6201341152191162,0.6361826658248901,Q3
23,38,hilp,0.5585997700691223,0.21750491857528687,Q3
23,39,hilp,0.5947269201278687,0.161609947681427,Q3
24,0,hihp,0.6232990026473999,1.4129949808120728,Q4
24,1,hihp,0.6782664060592651,1.7788188457489014,Q4
24,2,hihp,0.7048180103302002,2.2715516090393066,Q4
24,3,hihp,0.68437659740448,2.207834243774414,Q4
24,4,hihp,0.6470634937286377,1.5285109281539917,Q4
24,5,hihp,0.5784533023834229,1.11062753200531,Q3
24,6,hihp,0.7078827619552612,1.3468749523162842,Q4
24,7,hihp,0.6261885166168213,1.3803503513336182,Q4
24,8,hihp,0.640581488609314,3.4006714820861816,Q4
24,9,hihp,0.5983913540840149,1.798416018486023,Q3
24,10,hilp,0.7175923585891724,0.5721781849861145,Q4
24,11,hihp,0.7380656003952026,1.197630524635315,Q4
24,12,hihp,0.7390632629394531,1.3089923858642578,Q4
24,13,hihp,0.6795464754104614,0.7873362898826599,Q4
24,14,hihp,0.6338298320770264,1.0869979858398438,Q4
24,15,hihp,0.6011989116668701,2.105159282684326,Q3
24,16,hihp,0.6430748105049133,0.8901275992393494,Q4
24,17,hihp,0.5799586772918701,1.9480574131011963,Q3
24,18,hihp,0.662385106086731,0.9749820232391357,Q4
24,19,hilp,0.5991702675819397,0.4362979829311371,Q3
24,20,hihp,0.6277194023132324,0.7898614406585693,Q4
24,21,hilp,0.5891640782356262,0.19926953315734863,Q3
24,22,D,0.4807504415512085,0.14859992265701294,Q2
24,23,hihp,0.6001201868057251,3.778679847717285,Q3
24,24,hihp,0.5553594827651978,1.323480248451233,Q3
24,25,hihp,0.7060375213623047,0.7165562510490417,Q4
24,26,hihp,0.6038575768470764,1.0558336973190308,Q3
24,27,hihp,0.7328968048095703,0.6547154188156128,Q4
24,28,hilp,0.5769692063331604,0.5315796136856079,Q3
24,29,hihp,0.6396278142929077,1.3519641160964966,Q4
24,30,hihp,0.5570328235626221,0.96197909116745,Q3
24,31,hihp,0.6334824562072754,2.9638915061950684,Q4
24,32,hilp,0.668755292892456,0.5654690861701965,Q4
24,33,hihp,0.6234619617462158,1.1367334127426147,Q4
24,34,hihp,0.6914502382278442,1.6708508729934692,Q4
24,35,hihp,0.6625174283981323,1.0678802728652954,Q4
24,36,hihp,0.636998176574707,1.975710153579712,Q4
24,37,hihp,0.6364206075668335,0.837631344795227,Q4
24,38,hihp,0.6850306987762451,1.3631187677383423,Q4
24,39,hihp,0.6459880471229553,1.0282377004623413,Q4
25,0,hihp,0.5864687561988831,1.6206823587417603,Q3
25,1,hihp,0.6148759722709656,2.767982006072998,Q3
25,2,hilp,0.6488748788833618,0.5371598601341248,Q4
25,3,hihp,0.6602305769920349,0.7359075546264648,Q4
25,4,hihp,0.5982115864753723,1.0692603588104248,Q3
25,5,hihp,0.6280307769775391,2.468693971633911,Q4
25,6,hihp,0.6837756633758545,1.5807629823684692,Q4
25,7,hihp,0.5279685258865356,3.0273122787475586,Q3
25,8,hihp,0.6482899785041809,1.022970199584961,Q4
25,9,hihp,0.6423124074935913,1.7367372512817383,Q4
25,10,hihp,0.7180907726287842,1.014976143836975,Q4
25,11,hihp,0.6113255620002747,1.4550718069076538,Q3
25,12,hihp,0.709892749786377,2.3066012859344482,Q4
25,13,hihp,0.6937845945358276,1.036866545677185,Q4
25,14,hihp,0.648680567741394,1.222116231918335,Q4
25,15,hihp,0.7401175498962402,2.132025718688965,Q4
25,16,D,0.48317795991897583,0.01959148421883583,Q2
25,17,hihp,0.6452865600585938,1.4163730144500732,Q4
25,18,hihp,0.7137181162834167,2.82682204246521,Q4
25,19,hihp,0.7402628064155579,2.173895835876465,Q4
25,20,hihp,0.6176549196243286,1.3644722700119019,Q3
25,21,hihp,0.7207247018814087,1.3583346605300903,Q4
25,22,hihp,0.6338467597961426,1.6270701885223389,Q4
25,23,hihp,0.6757528781890869,2.1847007274627686,Q4
25,24,hihp,0.6349311470985413,4.789641857147217,Q4
25,25,hihp,0.5931723117828369,1.6550571918487549,Q3
25,26,hihp,0.6785508394241333,0.6730260848999023,Q4
25,27,hilp,0.5830827951431274,0.08836867660284042,Q3
25,28,hihp,0.6084846258163452,0.8396456837654114,Q3
25,29,hilp,0.594436764717102,0.38877904415130615,Q3
25,30,hihp,0.724937379360199,1.0419679880142212,Q4
25,31,hilp,0.6120684146881104,0.2975001037120819,Q3
25,32,hihp,0.6720088124275208,1.5221329927444458,Q4
25,33,hihp,0.6595109701156616,0.9217711687088013,Q4
25,34,hihp,0.7341006994247437,1.085534691810608,Q4
25,35,hilp,0.5979238152503967,0.34647709131240845,Q3
25,36,hilp,0.6088171005249023,0.348775714635849,Q3
25,37,hilp,0.6380879282951355,0.5860443711280823,Q4
25,38,hilp,0.5126977562904358,0.21244803071022034,Q3
25,39,D,0.20426388084888458,0.021567346528172493,Q1
26,0,hihp,0.7354211807250977,1.255017876625061,Q4
26,1,hihp,0.6438112258911133,1.9165540933609009,Q4
26,2,hihp,0.7072757482528687,0.929276168346405,Q4
26,3,hihp,0.7239722013473511,1.7343549728393555,Q4
26,4,hihp,0.6464605331420898,1.307326078414917,Q4
26,5,hihp,0.7391330599784851,2.736112594604492,Q4
26,6,hihp,0.7399836182594299,2.0240085124969482,Q4
26,7,hihp,0.635097324848175,0.8597379326820374,Q4
26,8,hihp,0.7305194139480591,1.360126256942749,Q4
26,9,hihp,0.7379210591316223,1.465760588645935,Q4
26,10,hihp,0.7018820643424988,1.3896440267562866,Q4
26,11,hihp,0.6065025329589844,1.8781194686889648,Q3
26,12,hihp,0.6185708045959473,0.9044747352600098,Q3
26,13,hihp,0.6214580535888672,1.9731062650680542,Q3
26,14,hihp,0.6793454885482788,1.278281331062317,Q4
26,15,hihp,0.7076759934425354,1.8176140785217285,Q4
26,16,hihp,0.6770808696746826,1.0752081871032715,Q4
26,17,hihp,0.7252296209335327,1.5243076086044312,Q4
26,18,hihp,0.6881945133209229,2.1543376445770264,Q4
26,19,hihp,0.7089054584503174,2.2805914878845215,Q4
26,20,hihp,0.6892440319061279,2.155055284500122,Q4
26,21,hihp,0.6602110266685486,3.6378960609436035,Q4
26,22,hihp,0.6457117795944214,1.1001317501068115,Q4
26,23,hihp,0.6837041974067688,2.148207426071167,Q4
26,24,hihp,0.6942489147186279,1.6456542015075684,Q4
26,25,hilp,0.6137785911560059,0.4328283965587616,Q3
26,26,hilp,0.5704492330551147,0.1259695291519165,Q3
26,27,hihp,0.654468297958374,0.9218500852584839,Q4
26,28,hilp,0.6314969658851624,0.33222803473472595,Q4
26,29,hihp,0.6834673285484314,0.6964184641838074,Q4
26,30,hihp,0.7242531776428223,3.7473623752593994,Q4
26,31,hihp,0.7368335127830505,3.4184505939483643,Q4
26,32,hihp,0.7401542663574219,2.153658628463745,Q4
26,33,hihp,0.7142856121063232,1.4365121126174927,Q4
26,34,hihp,0.7361087799072266,1.934520959854126,Q4
26,35,hilp,0.6373047232627869,0.5937844514846802,Q4
26,36,hihp,0.619337797164917,0.6454373002052307,Q3
26,37,hihp,0.6628988981246948,2.2311713695526123,Q4
26,38,hilp,0.6232659816741943,0.38558241724967957,Q4
26,39,hihp,0.6239916086196899,0.6745792627334595,Q4
27,0,hihp,0.7237467765808105,2.0354204177856445,Q4
27,1,hihp,0.7308254837989807,3.6781766414642334,Q4
27,2,hihp,0.7310501337051392,2.949890375137329,Q4
27,3,hihp,0.7397863864898682,3.4210240840911865,Q4
27,4,hihp,0.6760693788528442,3.6533315181732178,Q4
27,5,hihp,0.6722942590713501,2.7417521476745605,Q4
27,6,hihp,0.7064385414123535,0.6496681571006775,Q4
27,7,hihp,0.6219058036804199,1.5062777996063232,Q3
27,8,hilp,0.5830016732215881,0.4647943675518036,Q3
27,9,hihp,0.5140359401702881,1.497381329536438,Q3
27,10,hihp,0.6971774697303772,1.4422343969345093,Q4
27,11,hihp,0.7178674340248108,2.5838935375213623,Q4
27,12,hihp,0.6548097133636475,1.7937500476837158,Q4
27,13,C,0.49477317929267883,1.280593991279602,Q2
27,14,hihp,0.653712272644043,2.0788865089416504,Q4
27,15,hihp,0.6067063808441162,0.7630382776260376,Q3
27,16,hilp,0.5511382818222046,0.47573715448379517,Q3
27,17,hihp,0.662869393825531,0.9410163760185242,Q4
27,18,hilp,0.5737868547439575,0.3824370801448822,Q3
27,19,hihp,0.6259912848472595,0.7439799904823303,Q4
27,20,hihp,0.7220608592033386,2.72025203704834,Q4
27,21,hihp,0.7058641910552979,1.0739787817001343,Q4
27,22,hihp,0.6440190076828003,0.9657542705535889,Q4
27,23,hihp,0.6867049932479858,0.7232794761657715,Q4
27,24,hihp,0.715339183807373,1.4289844036102295,Q4
27,25,D,0.46376895904541016,0.4457302987575531,Q2
27,26,hihp,0.6383575201034546,1.9629439115524292,Q4
27,27,hihp,0.6090562343597412,1.3485747575759888,Q3
27,28,hihp,0.6368366479873657,2.444974422454834,Q4
27,29,hihp,0.6684067249298096,2.1405270099639893,Q4
27,30,hihp,0.7211847901344299,5.676080703735352,Q4
27,31,hihp,0.7148106694221497,2.625108480453491,Q4
27,32,hihp,0.7351394891738892,3.9591307640075684,Q4
27,33,hihp,0.7100849151611328,3.251298189163208,Q4
27,34,hihp,0.7402507066726685,2.816401720046997,Q4
27,35,hihp,0.6867325901985168,1.2015182971954346,Q4
27,36,hihp,0.5694261789321899,0.7447376847267151,Q3
27,37,hihp,0.5995042324066162,2.685230255126953,Q3
27,38,hihp,0.6493145227432251,1.5038810968399048,Q4
27,39,hihp,0.7018707394599915,0.9971314072608948,Q4
28,0,hihp,0.7341996431350708,1.230738878250122,Q4
28,1,hihp,0.7046110033988953,1.5045899152755737,Q4
28,2,hihp,0.7355469465255737,4.302868843078613,Q4
28,3,hihp,0.7099291086196899,2.458670139312744,Q4
28,4,hihp,0.7284252643585205,2.2454757690429688,Q4
28,5,hihp,0.6876044273376465,2.0125489234924316,Q4
28,6,hihp,0.6567260026931763,4.451992988586426,Q4
28,7,hihp,0.6433753371238708,1.4653209447860718,Q4
28,8,hihp,0.7081259489059448,3.216644763946533,Q4
28,9,hihp,0.6958309412002563,1.0873464345932007,Q4
28,10,hihp,0.7402628660202026,3.4096314907073975,Q4
28,11,hihp,0.7393707633018494,3.5578453540802,Q4
28,12,hihp,0.7402563691139221,3.313683271408081,Q4
28,13,hihp,0.7356208562850952,4.814718246459961,Q4
28,14,hihp,0.7393667101860046,6.630853652954102,Q4
28,15,hihp,0.7331807017326355,1.8763562440872192,Q4
28,16,hihp,0.7039088010787964,2.144063949584961,Q4
28,17,hihp,0.7402588129043579,1.5996952056884766,Q4
28,18,hihp,0.7285429239273071,2.7741482257843018,Q4
28,19,hihp,0.6921588182449341,0.7332708835601807,Q4
28,20,hilp,0.5812548995018005,0.380573570728302,Q3
28,21,hihp,0.7205144762992859,1.8199063539505005,Q4
28,22,hilp,0.6161372661590576,0.25200483202934265,Q3
28,23,hihp,0.7092335820198059,1.7195855379104614,Q4
28,24,hihp,0.704481840133667,1.325884222984314,Q4
28,25,hihp,0.7150346040725708,2.3510372638702393,Q4
28,26,hihp,0.7274811863899231,0.7428565621376038,Q4
28,27,hihp,0.701619029045105,2.039705753326416,Q4
28,28,hihp,0.7311410903930664,2.177769899368286,Q4
28,29,hihp,0.7324575185775757,4.4670257568359375,Q4
28,30,hihp,0.6470701098442078,0.6297657489776611,Q4
28,31,hilp,0.6889294981956482,0.09358248859643936,Q4
28,32,hilp,0.6943331956863403,0.5634787082672119,Q4
28,33,hihp,0.7060030698776245,0.7686711549758911,Q4
28,34,hihp,0.6998706459999084,0.6132031083106995,Q4
28,35,hihp,0.73432457447052,4.580397605895996,Q4
28,36,hihp,0.6350277662277222,1.7516894340515137,Q4
28,37,hihp,0.7333300709724426,2.554410457611084,Q4
28,38,hihp,0.6426025032997131,2.8820271492004395,Q4
28,39,hihp,0.6384045481681824,1.5528391599655151,Q4
29,0,hihp,0.5844310522079468,0.9120773673057556,Q3
29,1,hilp,0.5460827350616455,0.3887021541595459,Q3
29,2,hihp,0.7395308613777161,2.4435057640075684,Q4
29,3,hihp,0.7090404033660889,1.1235231161117554,Q4
29,4,hihp,0.6647268533706665,1.7572383880615234,Q4
29,5,hilp,0.7065727710723877,0.4792232811450958,Q4
29,6,hihp,0.6217073202133179,4.51141357421875,Q3
29,7,hihp,0.7400460243225098,2.149296760559082,Q4
29,8,hihp,0.5694808959960938,0.7782509326934814,Q3
29,9,hihp,0.6327412128448486,2.274315595626831,Q4
29,10,hihp,0.722369909286499,3.9805569648742676,Q4
29,11,hihp,0.7396557927131653,4.636155128479004,Q4
29,12,hihp,0.6722114086151123,4.164717197418213,Q4
29,13,hihp,0.7290420532226562,3.2271499633789062,Q4
29,14,hihp,0.6494402885437012,3.503592014312744,Q4
29,15,hihp,0.693006157875061,3.9207375049591064,Q4
29,16,hihp,0.7401939630508423,1.64142644405365,Q4
29,17,hihp,0.6967887282371521,4.394993305206299,Q4
29,18,hihp,0.6773535013198853,4.652680397033691,Q4
29,19,hihp,0.7400510311126709,4.069156169891357,Q4
29,20,hihp,0.7311387062072754,2.8764991760253906,Q4
29,21,hihp,0.6844266057014465,2.85679292678833,Q4
29,22,hihp,0.5590981245040894,1.7794657945632935,Q3
29,23,hihp,0.6250295042991638,3.283698797225952,Q4
29,24,hihp,0.7317197918891907,1.705488681793213,Q4
29,25,hilp,0.6624038815498352,0.41920438408851624,Q4
29,26,hilp,0.726571261882782,0.393860399723053,Q4
29,27,hihp,0.7324853539466858,0.6352561116218567,Q4
29,28,hilp,0.5922597646713257,0.14982940256595612,Q3
29,29,D,0.48595941066741943,0.019802309572696686,Q2
29,30,hihp,0.7402611970901489,5.001405715942383,Q4
29,31,hihp,0.7393991947174072,4.297128200531006,Q4
29,32,hihp,0.7306777238845825,2.043715476989746,Q4
29,33,hihp,0.7401840686798096,3.2278575897216797,Q4
29,34,hihp,0.7401890158653259,4.522819519042969,Q4
29,35,hihp,0.7256338000297546,1.165183186531067,Q4
29,36,hilp,0.6676294803619385,0.1884443312883377,Q4
29,37,hilp,0.5579938292503357,0.1474830061197281,Q3
29,38,hilp,0.643307089805603,0.41342324018478394,Q4
29,39,hilp,0.5926705598831177,0.43703311681747437,Q3
30,0,hihp,0.7038495540618896,3.53094744682312,Q4
30,1,hihp,0.7385891079902649,4.097624778747559,Q4
30,2,hihp,0.7325555682182312,3.4872305393218994,Q4
30,3,hihp,0.7335192561149597,3.9326021671295166,Q4
30,4,hihp,0.7113163471221924,2.8581814765930176,Q4
30,5,hihp,0.7336030006408691,3.360123872756958,Q4
30,6,hihp,0.6217774748802185,1.727868914604187,Q3
30,7,hihp,0.737464189529419,4.025353908538818,Q4
30,8,hihp,0.6772739887237549,3.0080854892730713,Q4
30,9,hihp,0.7063601016998291,4.823895454406738,Q4
30,10,hilp,0.6330359578132629,0.37139859795570374,Q4
30,11,hihp,0.6598145961761475,1.3120856285095215,Q4
30,12,hihp,0.7277165651321411,1.8702189922332764,Q4
30,13,hihp,0.6692609190940857,2.470827102661133,Q4
30,14,hihp,0.6737821102142334,2.2430856227874756,Q4
30,15,hihp,0.7393782138824463,4.409787178039551,Q4
30,16,hihp,0.6909785270690918,1.549051284790039,Q4
30,17,hihp,0.7187376022338867,2.3193578720092773,Q4
30,18,hihp,0.7069413661956787,2.8949458599090576,Q4
30,19,hihp,0.7315973043441772,2.5129971504211426,Q4
30,20,hihp,0.6736018657684326,3.240485906600952,Q4
30,21,hihp,0.7244715094566345,1.510303020477295,Q4
30,22,hihp,0.7353708744049072,2.2295949459075928,Q4
30,23,hihp,0.6978633999824524,1.236171841621399,Q4
30,24,hihp,0.6769651174545288,2.889697313308716,Q4
30,25,hihp,0.6015228033065796,4.738089084625244,Q3
30,26,hihp,0.7270671129226685,4.5943193435668945,Q4
30,27,hihp,0.6478403806686401,1.962179183959961,Q4
30,28,hihp,0.6821960210800171,2.294172763824463,Q4
30,29,hihp,0.5785000324249268,4.538614273071289,Q3
30,30,hihp,0.7370842695236206,3.268711566925049,Q4
30,31,hilp,0.627558708190918,0.4510590434074402,Q4
30,32,hilp,0.6675114631652832,0.4470439553260803,Q4
30,33,hihp,0.6845362186431885,0.895737886428833,Q4
30,34,hihp,0.7055577635765076,0.9601439833641052,Q4
30,35,hihp,0.6502596735954285,1.4328422546386719,Q4
30,36,hihp,0.6565465927124023,1.4626847505569458,Q4
30,37,hihp,0.5584670305252075,3.1624224185943604,Q3
30,38,hihp,0.565280556678772,2.4937946796417236,Q3
30,39,hilp,0.6416284441947937,0.5562794208526611,Q4
31,0,hihp,0.668036162853241,1.0032665729522705,Q4
31,1,hihp,0.7011419534683228,1.5794028043746948,Q4
31,2,hihp,0.6951946020126343,3.2242138385772705,Q4
31,3,hihp,0.7316086292266846,0.7414626479148865,Q4
31,4,hihp,0.732903242111206,3.137037754058838,Q4
31,5,hihp,0.6551976203918457,1.8465440273284912,Q4
31,6,hihp,0.6834500432014465,2.589155673980713,Q4
31,7,hihp,0.5920025110244751,2.0694580078125,Q3
31,8,hihp,0.6518152952194214,2.375182628631592,Q4
31,9,hihp,0.7023439407348633,3.0782034397125244,Q4
31,10,hihp,0.6576555371284485,4.116979122161865,Q4
31,11,hihp,0.661292552947998,1.4103267192840576,Q4
31,12,hihp,0.7201523184776306,1.94962477684021,Q4
31,13,hihp,0.7359471917152405,1.2708120346069336,Q4
31,14,hihp,0.7003650665283203,0.9734001755714417,Q4
31,15,hihp,0.6275992393493652,1.7918949127197266,Q4
31,16,hihp,0.6759516596794128,3.8269307613372803,Q4
31,17,hihp,0.739952802658081,2.053391218185425,Q4
31,18,hihp,0.7320493459701538,8.274300575256348,Q4
31,19,hihp,0.6897991895675659,6.64504337310791,Q4
31,20,hihp,0.6990196108818054,2.4522054195404053,Q4
31,21,hihp,0.7305744886398315,2.1556038856506348,Q4
31,22,hihp,0.740174412727356,3.496084690093994,Q4
31,23,hihp,0.7023235559463501,2.332578659057617,Q4
31,24,hihp,0.6562405824661255,1.3634405136108398,Q4
31,25,hihp,0.7154520153999329,3.1492462158203125,Q4
31,26,hihp,0.7112456560134888,3.247006893157959,Q4
31,27,hihp,0.7200233936309814,3.3060758113861084,Q4
31,28,hihp,0.7189503908157349,2.4639039039611816,Q4
31,29,hihp,0.6527495980262756,2.1377713680267334,Q4
31,30,hihp,0.5869027376174927,1.8980238437652588,Q3
31,31,hihp,0.6569371223449707,2.5478551387786865,Q4
31,32,hihp,0.6058094501495361,1.194719672203064,Q3
31,33,hihp,0.7222936153411865,2.2349698543548584,Q4
31,34,hihp,0.5435819625854492,0.7752804160118103,Q3
31,35,hihp,0.7052756547927856,1.157259225845337,Q4
31,36,hihp,0.7059681415557861,1.3439900875091553,Q4
31,37,hihp,0.7402628660202026,3.3909387588500977,Q4
31,38,hihp,0.7393772602081299,2.0076074600219727,Q4
31,39,hihp,0.7399853467941284,3.1700527667999268,Q4
32,0,hihp,0.715107798576355,2.376124858856201,Q4
32,1,hihp,0.7386460900306702,1.8860753774642944,Q4
32,2,hihp,0.6807390451431274,2.4441492557525635,Q4
32,3,hihp,0.6897073984146118,4.553689956665039,Q4
32,4,hihp,0.740119218826294,9.940177917480469,Q4
32,5,hihp,0.5977267026901245,4.005688667297363,Q3
32,6,hihp,0.7001532316207886,1.9905307292938232,Q4
32,7,hihp,0.5999279022216797,2.346529722213745,Q3
32,8,hihp,0.6240684390068054,3.981832981109619,Q4
32,9,hihp,0.5944647192955017,5.34029483795166,Q3
32,10,hilp,0.7223983407020569,0.2229444533586502,Q4
32,11,hilp,0.6065651774406433,0.3864404261112213,Q3
32,12,hihp,0.7026457786560059,0.6275504231452942,Q4
32,13,hihp,0.693798303604126,0.7596843838691711,Q4
32,14,hilp,0.6862809062004089,0.3392888903617859,Q4
32,15,D,0.4465205669403076,0.24498993158340454,Q2
32,16,hilp,0.657188892364502,0.5610393285751343,Q4
32,17,hilp,0.547322154045105,0.40106067061424255,Q3
32,18,hihp,0.5255825519561768,0.9771950840950012,Q3
32,19,D,0.3784245252609253,0.5463204979896545,Q1
32,20,hihp,0.6150398850440979,1.5622596740722656,Q3
32,21,hihp,0.7307335138320923,1.8898875713348389,Q4
32,22,hilp,0.6785873174667358,0.3164639174938202,Q4
32,23,hilp,0.5819509029388428,0.39502811431884766,Q3
32,24,hihp,0.6936434507369995,1.271889567375183,Q4
32,25,hihp,0.7315152883529663,2.805086374282837,Q4
32,26,hihp,0.7395608425140381,4.781236171722412,Q4
32,27,hihp,0.7402606010437012,6.225194931030273,Q4
32,28,hihp,0.6700888872146606,1.353940486907959,Q4
32,29,hihp,0.7386006116867065,2.473109722137451,Q4
32,30,hihp,0.7196168303489685,5.872256755828857,Q4
32,31,hihp,0.5577369928359985,2.5737063884735107,Q3
32,32,hihp,0.7216313481330872,3.79042387008667,Q4
32,33,hihp,0.736172080039978,4.256295204162598,Q4
32,34,hihp,0.7280259132385254,8.605279922485352,Q4
32,35,hihp,0.5827191472053528,1.428504228591919,Q3
32,36,hihp,0.6083999276161194,3.200134038925171,Q3
32,37,hihp,0.6269662380218506,1.8270386457443237,Q4
32,38,hihp,0.5930641889572144,2.14542555809021,Q3
32,39,hihp,0.7225859761238098,1.7686020135879517,Q4
33,0,hihp,0.7293895483016968,2.9718544483184814,Q4
33,1,hihp,0.6962805986404419,1.7212077379226685,Q4
33,2,hihp,0.7223714590072632,4.851191520690918,Q4
33,3,hihp,0.6629704236984253,3.3029520511627197,Q4
33,4,hihp,0.6480790376663208,2.0625834465026855,Q4
33,5,hihp,0.6916351914405823,2.8315563201904297,Q4
33,6,hihp,0.7402629852294922,3.9455223083496094,Q4
33,7,hihp,0.7372466325759888,2.0556392669677734,Q4
33,8,hihp,0.7402628660202026,4.72110652923584,Q4
33,9,hihp,0.7393554449081421,3.7346303462982178,Q4
33,10,hihp,0.6201414465904236,1.4904757738113403,Q3
33,11,hihp,0.5809643268585205,1.8516427278518677,Q3
33,12,hihp,0.6948250532150269,3.4036154747009277,Q4
33,13,hihp,0.8182591199874878,3.848689079284668,Q4
33,14,hihp,0.5200356245040894,0.8494241237640381,Q3
33,15,hihp,0.6102452278137207,2.2397751808166504,Q3
33,16,hihp,0.6443457007408142,3.6848056316375732,Q4
33,17,hihp,0.6468274593353271,1.9470970630645752,Q4
33,18,hihp,0.686618983745575,1.0413318872451782,Q4
33,19,hihp,0.722813606262207,2.5251262187957764,Q4
33,20,hihp,0.6912927031517029,1.6681325435638428,Q4
33,21,hilp,0.681968092918396,0.2726167142391205,Q4
33,22,hihp,0.6857853531837463,0.9379150867462158,Q4
33,23,hihp,0.7048767805099487,0.716661810874939,Q4
33,24,hihp,0.7175602912902832,1.694705843925476,Q4
33,25,hihp,0.7384308576583862,2.1456727981567383,Q4
33,26,hihp,0.666375458240509,1.6020265817642212,Q4
33,27,hihp,0.7115217447280884,1.495612621307373,Q4
33,28,hihp,0.690300703048706,0.7581111192703247,Q4
33,29,hihp,0.6812090873718262,0.8056821823120117,Q4
33,30,hihp,0.7038804292678833,1.556721568107605,Q4
33,31,hilp,0.6654021739959717,0.3976176083087921,Q4
33,32,hihp,0.7399405837059021,1.3781861066818237,Q4
33,33,hihp,0.6752886176109314,1.6080809831619263,Q4
33,34,hihp,0.6993999481201172,5.307017803192139,Q4
33,35,hihp,0.7215826511383057,0.9970510601997375,Q4
33,36,hihp,0.6002508401870728,2.1486265659332275,Q3
33,37,hihp,0.6575125455856323,0.7832050323486328,Q4
33,38,hilp,0.5897492170333862,0.5084183812141418,Q3
33,39,hihp,0.6371715664863586,0.7267205715179443,Q4
34,0,hihp,0.7113122940063477,2.681349515914917,Q4
34,1,hilp,0.7250678539276123,0.140420064330101,Q4
34,2,hihp,0.7368571758270264,4.3404154777526855,Q4
34,3,hihp,0.6999213695526123,0.6155326962471008,Q4
34,4,hihp,0.7211818099021912,0.730033278465271,Q4
34,5,hilp,0.640657901763916,0.5004701018333435,Q4
34,6,hihp,0.6907147169113159,4.07918643951416,Q4
34,7,hihp,0.6148768663406372,3.354079246520996,Q3
34,8,hilp,0.5794228315353394,0.5603072643280029,Q3
34,9,hihp,0.7043617367744446,1.6302247047424316,Q4
34,10,hihp,0.7397913932800293,3.1893880367279053,Q4
34,11,hilp,0.588900625705719,0.3418733775615692,Q3
34,12,hihp,0.7357660531997681,4.791579723358154,Q4
34,13,hihp,0.6534711718559265,0.6385605335235596,Q4
34,14,hihp,0.7336426973342896,1.3608770370483398,Q4
34,15,hihp,0.6236942410469055,1.2692170143127441,Q4
34,16,C,0.5040926933288574,0.9481810331344604,Q2
34,17,C,0.5087230205535889,0.6548802852630615,Q2
34,18,hihp,0.5288382768630981,0.6237936615943909,Q3
34,19,D,0.45960545539855957,0.5177893042564392,Q2
34,20,hilp,0.6214313507080078,0.5974085927009583,Q3
34,21,hilp,0.6362600326538086,0.1681777685880661,Q4
34,22,hihp,0.620664119720459,0.7782821655273438,Q3
34,23,hihp,0.6013166904449463,2.640585422515869,Q3
34,24,hihp,0.6058679819107056,1.0029741525650024,Q3
34,25,hihp,0.7315850853919983,7.803022861480713,Q4
34,26,hihp,0.6872302293777466,2.5356152057647705,Q4
34,27,hihp,0.7116459608078003,3.104314088821411,Q4
34,28,hihp,0.6642073392868042,2.592937469482422,Q4
34,29,hihp,0.6705378293991089,7.452583312988281,Q4
34,30,hihp,0.647230863571167,2.0667195320129395,Q4
34,31,hihp,0.575920581817627,3.2640042304992676,Q3
34,32,hihp,0.6150755882263184,5.1164374351501465,Q3
34,33,hihp,0.5735137462615967,4.672005653381348,Q3
34,34,hihp,0.7018723487854004,0.8109092712402344,Q4
34,35,hihp,0.5663890838623047,1.7548763751983643,Q3
34,36,C,0.4643614590167999,0.8411568999290466,Q2
34,37,hihp,0.6073442697525024,3.0469624996185303,Q3
34,38,hihp,0.5849781632423401,1.712411880493164,Q3
34,39,hihp,0.5610713958740234,0.7704774737358093,Q3
35,0,hihp,0.7030841112136841,3.2196099758148193,Q4
35,1,hilp,0.5790596604347229,0.30244943499565125,Q3
35,2,hilp,0.6233017444610596,0.47424107789993286,Q4
35,3,hihp,0.6416253447532654,1.6771360635757446,Q4
35,4,D,0.4977322220802307,0.24060773849487305,Q2
35,5,hilp,0.6162477135658264,0.1005677878856659,Q3
35,6,hihp,0.7090427279472351,0.8993264436721802,Q4
35,7,hihp,0.7389618754386902,2.974058151245117,Q4
35,8,hilp,0.6762192249298096,0.24452228844165802,Q4
35,9,hilp,0.607541561126709,0.045573946088552475,Q3
35,10,hihp,0.5182010531425476,2.9096686840057373,Q3
35,11,hihp,0.6215319633483887,15.008871078491211,Q3
35,12,C,0.49742013216018677,1.6082850694656372,Q2
35,13,hihp,0.6444224119186401,8.890621185302734,Q4
35,14,hihp,0.6267372965812683,11.878360748291016,Q4
35,15,C,0.3859959840774536,0.7438390254974365,Q1
35,16,hihp,0.5514917373657227,1.3571593761444092,Q3
35,17,hihp,0.6400749683380127,0.6690097451210022,Q4
35,18,hihp,0.5471277236938477,0.7630237340927124,Q3
35,19,hihp,0.7394276261329651,2.677351474761963,Q4
35,20,hihp,0.7345981597900391,1.4058566093444824,Q4
35,21,C,0.5089985132217407,1.1788012981414795,Q2
35,22,hihp,0.5711939930915833,1.5597081184387207,Q3
35,23,hihp,0.722327709197998,1.0713074207305908,Q4
35,24,D,0.460019052028656,0.35583582520484924,Q2
35,25,hihp,0.6719225645065308,0.8212345838546753,Q4
35,26,hihp,0.6914291381835938,2.8377997875213623,Q4
35,27,hihp,0.6452258825302124,4.832493782043457,Q4
35,28,hihp,0.6489598155021667,4.93396520614624,Q4
35,29,hihp,0.6495692729949951,4.1877760887146,Q4
35,30,hihp,0.7376648187637329,6.3345046043396,Q4
35,31,hihp,0.7389812469482422,7.144013404846191,Q4
35,32,hihp,0.7399755716323853,2.195645809173584,Q4
35,33,hihp,0.7397993803024292,3.571603536605835,Q4
35,34,hihp,0.7402628660202026,4.364049434661865,Q4
35,35,hihp,0.6503429412841797,2.0852184295654297,Q4
35,36,hihp,0.5627979040145874,2.042664051055908,Q3
35,37,hihp,0.6147680282592773,2.3800852298736572,Q3
35,38,hihp,0.6503711938858032,3.567612409591675,Q4
35,39,hihp,0.5913702249526978,1.2944985628128052,Q3
36,0,hihp,0.6958380341529846,1.7024152278900146,Q4
36,1,hihp,0.6736846566200256,1.8601479530334473,Q4
36,2,hilp,0.6805239915847778,0.4148792028427124,Q4
36,3,hilp,0.6815110445022583,0.5321927666664124,Q4
36,4,hilp,0.6696652173995972,0.41627439856529236,Q4
36,5,hihp,0.7209892272949219,1.994629979133606,Q4
36,6,hihp,0.6333711743354797,1.1830964088439941,Q4
36,7,hihp,0.7222612500190735,1.743185043334961,Q4
36,8,hihp,0.736691415309906,2.9906699657440186,Q4
36,9,hihp,0.7213845252990723,2.6100759506225586,Q4
36,10,hihp,0.5582563877105713,6.162684440612793,Q3
36,11,D,0.4519646167755127,0.3797312080860138,Q2
36,12,C,0.4272534251213074,5.365912437438965,Q1
36,13,hilp,0.5513197183609009,0.3632727265357971,Q3
36,14,C,0.5061985850334167,5.334939479827881,Q2
36,15,hihp,0.671650767326355,1.4662926197052002,Q4
36,16,D,0.3199778199195862,0.19225795567035675,Q1
36,17,hilp,0.5321545600891113,0.29872676730155945,Q3
36,18,hilp,0.5435258746147156,0.2429109662771225,Q3
36,19,C,0.45283475518226624,0.8947530388832092,Q2
36,20,C,0.3428155779838562,0.8429228663444519,Q1
36,21,hihp,0.5964701175689697,10.581677436828613,Q3
36,22,hihp,0.5475000143051147,4.802240371704102,Q3
36,23,hihp,0.5773993730545044,7.40444278717041,Q3
36,24,C,0.4584013521671295,3.691225528717041,Q2
36,25,hilp,0.5504235625267029,0.18891002237796783,Q3
36,26,C,0.47675976157188416,1.6767081022262573,Q2
36,27,D,0.2928388714790344,0.20331954956054688,Q1
36,28,hilp,0.6422860026359558,0.1418929398059845,Q4
36,29,hilp,0.6792203187942505,0.2739531099796295,Q4
36,30,hihp,0.5235443115234375,5.545083999633789,Q3
36,31,hihp,0.5572685599327087,1.4340384006500244,Q3
36,32,D,0.24764226377010345,0.5854876637458801,Q1
36,33,hihp,0.5837817192077637,2.0378952026367188,Q3
36,34,D,0.19918878376483917,0.0075935604982078075,Q1
36,35,C,0.47739896178245544,0.7120668292045593,Q2
36,36,C,0.49378710985183716,5.549111366271973,Q2
36,37,C,0.46807101368904114,4.998877048492432,Q2
36,38,hihp,0.5191994905471802,1.0650253295898438,Q3
36,39,hihp,0.559156596660614,0.8731491565704346,Q3
37,0,C,0.49648672342300415,2.8775181770324707,Q2
37,1,C,0.4616468548774719,2.184305429458618,Q2
37,2,C,0.46351945400238037,0.6921539306640625,Q2
37,3,hihp,0.5427101850509644,0.8344671130180359,Q3
37,4,hihp,0.5742877721786499,1.5726454257965088,Q3
37,5,hihp,0.7334010601043701,3.5390686988830566,Q4
37,6,hihp,0.7331598401069641,3.4305760860443115,Q4
37,7,hihp,0.660915195941925,2.7410030364990234,Q4
37,8,hihp,0.6870386600494385,0.6988740563392639,Q4
37,9,hihp,0.7341334223747253,2.38720965385437,Q4
37,10,D,0.31609922647476196,0.29746687412261963,Q1
37,11,hihp,0.6732099056243896,0.7630029916763306,Q4
37,12,D,0.3508111238479614,0.06320159882307053,Q1
37,13,hihp,0.715530276298523,0.872583270072937,Q4
37,14,hilp,0.6671886444091797,0.41652947664260864,Q4
37,15,C,0.3354770541191101,3.8566269874572754,Q1
37,16,C,0.3819464445114136,22.146194458007812,Q1
37,17,C,0.43068939447402954,1.1378390789031982,Q1
37,18,C,0.43490856885910034,11.370681762695312,Q1
37,19,hihp,0.606884777545929,4.0305280685424805,Q3
37,20,C,0.38892534375190735,0.7929157018661499,Q1
37,21,C,0.4138466715812683,0.827907145023346,Q1
37,22,hihp,0.6525810360908508,0.8174914717674255,Q4
37,23,C,0.31994205713272095,1.6344482898712158,Q1
37,24,C,0.43047863245010376,0.7631734609603882,Q1
37,25,hilp,0.6960585713386536,0.4488765299320221,Q4
37,26,D,0.15988177061080933,0.20570510625839233,Q1
37,27,hilp,0.6489971280097961,0.19679416716098785,Q4
37,28,hilp,0.6030793190002441,0.09358993172645569,Q3
37,29,hilp,0.528038740158081,0.1921156495809555,Q3
37,30,hihp,0.5769456624984741,4.30828857421875,Q3
37,31,hihp,0.5181764364242554,7.183303356170654,Q3
37,32,hihp,0.621329665184021,1.546255111694336,Q3
37,33,hihp,0.6475856304168701,2.369136095046997,Q4
37,34,hihp,0.6205463409423828,7.074418544769287,Q3
37,35,hihp,0.6512691378593445,1.0585795640945435,Q4
37,36,hihp,0.6707659363746643,1.8685836791992188,Q4
37,37,hihp,0.7332044839859009,1.6448726654052734,Q4
37,38,C,0.2419336587190628,3.924994945526123,Q1
37,39,D,0.291239857673645,0.09493198990821838,Q1
38,0,C,0.36630740761756897,4.156314373016357,Q1
38,1,C,0.28862786293029785,1.5832408666610718,Q1
38,2,C,0.40546929836273193,2.586174249649048,Q1
38,3,C,0.27753403782844543,1.249327540397644,Q1
38,4,C,0.3750244081020355,3.5622825622558594,Q1
38,5,hilp,0.6939631700515747,0.36107972264289856,Q4
38,6,hihp,0.6779865622520447,0.6097894310951233,Q4
38,7,hilp,0.6232371926307678,0.5279819965362549,Q4
38,8,hilp,0.5296666622161865,0.5483432412147522,Q3
38,9,hilp,0.6728007793426514,0.4304332733154297,Q4
38,10,hihp,0.6204937100410461,2.3921632766723633,Q3
38,11,C,0.4445643424987793,2.0075581073760986,Q1
38,12,C,0.5033359527587891,2.033513307571411,Q2
38,13,hihp,0.6403988599777222,3.625434637069702,Q4
38,14,hihp,0.6602455377578735,2.910183906555176,Q4
38,15,hihp,0.6533896327018738,1.0993735790252686,Q4
38,16,hihp,0.5255810618400574,0.7340819239616394,Q3
38,17,hihp,0.7049551010131836,1.1824620962142944,Q4
38,18,hihp,0.6490465402603149,0.818226158618927,Q4
38,19,hihp,0.7059721946716309,1.8779542446136475,Q4
38,20,hihp,0.6600344181060791,0.8052000403404236,Q4
38,21,hihp,0.6463266611099243,0.8458207845687866,Q4
38,22,hilp,0.5956575870513916,0.5708577632904053,Q3
38,23,hilp,0.5534390211105347,0.4518123269081116,Q3
38,24,D,0.493779718875885,0.38114503026008606,Q2
38,25,C,0.4813555181026459,0.7802243232727051,Q2
38,26,hihp,0.5534948110580444,2.6345787048339844,Q3
38,27,hihp,0.5447016954421997,1.9302427768707275,Q3
38,28,C,0.3110072612762451,2.633329391479492,Q1
38,29,C,0.44202685356140137,1.947225570678711,Q1
38,30,hihp,0.5480453968048096,6.983238697052002,Q3
38,31,C,0.4826311767101288,4.521404266357422,Q2
38,32,hihp,0.6867765188217163,3.4730989933013916,Q4
38,33,hihp,0.6251049041748047,10.02101993560791,Q4
38,34,hihp,0.5768790245056152,2.5409188270568848,Q3
38,35,hihp,0.6017208695411682,19.514238357543945,Q3
38,36,C,0.43774378299713135,1.0382695198059082,Q1
38,37,hihp,0.5426410436630249,1.6791129112243652,Q3
38,38,hihp,0.5811161398887634,8.646655082702637,Q3
38,39,C,0.2846185564994812,4.327528953552246,Q1
39,0,C,0.4282453656196594,2.376220226287842,Q1
39,1,C,0.3674740195274353,2.903249740600586,Q1
39,2,hihp,0.519024133682251,9.358887672424316,Q3
39,3,hihp,0.5399309396743774,11.974133491516113,Q3
39,4,hihp,0.5227384567260742,16.995548248291016,Q3
39,5,hihp,0.6678454279899597,5.369597434997559,Q4
39,6,hihp,0.7238244414329529,0.9421674609184265,Q4
39,7,hihp,0.6243200898170471,1.1710063219070435,Q4
39,8,hihp,0.5941290855407715,1.8777238130569458,Q3
39,9,hihp,0.6215424537658691,1.2446043491363525,Q3
39,10,C,0.353421151638031,3.2886292934417725,Q1
39,11,C,0.301369845867157,11.042597770690918,Q1
39,12,C,0.3188696503639221,6.304769515991211,Q1
39,13,C,0.30119243264198303,4.147684574127197,Q1
39,14,C,0.42104727029800415,2.2450528144836426,Q1
39,15,hihp,0.6679476499557495,1.3753960132598877,Q4
39,16,hihp,0.7108951210975647,0.6260132193565369,Q4
39,17,hihp,0.7134210467338562,1.934438705444336,Q4
39,18,hihp,0.6904827356338501,1.9516189098358154,Q4
39,19,hihp,0.6987278461456299,1.3039414882659912,Q4
39,20,hihp,0.5766760110855103,6.7758893966674805,Q3
39,21,hihp,0.6174765825271606,2.361243724822998,Q3
39,22,hihp,0.5326240062713623,2.3858766555786133,Q3
39,23,hihp,0.6331748962402344,19.21518325805664,Q4
39,24,hihp,0.6328792572021484,8.504495620727539,Q4
39,25,C,0.2643972337245941,1.6598776578903198,Q1
39,26,C,0.16741225123405457,0.980941653251648,Q1
39,27,C,0.4293496012687683,1.84650456905365,Q1
39,28,hihp,0.6302641034126282,1.3390861749649048,Q4
39,29,C,0.4960346221923828,1.886269211769104,Q2
39,30,C,0.44643434882164,0.9308332204818726,Q2
39,31,C,0.30181100964546204,1.9410333633422852,Q1
39,32,hihp,0.5339873433113098,0.6945143342018127,Q3
39,33,C,0.4351741373538971,0.6313472986221313,Q1
39,34,C,0.46550896763801575,1.872049331665039,Q2
39,35,hihp,0.651027500629425,3.1803550720214844,Q4
39,36,hihp,0.5442702770233154,0.794236421585083,Q3
39,37,hihp,0.6506598591804504,1.637082815170288,Q4
39,38,hihp,0.678834080696106,1.2239357233047485,Q4
39,39,hihp,0.6747979521751404,4.09173059463501,Q4
40,0,C,0.15044710040092468,2.772272825241089,Q1
40,1,D,0.42298561334609985,0.3376692533493042,Q1
40,2,C,0.4852890372276306,0.8886018395423889,Q2
40,3,C,0.22186461091041565,3.387404203414917,Q1
40,4,C,0.1095418706536293,5.7385993003845215,Q1
40,5,hihp,0.5427694320678711,0.8888322710990906,Q3
40,6,C,0.2003864049911499,1.0227038860321045,Q1
40,7,C,0.2479134202003479,4.147891044616699,Q1
40,8,C,0.3089925944805145,1.0726133584976196,Q1
40,9,C,0.2219376415014267,2.9916610717773438,Q1
40,10,C,0.4999258518218994,1.838696002960205,Q2
40,11,C,0.5095838308334351,9.082472801208496,Q2
40,12,C,0.08624589443206787,5.416672706604004,Q1
40,13,C,0.26366913318634033,3.360788583755493,Q1
40,14,C,0.269159734249115,5.318955898284912,Q1
40,15,hilp,0.5439568161964417,0.27158114314079285,Q3
40,16,hihp,0.6544198989868164,4.132735252380371,Q4
40,17,hihp,0.6610766649246216,4.333681583404541,Q4
40,18,hihp,0.6541789174079895,1.8912148475646973,Q4
40,19,hihp,0.65329909324646,1.2893052101135254,Q4
40,20,C,0.26425600051879883,0.9373422861099243,Q1
40,21,C,0.33540892601013184,0.9364578723907471,Q1
40,22,C,0.34179359674453735,1.111063003540039,Q1
40,23,C,0.33991295099258423,2.8179450035095215,Q1
40,24,C,0.22017990052700043,2.3111391067504883,Q1
40,25,C,0.15890651941299438,4.0128350257873535,Q1
40,26,C,0.305921733379364,5.724491596221924,Q1
40,27,C,0.25911226868629456,4.308307647705078,Q1
40,28,C,0.25259846448898315,11.012960433959961,Q1
40,29,C,0.44375109672546387,4.289437294006348,Q1
40,30,hihp,0.6203460097312927,2.922788143157959,Q3
40,31,C,0.46828728914260864,1.4874144792556763,Q2
40,32,hihp,0.6373834609985352,1.5994443893432617,Q4
40,33,D,0.46673619747161865,0.3122156262397766,Q2
40,34,hihp,0.6727569103240967,1.9652677774429321,Q4
40,35,C,0.37081074714660645,10.22269344329834,Q1
40,36,C,0.33507370948791504,1.229708194732666,Q1
40,37,D,0.44325801730155945,0.44154322147369385,Q1
40,38,C,0.453239768743515,2.890401840209961,Q2
40,39,C,0.2982822358608246,2.019026279449463,Q1
41,0,C,0.3980390131473541,0.8412142992019653,Q1
41,1,hihp,0.6499377489089966,1.5627819299697876,Q4
41,2,D,0.23837682604789734,0.2631629407405853,Q1
41,3,D,0.12509508430957794,0.5951573848724365,Q1
41,4,D,0.46953731775283813,0.21250048279762268,Q2
41,5,hihp,0.6820604801177979,1.1185383796691895,Q4
41,6,hilp,0.6038272380828857,0.2631169855594635,Q3
41,7,hihp,0.6478500962257385,1.8742982149124146,Q4
41,8,hilp,0.6344962120056152,0.331439733505249,Q4
41,9,D,0.4750969409942627,0.5077892541885376,Q2
41,10,C,0.46417468786239624,5.9767560958862305,Q2
41,11,C,0.26806893944740295,9.826018333435059,Q1
41,12,C,0.33477747440338135,1.4955791234970093,Q1
41,13,C,0.30142658948898315,5.066317081451416,Q1
41,14,C,0.3439519703388214,1.8243052959442139,Q1
41,15,hihp,0.5335911512374878,0.6164052486419678,Q3
41,16,D,0.39643996953964233,0.39811834692955017,Q1
41,17,hihp,0.6261422634124756,1.461288571357727,Q4
41,18,D,0.37816721200942993,0.2485094517469406,Q1
41,19,hihp,0.5223073959350586,1.822272539138794,Q3
41,20,C,0.3031279444694519,5.879950046539307,Q1
41,21,C,0.302621454000473,3.8992040157318115,Q1
41,22,C,0.19217368960380554,5.41439962387085,Q1
41,23,C,0.3397969603538513,5.076718330383301,Q1
41,24,C,0.23938661813735962,6.4344706535339355,Q1
41,25,hilp,0.6460669040679932,0.5116130709648132,Q4
41,26,D,0.38540467619895935,0.13634338974952698,Q1
41,27,D,0.3838421106338501,0.22130350768566132,Q1
41,28,D,0.4173772633075714,0.09849857538938522,Q1
41,29,D,0.3418574035167694,0.08276446908712387,Q1
41,30,hihp,0.6151678562164307,2.0610568523406982,Q3
41,31,C,0.461642861366272,1.1525681018829346,Q2
41,32,D,0.39762791991233826,0.3140166103839874,Q1
41,33,D,0.22030487656593323,0.39108917117118835,Q1
41,34,hihp,0.5372580289840698,0.6460126638412476,Q3
41,35,hihp,0.6143183708190918,2.6660783290863037,Q3
41,36,hihp,0.6352275609970093,3.2312371730804443,Q4
41,37,C,0.3674406409263611,0.6285721063613892,Q1
41,38,hihp,0.6401325464248657,2.1782684326171875,Q4
41,39,hihp,0.5639017820358276,0.9384380578994751,Q3
42,0,C,0.2927512526512146,3.394127607345581,Q1
42,1,C,0.20554876327514648,10.22717571258545,Q1
42,2,C,0.15406721830368042,5.408772945404053,Q1
42,3,C,0.26904743909835815,3.8280344009399414,Q1
42,4,C,0.2792552709579468,2.4751522541046143,Q1
42,5,C,0.18542909622192383,11.07009220123291,Q1
42,6,C,0.2618655264377594,4.89358377456665,Q1
42,7,C,0.2804549038410187,5.635898113250732,Q1
42,8,C,0.27676090598106384,2.1196341514587402,Q1
42,9,C,0.4347210228443146,2.7891323566436768,Q1
42,10,hihp,0.5248974561691284,2.9389123916625977,Q3
42,11,hihp,0.5745851993560791,3.5005149841308594,Q3
42,12,hihp,0.6132940053939819,2.1435635089874268,Q3
42,13,hihp,0.5284678339958191,1.402547001838684,Q3
42,14,C,0.4962642788887024,1.259394884109497,Q2
42,15,C,0.16394105553627014,5.863184452056885,Q1
42,16,C,0.2602576017379761,3.0432043075561523,Q1
42,17,C,0.1620323359966278,11.580652236938477,Q1
42,18,C,0.2617976665496826,8.3814058303833,Q1
42,19,C,0.3104272186756134,4.140189170837402,Q1
42,20,C,0.15018567442893982,5.387720108032227,Q1
42,21,C,0.21132072806358337,4.731212139129639,Q1
42,22,C,0.19729022681713104,6.82218074798584,Q1
42,23,C,0.23370471596717834,6.3458428382873535,Q1
42,24,C,0.25611063838005066,5.641073703765869,Q1
42,25,D,0.3255022168159485,0.25100141763687134,Q1
42,26,hilp,0.6132164001464844,0.5526349544525146,Q3
42,27,D,0.35366225242614746,0.14960117638111115,Q1
42,28,hihp,0.5601216554641724,1.1269651651382446,Q3
42,29,hihp,0.5862717628479004,1.345971703529358,Q3
42,30,hihp,0.6093523502349854,2.8885302543640137,Q3
42,31,D,0.4016810655593872,0.4546712338924408,Q1
42,32,D,0.44971615076065063,0.2217138558626175,Q2
42,33,C,0.39846888184547424,0.9399237036705017,Q1
42,34,D,0.38012784719467163,0.2410130351781845,Q1
42,35,hihp,0.590979814529419,3.099182367324829,Q3
42,36,hihp,0.5409146547317505,2.0142722129821777,Q3
42,37,C,0.3934943675994873,0.6821020841598511,Q1
42,38,C,0.3718060255050659,1.0965663194656372,Q1
42,39,hilp,0.5953814387321472,0.5746458768844604,Q3
43,0,hilp,0.5525080561637878,0.2761417627334595,Q3
43,1,hilp,0.5719789266586304,0.4829834997653961,Q3
43,2,hihp,0.6317397356033325,1.5828455686569214,Q4
43,3,D,0.45274388790130615,0.50723797082901,Q2
43,4,hihp,0.6611757874488831,1.632472038269043,Q4
43,5,C,0.41027694940567017,3.853015899658203,Q1
43,6,C,0.07454820722341537,2.2718639373779297,Q1
43,7,C,0.186321422457695,2.9885778427124023,Q1
43,8,C,0.4277728796005249,0.6511102914810181,Q1
43,9,C,0.3726018965244293,0.9544776082038879,Q1
43,10,C,0.2746738791465759,4.7222208976745605,Q1
43,11,C,0.3331020474433899,2.4617297649383545,Q1
43,12,hihp,0.6197006702423096,1.0312607288360596,Q3
43,13,C,0.5067501068115234,12.0313081741333,Q2
43,14,hihp,0.5816377401351929,6.786884784698486,Q3
43,15,C,0.23177579045295715,12.105167388916016,Q1
43,16,C,0.1494300216436386,2.4530112743377686,Q1
43,17,C,0.1540631204843521,9.744311332702637,Q1
43,18,C,0.2090398520231247,6.62982702255249,Q1
43,19,C,0.15574659407138824,9.579200744628906,Q1
43,20,hihp,0.5707353353500366,1.2004345655441284,Q3
43,21,hihp,0.5911226272583008,0.9291015267372131,Q3
43,22,hihp,0.6037217378616333,1.218013882637024,Q3
43,23,D,0.3610685467720032,0.44020965695381165,Q1
43,24,D,0.4563981294631958,0.5609683394432068,Q2
43,25,hihp,0.5191617608070374,3.0007681846618652,Q3
43,26,hihp,0.5669504404067993,4.201968669891357,Q3
43,27,C,0.5075200796127319,3.9946250915527344,Q2
43,28,hihp,0.644902229309082,3.7312304973602295,Q4
43,29,hihp,0.5362534523010254,4.928614139556885,Q3
43,30,C,0.3226207494735718,32.56377410888672,Q1
43,31,C,0.3026847541332245,11.158576965332031,Q1
43,32,C,0.36540254950523376,13.108148574829102,Q1
43,33,C,0.3621078133583069,14.38663101196289,Q1
43,34,C,0.37192612886428833,33.492679595947266,Q1
43,35,C,0.18439121544361115,2.6483402252197266,Q1
43,36,C,0.13346484303474426,8.473862648010254,Q1
43,37,C,0.20928332209587097,3.7795603275299072,Q1
43,38,C,0.2407260537147522,9.460399627685547,Q1
43,39,C,0.3560669422149658,0.6970229148864746,Q1
44,0,hihp,0.6011325120925903,5.076412677764893,Q3
44,1,hihp,0.6043523550033569,7.187111854553223,Q3
44,2,hihp,0.6491683721542358,2.957341194152832,Q4
44,3,hihp,0.5516476631164551,1.738015055656433,Q3
44,4,hihp,0.6089562177658081,5.481623649597168,Q3
44,5,C,0.4315144121646881,4.085431098937988,Q1
44,6,C,0.48525458574295044,6.347269058227539,Q2
44,7,hihp,0.5241653323173523,3.4415016174316406,Q3
44,8,C,0.44396689534187317,3.393284797668457,Q1
44,9,C,0.40248221158981323,6.298273086547852,Q1
44,10,C,0.3549804389476776,5.9846673011779785,Q1
44,11,C,0.4356487989425659,10.911123275756836,Q1
44,12,C,0.43316662311553955,4.5889201164245605,Q1
44,13,hihp,0.6049304008483887,1.619577407836914,Q3
44,14,C,0.39849525690078735,6.80490255355835,Q1
44,15,C,0.38969886302948,9.26125717163086,Q1
44,16,hihp,0.5171669721603394,3.6898887157440186,Q3
44,17,C,0.41493844985961914,5.880014419555664,Q1
44,18,C,0.4156503677368164,6.940014362335205,Q1
44,19,C,0.4230350852012634,9.469649314880371,Q1
44,20,D,0.3638269901275635,0.5509973168373108,Q1
44,21,C,0.403935968875885,1.3813482522964478,Q1
44,22,C,0.19845619797706604,8.59500789642334,Q1
44,23,C,0.2498703896999359,2.015002727508545,Q1
44,24,C,0.5017224550247192,1.0407137870788574,Q2
44,25,C,0.26986151933670044,4.5756330490112305,Q1
44,26,C,0.20443594455718994,3.8405120372772217,Q1
44,27,C,0.1849764585494995,9.742955207824707,Q1
44,28,C,0.23619258403778076,4.981279373168945,Q1
44,29,C,0.17160382866859436,5.030240058898926,Q1
44,30,hihp,0.5243083238601685,1.7929766178131104,Q3
44,31,C,0.3842281103134155,1.489574909210205,Q1
44,32,C,0.4884996712207794,5.860730171203613,Q2
44,33,C,0.45984041690826416,3.774425745010376,Q2
44,34,C,0.4748738408088684,3.600519895553589,Q2
44,35,C,0.10961979627609253,3.9099655151367188,Q1
44,36,C,0.34408101439476013,1.01376211643219,Q1
44,37,C,0.24619266390800476,9.127598762512207,Q1
44,38,C,0.1650778353214264,2.942932367324829,Q1
44,39,D,0.3129245936870575,0.598412275314331,Q1
45,0,C,0.39057958126068115,0.9222314953804016,Q1
45,1,C,0.44866713881492615,1.4462887048721313,Q2
45,2,C,0.5013080835342407,0.8421629667282104,Q2
45,3,C,0.45845890045166016,1.1755101680755615,Q2
45,4,D,0.28219884634017944,0.4817348122596741,Q1
45,5,hihp,0.577556848526001,1.8293238878250122,Q3
45,6,C,0.4322470426559448,2.689659833908081,Q1
45,7,C,0.3739284873008728,3.2407009601593018,Q1
45,8,hihp,0.5376247763633728,5.132411003112793,Q3
45,9,hihp,0.5482970476150513,6.904584884643555,Q3
45,10,C,0.4212656021118164,9.809072494506836,Q1
45,11,C,0.4015585780143738,1.859130620956421,Q1
45,12,hihp,0.5305031538009644,1.2458783388137817,Q3
45,13,C,0.43824946880340576,4.45723819732666,Q1
45,14,C,0.35334253311157227,2.5354416370391846,Q1
45,15,hihp,0.5270968675613403,9.03888988494873,Q3
45,16,hihp,0.5237830281257629,10.226357460021973,Q3
45,17,hihp,0.5358341932296753,10.465164184570312,Q3
45,18,hihp,0.5497677326202393,1.8461639881134033,Q3
45,19,hihp,0.5938864350318909,4.84774112701416,Q3
45,20,C,0.273603230714798,21.63728141784668,Q1
45,21,C,0.3143247365951538,12.103271484375,Q1
45,22,C,0.19661444425582886,5.7825798988342285,Q1
45,23,C,0.47154414653778076,1.7185611724853516,Q2
45,24,C,0.47144922614097595,6.09306001663208,Q2
45,25,C,0.25940775871276855,25.590829849243164,Q1
45,26,C,0.182557612657547,8.92666244506836,Q1
45,27,C,0.2633996605873108,20.97146987915039,Q1
45,28,C,0.44550102949142456,3.012716293334961,Q1
45,29,C,0.3274892568588257,15.698935508728027,Q1
45,30,C,0.1747085303068161,3.401506185531616,Q1
45,31,C,0.4348970651626587,0.8345953822135925,Q1
45,32,C,0.18275569379329681,5.161349773406982,Q1
45,33,C,0.18365663290023804,9.934764862060547,Q1
45,34,C,0.37770533561706543,3.2500319480895996,Q1
45,35,C,0.31782758235931396,5.293903350830078,Q1
45,36,C,0.24036730825901031,5.153165340423584,Q1
45,37,C,0.2095203697681427,13.70675277709961,Q1
45,38,C,0.2377956360578537,6.07811975479126,Q1
45,39,C,0.1661590039730072,5.921026229858398,Q1
46,0,C,0.17479866743087769,8.702447891235352,Q1
46,1,C,0.30378198623657227,9.86994457244873,Q1
46,2,C,0.4196528196334839,2.400663375854492,Q1
46,3,C,0.2270536869764328,4.105729579925537,Q1
46,4,C,0.1871558129787445,5.544171333312988,Q1
46,5,C,0.12905007600784302,5.741985321044922,Q1
46,6,C,0.24305787682533264,12.48169994354248,Q1
46,7,C,0.41838690638542175,4.094193458557129,Q1
46,8,C,0.3298256993293762,4.0462141036987305,Q1
46,9,C,0.3910268247127533,4.435122966766357,Q1
46,10,C,0.3394381105899811,16.02276039123535,Q1
46,11,C,0.3286377191543579,15.121552467346191,Q1
46,12,C,0.3294486403465271,14.654195785522461,Q1
46,13,C,0.3773798942565918,20.64409637451172,Q1
46,14,C,0.3799780607223511,19.32413101196289,Q1
46,15,C,0.3915795683860779,1.3620084524154663,Q1
46,16,C,0.2929249703884125,1.4536505937576294,Q1
46,17,C,0.47243210673332214,5.0143938064575195,Q2
46,18,hihp,0.5338171720504761,6.391696453094482,Q3
46,19,C,0.38677191734313965,1.0769356489181519,Q1
46,20,C,0.1421467661857605,21.23754119873047,Q1
46,21,C,0.2805069088935852,7.839270114898682,Q1
46,22,C,0.26893943548202515,8.245645523071289,Q1
46,23,C,0.250146746635437,7.545332431793213,Q1
46,24,C,0.3305891454219818,1.4775322675704956,Q1
46,25,hihp,0.6424317359924316,13.81536865234375,Q4
46,26,C,0.46817970275878906,1.8411314487457275,Q2
46,27,C,0.20213885605335236,20.133991241455078,Q1
46,28,C,0.30000796914100647,15.708477973937988,Q1
46,29,C,0.26089560985565186,16.605125427246094,Q1
46,30,C,0.4763210415840149,5.683022499084473,Q2
46,31,C,0.4202444553375244,2.9230642318725586,Q1
46,32,C,0.23302292823791504,3.0155742168426514,Q1
46,33,C,0.13752207159996033,6.845336437225342,Q1
46,34,C,0.45419585704803467,6.1905364990234375,Q2
46,35,C,0.4362080693244934,10.767658233642578,Q1
46,36,C,0.45868128538131714,7.577872276306152,Q2
46,37,C,0.4957573413848877,5.528190612792969,Q2
46,38,C,0.48533159494400024,7.070996284484863,Q2
46,39,C,0.3050670623779297,1.1378123760223389,Q1
47,0,C,0.265764057636261,3.3497183322906494,Q1
47,1,C,0.28393954038619995,3.060225486755371,Q1
47,2,C,0.31467992067337036,5.741184711456299,Q1
47,3,C,0.42081794142723083,6.539245128631592,Q1
47,4,C,0.37894153594970703,4.09575891494751,Q1
47,5,C,0.2261747419834137,3.0383780002593994,Q1
47,6,C,0.3740989565849304,1.697277545928955,Q1
47,7,C,0.3151800036430359,1.876449465751648,Q1
47,8,C,0.18202146887779236,7.118298530578613,Q1
47,9,C,0.28055763244628906,5.194331169128418,Q1
47,10,C,0.30410605669021606,20.406482696533203,Q1
47,11,C,0.14239344000816345,2.891618490219116,Q1
47,12,C,0.40386199951171875,2.0452322959899902,Q1
47,13,C,0.22680291533470154,2.7700634002685547,Q1
47,14,C,0.2803773880004883,4.5456390380859375,Q1
47,15,C,0.3696209192276001,2.3415188789367676,Q1
47,16,C,0.43240198493003845,2.360513925552368,Q1
47,17,C,0.23778265714645386,3.2037174701690674,Q1
47,18,C,0.37961694598197937,3.097404718399048,Q1
47,19,C,0.2640157639980316,2.95737624168396,Q1
47,20,C,0.4560326933860779,4.094717502593994,Q2
47,21,C,0.4349499046802521,3.552576780319214,Q1
47,22,C,0.30041444301605225,7.113872051239014,Q1
47,23,C,0.38514697551727295,4.095204830169678,Q1
47,24,C,0.368900865316391,4.96852970123291,Q1
47,25,hihp,0.5134595632553101,3.7669379711151123,Q3
47,26,C,0.3357631266117096,1.9073864221572876,Q1
47,27,C,0.3784492611885071,0.6763302683830261,Q1
47,28,C,0.48005637526512146,2.202625036239624,Q2
47,29,hihp,0.580807626247406,3.271764039993286,Q3
47,30,C,0.4682008624076843,2.5062012672424316,Q2
47,31,hihp,0.5265085697174072,7.370397090911865,Q3
47,32,hihp,0.5129818916320801,4.9728569984436035,Q3
47,33,C,0.26339197158813477,3.702338933944702,Q1
47,34,C,0.14464914798736572,2.6896822452545166,Q1
47,35,C,0.36453402042388916,4.226306915283203,Q1
47,36,C,0.4070277810096741,6.006500244140625,Q1
47,37,C,0.41075775027275085,5.699128150939941,Q1
47,38,C,0.1889626681804657,2.2819478511810303,Q1
47,39,C,0.4727979600429535,5.416922569274902,Q2
