layer,head,mean_abs_delta,mean_signed_delta,n_trials
0,0,0.025275735294117647,-0.006893382352941176,68
0,1,0.024356617647058824,-0.012408088235294117,68
0,2,0.055376838235294115,0.003446691176470588,68
0,3,0.023207720588235295,0.001608455882352941,68
0,4,0.019301470588235295,0.0,68
0,5,0.025505514705882353,-0.00942095588235294,68
0,6,0.03125,-0.001838235294117647,68
0,7,0.02665441176470588,-0.0009191176470588235,68
0,8,0.027113970588235295,-0.0078125,68
0,9,0.01884191176470588,-0.004136029411764706,68
0,10,0.034466911764705885,-0.019761029411764705,68
0,11,0.02389705882352941,-0.0009191176470588235,68
0,12,0.03079044117647059,-0.0059742647058823525,68
0,13,0.019761029411764705,0.003216911764705882,68
0,14,0.027573529411764705,0.0055147058823529415,68
0,15,0.029411764705882353,-0.01011029411764706,68
1,0,0.03079044117647059,-0.01332720588235294,68
1,1,0.034466911764705885,-0.00045955882352941176,68
1,2,0.03170955882352941,0.009650735294117647,68
1,3,0.025735294117647058,-0.009191176470588236,68
1,4,0.05698529411764706,-0.0009191176470588235,68
1,5,0.035386029411764705,-0.008731617647058824,68
1,6,0.02849264705882353,-0.0009191176470588235,68
1,7,0.04342830882352941,0.003446691176470588,68
1,8,0.024816176470588234,-0.004595588235294118,68
1,9,0.025275735294117647,0.003216911764705882,68
1,10,0.02297794117647059,-0.0055147058823529415,68
1,11,0.03079044117647059,-0.0078125,68
1,12,0.025735294117647058,-0.0027573529411764708,68
1,13,0.02068014705882353,0.004136029411764706,68
1,14,0.0390625,0.006893382352941176,68
1,15,0.029871323529411766,-0.011488970588235295,68
2,0,0.035845588235294115,-0.011948529411764705,68
2,1,0.0390625,-0.006893382352941176,68
2,2,0.027113970588235295,0.0013786764705882354,68
2,3,0.029181985294117647,-0.008961397058823529,68
2,4,0.03125,0.001838235294117647,68
2,5,0.03561580882352941,0.011259191176470588,68
2,6,0.022058823529411766,-0.01011029411764706,68
2,7,0.028722426470588234,-0.0029871323529411763,68
2,8,0.03056066176470588,-0.00942095588235294,68
2,9,0.028722426470588234,-0.0057444852941176475,68
2,10,0.034926470588235295,-0.001838235294117647,68
2,11,0.035386029411764705,0.002297794117647059,68
2,12,0.01907169117647059,0.0006893382352941177,68
2,13,0.02803308823529412,-0.011488970588235295,68
2,14,0.03216911764705882,-0.011029411764705883,68
2,15,0.03400735294117647,-0.007352941176470588,68
3,0,0.022518382352941176,-0.006893382352941176,68
3,1,0.02849264705882353,-0.012867647058823529,68
3,2,0.02803308823529412,0.003216911764705882,68
3,3,0.03400735294117647,0.0027573529411764708,68
3,4,0.02458639705882353,-0.004365808823529412,68
3,5,0.029871323529411766,-0.00045955882352941176,68
3,6,0.028952205882352942,-0.004136029411764706,68
3,7,0.01953125,-0.0006893382352941177,68
3,8,0.03699448529411765,-0.001608455882352941,68
3,9,0.02068014705882353,-0.0013786764705882354,68
3,10,0.02619485294117647,0.00045955882352941176,68
3,11,0.046185661764705885,-0.007123161764705882,68
3,12,0.0390625,0.0013786764705882354,68
3,13,0.029411764705882353,0.003676470588235294,68
3,14,0.024816176470588234,-0.0027573529411764708,68
3,15,0.034466911764705885,-0.004136029411764706,68
4,0,0.035386029411764705,-0.006893382352941176,68
4,1,0.04250919117647059,-0.004825367647058824,68
4,2,0.035845588235294115,0.0009191176470588235,68
4,3,0.034926470588235295,-0.001838235294117647,68
4,4,0.021139705882352942,0.0055147058823529415,68
4,5,0.03079044117647059,-0.010569852941176471,68
4,6,0.035845588235294115,0.0027573529411764708,68
4,7,0.024356617647058824,-0.011488970588235295,68
4,8,0.04044117647058824,-0.0055147058823529415,68
4,9,0.031479779411764705,0.002527573529411765,68
4,10,0.03308823529411765,0.006433823529411764,68
4,11,0.027113970588235295,-0.002297794117647059,68
4,12,0.03170955882352941,-0.009650735294117647,68
4,13,0.03079044117647059,-0.0059742647058823525,68
4,14,0.04044117647058824,-0.016544117647058824,68
4,15,0.04434742647058824,-0.00022977941176470588,68
5,0,0.02803308823529412,-0.011488970588235295,68
5,1,0.02068014705882353,-0.0013786764705882354,68
5,2,0.03676470588235294,-0.016544117647058824,68
5,3,0.046185661764705885,-0.004825367647058824,68
5,4,0.035845588235294115,0.0009191176470588235,68
5,5,0.05767463235294118,-0.01907169117647059,68
5,6,0.06502757352941177,-0.01171875,68
5,7,0.02068014705882353,-0.006893382352941176,68
5,8,0.03676470588235294,-0.016544117647058824,68
5,9,0.05744485294117647,-0.0059742647058823525,68
5,10,0.03125,-0.009191176470588236,68
5,11,0.02022058823529412,-0.009191176470588236,68
5,12,0.05124080882352941,-0.010799632352941176,68
5,13,0.03561580882352941,-0.01907169117647059,68
5,14,0.03308823529411765,-0.0055147058823529415,68
5,15,0.025735294117647058,-0.0055147058823529415,68
6,0,0.03791360294117647,-0.002527573529411765,68
6,1,0.03125,-0.007352941176470588,68
6,2,0.04388786764705882,-0.007582720588235294,68
6,3,0.035386029411764705,-0.004136029411764706,68
6,4,0.054917279411764705,-0.008042279411764705,68
6,5,0.03170955882352941,-0.01332720588235294,68
6,6,0.03331801470588235,0.004365808823529412,68
6,7,0.05193014705882353,0.009650735294117647,68
6,8,0.027113970588235295,-0.003216911764705882,68
6,9,0.04894301470588235,0.008961397058823529,68
6,10,0.02389705882352941,-0.0055147058823529415,68
6,11,0.03814338235294118,0.0013786764705882354,68
6,12,0.08547794117647059,0.015625,68
6,13,0.06778492647058823,-0.011259191176470588,68
6,14,0.028262867647058824,-0.009880514705882353,68
6,15,0.03607536764705882,0.0029871323529411763,68
7,0,0.02389705882352941,-0.01011029411764706,68
7,1,0.021599264705882353,-0.004136029411764706,68
7,2,0.02734375,-0.012637867647058824,68
7,3,0.01884191176470588,-0.003216911764705882,68
7,4,0.03998161764705882,-0.0013786764705882354,68
7,5,0.05330882352941176,0.007352941176470588,68
7,6,0.04296875,0.0029871323529411763,68
7,7,0.022058823529411766,-0.007352941176470588,68
7,8,0.013786764705882353,-0.006433823529411764,68
7,9,0.05560661764705882,-0.02619485294117647,68
7,10,0.027113970588235295,-0.006893382352941176,68
7,11,0.019301470588235295,-0.0027573529411764708,68
7,12,0.04917279411764706,-0.0059742647058823525,68
7,13,0.03079044117647059,-0.006893382352941176,68
7,14,0.05124080882352941,0.00390625,68
7,15,0.03125,-0.004595588235294118,68
8,0,0.053998161764705885,-0.010340073529411764,68
8,1,0.03125,-0.016544117647058824,68
8,2,0.05698529411764706,-0.02297794117647059,68
8,3,0.03125,-0.006433823529411764,68
8,4,0.05124080882352941,0.00022977941176470588,68
8,5,0.03998161764705882,-0.008731617647058824,68
8,6,0.04963235294117647,-0.025735294117647058,68
8,7,0.0744485294117647,0.007352941176470588,68
8,8,0.035386029411764705,-0.008731617647058824,68
8,9,0.043198529411764705,-0.011948529411764705,68
8,10,0.04595588235294118,-0.0009191176470588235,68
8,11,0.053998161764705885,-0.005284926470588236,68
8,12,0.06548713235294118,0.003446691176470588,68
8,13,0.04021139705882353,-0.0057444852941176475,68
8,14,0.03515625,-0.01677389705882353,68
8,15,0.03722426470588235,-0.004136029411764706,68
9,0,0.04090073529411765,-0.014246323529411764,68
9,1,0.03630514705882353,-0.00045955882352941176,68
9,2,0.014705882352941176,0.0,68
9,3,0.03079044117647059,-0.0078125,68
9,4,0.03998161764705882,-0.009650735294117647,68
9,5,0.03745404411764706,-0.008042279411764705,68
9,6,0.02849264705882353,-0.001838235294117647,68
9,7,0.047564338235294115,-0.008961397058823529,68
9,8,0.03630514705882353,0.00505514705882353,68
9,9,0.043658088235294115,0.004136029411764706,68
9,10,0.03699448529411765,-0.010340073529411764,68
9,11,0.035845588235294115,0.0027573529411764708,68
9,12,0.034466911764705885,-0.006893382352941176,68
9,13,0.06525735294117647,0.007352941176470588,68
9,14,0.02665441176470588,-0.008272058823529412,68
9,15,0.021139705882352942,-0.003676470588235294,68
10,0,0.046875,-0.0027573529411764708,68
10,1,0.03216911764705882,-0.0009191176470588235,68
10,2,0.029411764705882353,-0.013786764705882353,68
10,3,0.04917279411764706,0.008731617647058824,68
10,4,0.04917279411764706,0.0013786764705882354,68
10,5,0.022058823529411766,-0.019301470588235295,68
10,6,0.03170955882352941,-0.011488970588235295,68
10,7,0.03814338235294118,-0.015165441176470588,68
10,8,0.03860294117647059,-0.0027573529411764708,68
10,9,0.055376838235294115,-0.010340073529411764,68
10,10,0.024816176470588234,-0.003676470588235294,68
10,11,0.02389705882352941,-0.0055147058823529415,68
10,12,0.035845588235294115,0.007352941176470588,68
10,13,0.058363970588235295,-0.010569852941176471,68
10,14,0.04825367647058824,0.00045955882352941176,68
10,15,0.034926470588235295,0.0055147058823529415,68
11,0,0.035386029411764705,-0.006893382352941176,68
11,1,0.023207720588235295,-0.00390625,68
11,2,0.03262867647058824,-0.01608455882352941,68
11,3,0.027573529411764705,-0.0055147058823529415,68
11,4,0.03377757352941176,-0.007123161764705882,68
11,5,0.04894301470588235,-0.02274816176470588,68
11,6,0.030330882352941176,-0.004595588235294118,68
11,7,0.03423713235294118,0.010340073529411764,68
11,8,0.06801470588235294,0.014705882352941176,68
11,9,0.02619485294117647,-0.0013786764705882354,68
11,10,0.028952205882352942,-0.0078125,68
11,11,0.01838235294117647,-0.003676470588235294,68
11,12,0.04204963235294118,0.00022977941176470588,68
11,13,0.03308823529411765,0.001838235294117647,68
11,14,0.03354779411764706,0.0059742647058823525,68
11,15,0.034466911764705885,-0.006893382352941176,68
12,0,0.02803308823529412,0.00045955882352941176,68
12,1,0.042738970588235295,-0.01332720588235294,68
12,2,0.042279411764705885,0.0027573529411764708,68
12,3,0.04595588235294118,-0.016544117647058824,68
12,4,0.046875,-0.011029411764705883,68
12,5,0.029411764705882353,0.0,68
12,6,0.026424632352941176,-0.0062040441176470585,68
12,7,0.028722426470588234,-0.008042279411764705,68
12,8,0.025735294117647058,0.001838235294117647,68
12,9,0.027573529411764705,0.007352941176470588,68
12,10,0.017003676470588234,-0.0059742647058823525,68
12,11,0.03354779411764706,-0.0013786764705882354,68
12,12,0.028952205882352942,-0.0059742647058823525,68
12,13,0.025735294117647058,0.0055147058823529415,68
12,14,0.02412683823529412,0.0062040441176470585,68
12,15,0.024816176470588234,-0.0009191176470588235,68
13,0,0.03400735294117647,0.0009191176470588235,68
13,1,0.02665441176470588,0.0027573529411764708,68
13,2,0.025275735294117647,-0.009650735294117647,68
13,3,0.03354779411764706,-0.0013786764705882354,68
13,4,0.02389705882352941,-0.001838235294117647,68
13,5,0.027573529411764705,-0.0027573529411764708,68
13,6,0.029411764705882353,-0.004595588235294118,68
13,7,0.02068014705882353,0.004136029411764706,68
13,8,0.05744485294117647,-0.029871323529411766,68
13,9,0.04894301470588235,-0.003446691176470588,68
13,10,0.019301470588235295,-0.003676470588235294,68
13,11,0.03768382352941176,0.004595588235294118,68
13,12,0.03079044117647059,-0.010569852941176471,68
13,13,0.03308823529411765,-0.0055147058823529415,68
13,14,0.038373161764705885,-0.009880514705882353,68
13,15,0.034466911764705885,-0.01608455882352941,68
14,0,0.03262867647058824,0.0013786764705882354,68
14,1,0.03170955882352941,0.00045955882352941176,68
14,2,0.04779411764705882,0.003676470588235294,68
14,3,0.042738970588235295,-0.02068014705882353,68
14,4,0.03308823529411765,-0.009191176470588236,68
14,5,0.04825367647058824,-0.003216911764705882,68
14,6,0.054917279411764705,0.018612132352941176,68
14,7,0.038832720588235295,-0.005284926470588236,68
14,8,0.03630514705882353,-0.012408088235294117,68
14,9,0.03814338235294118,0.0059742647058823525,68
14,10,0.057904411764705885,0.007352941176470588,68
14,11,0.047104779411764705,0.01999080882352941,68
14,12,0.04044117647058824,-0.001838235294117647,68
14,13,0.018612132352941176,-0.004825367647058824,68
14,14,0.03354779411764706,-0.00505514705882353,68
14,15,0.029871323529411766,-0.011488970588235295,68
15,0,0.04480698529411765,0.008501838235294117,68
15,1,0.0390625,-0.0059742647058823525,68
15,2,0.034926470588235295,-0.012867647058823529,68
15,3,0.01838235294117647,-0.0009191176470588235,68
15,4,0.050551470588235295,-0.006433823529411764,68
15,5,0.03262867647058824,-0.0059742647058823525,68
15,6,0.03722426470588235,0.0013786764705882354,68
15,7,0.031020220588235295,-0.00666360294117647,68
15,8,0.04457720588235294,-0.009650735294117647,68
15,9,0.03860294117647059,-0.001838235294117647,68
15,10,0.025275735294117647,-0.0078125,68
15,11,0.03607536764705882,0.003446691176470588,68
15,12,0.04503676470588235,-0.004595588235294118,68
15,13,0.027113970588235295,-0.0078125,68
15,14,0.046185661764705885,-0.0057444852941176475,68
15,15,0.0703125,-0.024356617647058824,68
16,0,0.035845588235294115,0.0,68
16,1,0.05078125,-0.004825367647058824,68
16,2,0.05307904411764706,-0.013097426470588236,68
16,3,0.028952205882352942,-0.015165441176470588,68
16,4,0.05514705882352941,-0.03125,68
16,5,0.034466911764705885,0.002297794117647059,68
16,6,0.03469669117647059,-0.0011488970588235295,68
16,7,0.03308823529411765,-0.0055147058823529415,68
16,8,0.0234375,-0.008731617647058824,68
16,9,0.03262867647058824,-0.006893382352941176,68
16,10,0.025735294117647058,-0.007352941176470588,68
16,11,0.03630514705882353,-0.010569852941176471,68
16,12,0.02297794117647059,0.0027573529411764708,68
16,13,0.017922794117647058,-0.003216911764705882,68
16,14,0.035845588235294115,-0.012867647058823529,68
16,15,0.025275735294117647,-0.0078125,68
17,0,0.02458639705882353,-0.008042279411764705,68
17,1,0.02297794117647059,0.0,68
17,2,0.02389705882352941,-0.011029411764705883,68
17,3,0.0390625,-0.017003676470588234,68
17,4,0.01884191176470588,-0.002297794117647059,68
17,5,0.024356617647058824,-0.008731617647058824,68
17,6,0.06571691176470588,0.003216911764705882,68
17,7,0.0546875,-0.006893382352941176,68
17,8,0.01884191176470588,-0.014246323529411764,68
17,9,0.027573529411764705,-0.003676470588235294,68
17,10,0.025275735294117647,-0.00505514705882353,68
17,11,0.04549632352941176,-0.003216911764705882,68
17,12,0.06732536764705882,0.001608455882352941,68
17,13,0.0900735294117647,-0.01011029411764706,68
17,14,0.04342830882352941,0.001608455882352941,68
17,15,0.14590992647058823,0.05905330882352941,68
18,0,0.04549632352941176,-0.008731617647058824,68
18,1,0.02228860294117647,0.002068014705882353,68
18,2,0.01608455882352941,-0.0078125,68
18,3,0.04457720588235294,-0.00505514705882353,68
18,4,0.029871323529411766,-0.00045955882352941176,68
18,5,0.05951286764705882,-0.0062040441176470585,68
18,6,0.05606617647058824,0.014705882352941176,68
18,7,0.05606617647058824,-0.013786764705882353,68
18,8,0.02849264705882353,-0.014705882352941176,68
18,9,0.04067095588235294,-0.014935661764705883,68
18,10,0.022518382352941176,-0.002297794117647059,68
18,11,0.04159007352941176,-0.015854779411764705,68
18,12,0.08088235294117647,0.01838235294117647,68
18,13,0.0705422794117647,-0.004825367647058824,68
18,14,0.04457720588235294,-0.0059742647058823525,68
18,15,0.05606617647058824,0.0055147058823529415,68
19,0,0.03860294117647059,-0.001838235294117647,68
19,1,0.03768382352941176,-0.008272058823529412,68
19,2,0.03354779411764706,-0.011488970588235295,68
19,3,0.06893382352941177,-0.008272058823529412,68
19,4,0.06893382352941177,-0.0027573529411764708,68
19,5,0.04595588235294118,-0.012867647058823529,68
19,6,0.025275735294117647,0.003216911764705882,68
19,7,0.022518382352941176,-0.010569852941176471,68
19,8,0.04044117647058824,-0.009191176470588236,68
19,9,0.03170955882352941,-0.0078125,68
19,10,0.02297794117647059,-0.008272058823529412,68
19,11,0.021139705882352942,-0.0027573529411764708,68
19,12,0.05422794117647059,-0.015625,68
19,13,0.04457720588235294,-0.01332720588235294,68
19,14,0.06341911764705882,0.004595588235294118,68
19,15,0.03170955882352941,-0.01608455882352941,68
20,0,0.05652573529411765,0.0013786764705882354,68
20,1,0.03262867647058824,-0.010569852941176471,68
20,2,0.02389705882352941,-0.003676470588235294,68
20,3,0.047564338235294115,-0.010799632352941176,68
20,4,0.06548713235294118,-0.00022977941176470588,68
20,5,0.0234375,-0.01332720588235294,68
20,6,0.03860294117647059,-0.015625,68
20,7,0.034466911764705885,-0.0059742647058823525,68
20,8,0.03125,-0.006433823529411764,68
20,9,0.025735294117647058,0.0027573529411764708,68
20,10,0.04871323529411765,-0.019301470588235295,68
20,11,0.02849264705882353,-0.004595588235294118,68
20,12,0.03860294117647059,-0.009191176470588236,68
20,13,0.05193014705882353,-0.01332720588235294,68
20,14,0.04986213235294118,0.0062040441176470585,68
20,15,0.04641544117647059,0.00045955882352941176,68
21,0,0.043658088235294115,-0.017003676470588234,68
21,1,0.08295036764705882,-0.008501838235294117,68
21,2,0.043658088235294115,-0.002297794117647059,68
21,3,0.04113051470588235,-0.0029871323529411763,68
21,4,0.03768382352941176,0.0027573529411764708,68
21,5,0.03952205882352941,-0.0027573529411764708,68
21,6,0.05353860294117647,-0.01631433823529412,68
21,7,0.05238970588235294,0.01011029411764706,68
21,8,0.0546875,0.01608455882352941,68
21,9,0.06985294117647059,0.017463235294117647,68
21,10,0.062270220588235295,0.002068014705882353,68
21,11,0.11465992647058823,-0.04342830882352941,68
21,12,0.04159007352941176,0.004365808823529412,68
21,13,0.03400735294117647,-0.0027573529411764708,68
21,14,0.06135110294117647,-0.023207720588235295,68
21,15,0.042738970588235295,0.015165441176470588,68
22,0,0.07261029411764706,-0.02849264705882353,68
22,1,0.07123161764705882,0.01884191176470588,68
22,2,0.03079044117647059,0.002297794117647059,68
22,3,0.06479779411764706,0.014246323529411764,68
22,4,0.028722426470588234,-0.00942095588235294,68
22,5,0.05813419117647059,0.025505514705882353,68
22,6,0.05032169117647059,-0.003446691176470588,68
22,7,0.06640625,-0.03469669117647059,68
22,8,0.11098345588235294,-0.054457720588235295,68
22,9,0.051011029411764705,0.009650735294117647,68
22,10,0.04434742647058824,0.01171875,68
22,11,0.03216911764705882,0.0009191176470588235,68
22,12,0.04733455882352941,0.002297794117647059,68
22,13,0.05744485294117647,-0.01608455882352941,68
22,14,0.043658088235294115,0.006893382352941176,68
22,15,0.06847426470588236,-0.017003676470588234,68
23,0,0.05698529411764706,0.022058823529411766,68
23,1,0.053998161764705885,-0.008961397058823529,68
23,2,0.03998161764705882,-0.010569852941176471,68
23,3,0.03262867647058824,0.00045955882352941176,68
23,4,0.030330882352941176,-0.009191176470588236,68
23,5,0.029641544117647058,0.007123161764705882,68
23,6,0.04434742647058824,0.014935661764705883,68
23,7,0.04457720588235294,0.011488970588235295,68
23,8,0.03170955882352941,0.0013786764705882354,68
23,9,0.02619485294117647,0.00045955882352941176,68
23,10,0.06778492647058823,-0.013097426470588236,68
23,11,0.03170955882352941,-0.00045955882352941176,68
23,12,0.05032169117647059,0.01401654411764706,68
23,13,0.03860294117647059,-0.011029411764705883,68
23,14,0.06433823529411764,0.0055147058823529415,68
23,15,0.046185661764705885,0.01171875,68
24,0,0.03308823529411765,0.001838235294117647,68
24,1,0.030330882352941176,-0.006433823529411764,68
24,2,0.07973345588235294,0.010340073529411764,68
24,3,0.05583639705882353,0.002068014705882353,68
24,4,0.09581801470588236,-0.05124080882352941,68
24,5,0.09030330882352941,0.03745404411764706,68
24,6,0.05675551470588235,-0.018152573529411766,68
24,7,0.04549632352941176,0.021599264705882353,68
24,8,0.03079044117647059,-0.01608455882352941,68
24,9,0.02619485294117647,-0.0013786764705882354,68
24,10,0.025735294117647058,-0.012867647058823529,68
24,11,0.07973345588235294,-0.010799632352941176,68
24,12,0.029411764705882353,-0.009191176470588236,68
24,13,0.02068014705882353,-0.008731617647058824,68
24,14,0.06755514705882353,0.019761029411764705,68
24,15,0.05560661764705882,0.004136029411764706,68
25,0,0.14177389705882354,-0.062270220588235295,68
25,1,0.19921875,0.04986213235294118,68
25,2,0.1645220588235294,0.06709558823529412,68
25,3,0.05721507352941176,-0.00390625,68
25,4,0.04549632352941176,0.01608455882352941,68
25,5,0.061810661764705885,-0.01401654411764706,68
25,6,0.07950367647058823,-0.02803308823529412,68
25,7,0.07674632352941177,0.01332720588235294,68
25,8,0.04411764705882353,0.001838235294117647,68
25,9,0.04250919117647059,0.01631433823529412,68
25,10,0.04572610294117647,0.00390625,68
25,11,0.02803308823529412,-0.008731617647058824,68
25,12,0.02849264705882353,-0.006433823529411764,68
25,13,0.02022058823529412,-0.009191176470588236,68
25,14,0.046645220588235295,0.00666360294117647,68
25,15,0.030330882352941176,-0.0027573529411764708,68
26,0,0.024356617647058824,-0.006893382352941176,68
26,1,0.062270220588235295,0.007123161764705882,68
26,2,0.17095588235294118,0.02297794117647059,68
26,3,0.10891544117647059,0.04090073529411765,68
26,4,0.05514705882352941,0.0055147058823529415,68
26,5,0.04595588235294118,0.011948529411764705,68
26,6,0.07077205882352941,0.017463235294117647,68
26,7,0.05974264705882353,-0.0009191176470588235,68
26,8,0.1410845588235294,-0.10340073529411764,68
26,9,0.11856617647058823,0.07996323529411764,68
26,10,0.06801470588235294,0.003676470588235294,68
26,11,0.08409926470588236,-0.011488970588235295,68
26,12,0.027573529411764705,-0.011029411764705883,68
26,13,0.06135110294117647,0.008501838235294117,68
26,14,0.02297794117647059,-0.01011029411764706,68
26,15,0.051470588235294115,0.022058823529411766,68
27,0,0.04296875,0.00390625,68
27,1,0.09512867647058823,-0.008731617647058824,68
27,2,0.046645220588235295,-0.0011488970588235295,68
27,3,0.0625,0.014705882352941176,68
27,4,0.05905330882352941,0.01171875,68
27,5,0.0861672794117647,-0.03285845588235294,68
27,6,0.035386029411764705,-0.0078125,68
27,7,0.0661764705882353,0.01838235294117647,68
27,8,0.057904411764705885,-0.015625,68
27,9,0.07077205882352941,0.006433823529411764,68
27,10,0.0625,-0.022058823529411766,68
27,11,0.025275735294117647,-0.014246323529411764,68
27,12,0.05284926470588235,0.011488970588235295,68
27,13,0.09489889705882353,-0.031479779411764705,68
27,14,0.13947610294117646,-0.06778492647058823,68
27,15,0.13028492647058823,0.05261948529411765,68
28,0,0.022058823529411766,0.0,68
28,1,0.03998161764705882,-0.00045955882352941176,68
28,2,0.021599264705882353,-0.004136029411764706,68
28,3,0.04090073529411765,-0.0059742647058823525,68
28,4,0.06387867647058823,0.004136029411764706,68
28,5,0.04181985294117647,-0.0078125,68
28,6,0.013786764705882353,0.0009191176470588235,68
28,7,0.024816176470588234,-0.01011029411764706,68
28,8,0.021599264705882353,-0.004136029411764706,68
28,9,0.021599264705882353,-0.009650735294117647,68
28,10,0.031020220588235295,0.005284926470588236,68
28,11,0.05560661764705882,-0.00045955882352941176,68
28,12,0.04044117647058824,0.0,68
28,13,0.04296875,-0.013556985294117647,68
28,14,0.029871323529411766,-0.004136029411764706,68
28,15,0.03768382352941176,0.0,68
29,0,0.022058823529411766,-0.0027573529411764708,68
29,1,0.025505514705882353,-0.003446691176470588,68
29,2,0.02022058823529412,-0.0055147058823529415,68
29,3,0.025735294117647058,-0.012867647058823529,68
29,4,0.0861672794117647,0.0057444852941176475,68
29,5,0.02780330882352941,-0.00022977941176470588,68
29,6,0.07697610294117647,-0.003446691176470588,68
29,7,0.021599264705882353,0.002297794117647059,68
29,8,0.021599264705882353,-0.012408088235294117,68
29,9,0.02619485294117647,-0.004136029411764706,68
29,10,0.05997242647058824,-0.0029871323529411763,68
29,11,0.05652573529411765,-0.011488970588235295,68
29,12,0.0666360294117647,0.01332720588235294,68
29,13,0.03079044117647059,-0.006893382352941176,68
29,14,0.26378676470588236,-0.011029411764705883,68
29,15,0.17279411764705882,-0.007352941176470588,68
30,0,0.07100183823529412,-0.01401654411764706,68
30,1,0.02665441176470588,-0.0027573529411764708,68
30,2,0.027113970588235295,-0.0013786764705882354,68
30,3,0.015854779411764705,-0.00390625,68
30,4,0.019301470588235295,-0.011948529411764705,68
30,5,0.034926470588235295,-0.008272058823529412,68
30,6,0.0859375,0.035386029411764705,68
30,7,0.08708639705882353,-0.03561580882352941,68
30,8,0.03216911764705882,0.0027573529411764708,68
30,9,0.02022058823529412,-0.009191176470588236,68
30,10,0.03056066176470588,-0.02228860294117647,68
30,11,0.03630514705882353,-0.010569852941176471,68
30,12,0.03170955882352941,-0.009650735294117647,68
30,13,0.02389705882352941,-0.011029411764705883,68
30,14,0.06985294117647059,0.004595588235294118,68
30,15,0.10454963235294118,0.023667279411764705,68
31,0,0.046645220588235295,0.008501838235294117,68
31,1,0.05261948529411765,-0.014476102941176471,68
31,2,0.03561580882352941,-0.013556985294117647,68
31,3,0.05353860294117647,0.005284926470588236,68
31,4,0.03400735294117647,-0.017463235294117647,68
31,5,0.04296875,-0.00666360294117647,68
31,6,0.03630514705882353,-0.00045955882352941176,68
31,7,0.024356617647058824,-0.00045955882352941176,68
31,8,0.03377757352941176,0.00022977941176470588,68
31,9,0.027573529411764705,-0.001838235294117647,68
31,10,0.022518382352941176,-0.009650735294117647,68
31,11,0.0234375,0.002297794117647059,68
31,12,0.07904411764705882,0.001838235294117647,68
31,13,0.030330882352941176,-0.01011029411764706,68
31,14,0.07973345588235294,0.01171875,68
31,15,0.029871323529411766,-0.012408088235294117,68
32,0,0.02803308823529412,-0.0078125,68
32,1,0.017463235294117647,-0.001838235294117647,68
32,2,0.03653492647058824,-0.007123161764705882,68
32,3,0.009650735294117647,-0.002297794117647059,68
32,4,0.029871323529411766,-0.011488970588235295,68
32,5,0.02297794117647059,-0.007352941176470588,68
32,6,0.0390625,-0.02619485294117647,68
32,7,0.03170955882352941,0.00505514705882353,68
32,8,0.02458639705882353,-0.002068014705882353,68
32,9,0.025965073529411766,0.0011488970588235295,68
32,10,0.10202205882352941,-0.035845588235294115,68
32,11,0.0861672794117647,0.04250919117647059,68
32,12,0.027573529411764705,-0.007352941176470588,68
32,13,0.020909926470588234,-0.002527573529411765,68
32,14,0.02022058823529412,-0.009191176470588236,68
32,15,0.03653492647058824,-0.005284926470588236,68
33,0,0.02665441176470588,-0.016544117647058824,68
33,1,0.02619485294117647,-0.011488970588235295,68
33,2,0.030330882352941176,-0.003676470588235294,68
33,3,0.021599264705882353,-0.008731617647058824,68
33,4,0.06778492647058823,0.02228860294117647,68
33,5,0.09191176470588236,-0.05606617647058824,68
33,6,0.09834558823529412,-0.04136029411764706,68
33,7,0.13648897058823528,-0.01608455882352941,68
33,8,0.03814338235294118,-0.015165441176470588,68
33,9,0.024356617647058824,-0.0059742647058823525,68
33,10,0.04963235294117647,0.0055147058823529415,68
33,11,0.022518382352941176,-0.002297794117647059,68
33,12,0.025735294117647058,-0.016544117647058824,68
33,13,0.03285845588235294,-0.008501838235294117,68
33,14,0.022058823529411766,-0.009191176470588236,68
33,15,0.02412683823529412,-0.0057444852941176475,68
34,0,0.02022058823529412,-0.001838235294117647,68
34,1,0.017922794117647058,-0.01332720588235294,68
34,2,0.02022058823529412,-0.006433823529411764,68
34,3,0.01332720588235294,-0.003216911764705882,68
34,4,0.019761029411764705,-0.003216911764705882,68
34,5,0.08938419117647059,0.004365808823529412,68
34,6,0.017463235294117647,-0.0009191176470588235,68
34,7,0.11925551470588236,-0.003446691176470588,68
34,8,0.029411764705882353,-0.016544117647058824,68
34,9,0.03998161764705882,-0.003216911764705882,68
34,10,0.034926470588235295,0.003676470588235294,68
34,11,0.022518382352941176,-0.004136029411764706,68
34,12,0.022518382352941176,-0.009650735294117647,68
34,13,0.0234375,-0.012408088235294117,68
34,14,0.025275735294117647,-0.014246323529411764,68
34,15,0.028952205882352942,-0.009650735294117647,68
35,0,0.022058823529411766,-0.007352941176470588,68
35,1,0.02665441176470588,-0.015625,68
35,2,0.030330882352941176,-0.017463235294117647,68
35,3,0.034926470588235295,-0.011029411764705883,68
35,4,0.03998161764705882,-0.010569852941176471,68
35,5,0.025735294117647058,-0.0055147058823529415,68
35,6,0.025735294117647058,-0.01011029411764706,68
35,7,0.016544117647058824,-0.003676470588235294,68
35,8,0.046875,-0.001838235294117647,68
35,9,0.04526654411764706,0.0062040441176470585,68
35,10,0.03308823529411765,-0.007352941176470588,68
35,11,0.03079044117647059,-0.003216911764705882,68
35,12,0.022518382352941176,-0.014246323529411764,68
35,13,0.027573529411764705,-0.0055147058823529415,68
35,14,0.02297794117647059,-0.0027573529411764708,68
35,15,0.05307904411764706,0.007123161764705882,68
36,0,0.029871323529411766,-0.0059742647058823525,68
36,1,0.03814338235294118,0.008731617647058824,68
36,2,0.07284007352941177,0.021829044117647058,68
36,3,0.054457720588235295,-0.03010110294117647,68
36,4,0.035845588235294115,-0.006433823529411764,68
36,5,0.03998161764705882,0.0013786764705882354,68
36,6,0.02619485294117647,-0.00045955882352941176,68
36,7,0.020909926470588234,-0.00390625,68
36,8,0.02734375,-0.008501838235294117,68
36,9,0.06755514705882353,0.022518382352941176,68
36,10,0.05124080882352941,-0.007123161764705882,68
36,11,0.02297794117647059,-0.009191176470588236,68
36,12,0.014246323529411764,-0.0059742647058823525,68
36,13,0.017463235294117647,-0.008272058823529412,68
36,14,0.031939338235294115,0.0006893382352941177,68
36,15,0.05078125,-0.02274816176470588,68
37,0,0.02022058823529412,-0.0055147058823529415,68
37,1,0.02803308823529412,-0.011488970588235295,68
37,2,0.024816176470588234,-0.0027573529411764708,68
37,3,0.014476102941176471,-0.00666360294117647,68
37,4,0.05307904411764706,0.0062040441176470585,68
37,5,0.055376838235294115,0.00390625,68
37,6,0.015165441176470588,-0.011488970588235295,68
37,7,0.04963235294117647,-0.011029411764705883,68
37,8,0.035386029411764705,-0.0078125,68
37,9,0.04411764705882353,0.0,68
37,10,0.05974264705882353,0.017463235294117647,68
37,11,0.02068014705882353,-0.009650735294117647,68
37,12,0.47771139705882354,-0.3187040441176471,68
37,13,0.11557904411764706,0.01999080882352941,68
37,14,0.027113970588235295,-0.00505514705882353,68
37,15,0.12339154411764706,-0.00390625,68
38,0,0.019761029411764705,-0.008731617647058824,68
38,1,0.04090073529411765,-0.002297794117647059,68
38,2,0.01884191176470588,-0.0059742647058823525,68
38,3,0.02068014705882353,-0.0059742647058823525,68
38,4,0.01907169117647059,-0.008042279411764705,68
38,5,0.031939338235294115,-0.004365808823529412,68
38,6,0.017463235294117647,-0.009191176470588236,68
38,7,0.02619485294117647,-0.002297794117647059,68
38,8,0.1135110294117647,-0.017922794117647058,68
38,9,0.03331801470588235,-0.018612132352941176,68
38,10,0.021139705882352942,-0.008272058823529412,68
38,11,0.018152573529411766,-0.0029871323529411763,68
38,12,0.05974264705882353,0.021139705882352942,68
38,13,0.03791360294117647,-0.00390625,68
38,14,0.11672794117647059,-0.0055147058823529415,68
38,15,0.04204963235294118,-0.01631433823529412,68
39,0,0.06893382352941177,0.019301470588235295,68
39,1,0.09237132352941177,-0.04733455882352941,68
39,2,0.07284007352941177,-0.00022977941176470588,68
39,3,0.05859375,0.00942095588235294,68
39,4,0.03285845588235294,-0.012637867647058824,68
39,5,0.021139705882352942,-0.0009191176470588235,68
39,6,0.09191176470588236,0.029411764705882353,68
39,7,0.1875,-0.10018382352941177,68
39,8,0.02297794117647059,-0.008272058823529412,68
39,9,0.022518382352941176,-0.0059742647058823525,68
39,10,0.01631433823529412,-0.00666360294117647,68
39,11,0.08869485294117647,0.008731617647058824,68
39,12,0.0978860294117647,-0.05744485294117647,68
39,13,0.10294117647058823,0.04044117647058824,68
39,14,0.043198529411764705,-0.015625,68
39,15,0.1518841911764706,-0.015395220588235295,68
40,0,0.17853860294117646,0.004825367647058824,68
40,1,0.022518382352941176,-0.00045955882352941176,68
40,2,0.08662683823529412,0.03791360294117647,68
40,3,0.29894301470588236,-0.13993566176470587,68
40,4,0.01608455882352941,-0.003216911764705882,68
40,5,0.022518382352941176,-0.011488970588235295,68
40,6,0.07674632352941177,-0.011488970588235295,68
40,7,0.03791360294117647,-0.0006893382352941177,68
40,8,0.02068014705882353,-0.004136029411764706,68
40,9,0.016544117647058824,-0.001838235294117647,68
40,10,0.10822610294117647,-0.025505514705882353,68
40,11,0.27458639705882354,0.12660845588235295,68
40,12,0.32605698529411764,-0.00666360294117647,68
40,13,0.05721507352941176,-0.007582720588235294,68
40,14,0.0625,-0.025735294117647058,68
40,15,0.08134191176470588,0.04549632352941176,68
41,0,0.04250919117647059,-0.011259191176470588,68
41,1,0.03331801470588235,-0.0057444852941176475,68
41,2,0.03860294117647059,-0.003676470588235294,68
41,3,0.11282169117647059,-0.009880514705882353,68
41,4,0.055376838235294115,0.003446691176470588,68
41,5,0.04825367647058824,-0.00045955882352941176,68
41,6,0.31135110294117646,-0.031939338235294115,68
41,7,0.3361672794117647,0.07881433823529412,68
41,8,0.04434742647058824,-0.010799632352941176,68
41,9,0.017003676470588234,0.0013786764705882354,68
41,10,0.11649816176470588,-0.03285845588235294,68
41,11,0.051470588235294115,0.029411764705882353,68
41,12,0.010569852941176471,0.00045955882352941176,68
41,13,0.014705882352941176,0.001838235294117647,68
41,14,0.05744485294117647,0.017003676470588234,68
41,15,0.014705882352941176,0.007352941176470588,68
