model,seed,group,ratio,k,k_actual,mean_abs_delta,median_abs_delta,n_eval_trials,n_cal_pairs,n_eval_pairs,n_cell_hihp,n_cell_hilp,n_cell_C,n_cell_D
olmo-2-13b-instruct,43,hihp_imp_desc,0.01,16,16,1.0950032552083333,0.65625,960,20,80,509,291,291,509
olmo-2-13b-instruct,43,hihp_imp_desc,0.03,48,48,2.154853089650472,1.53125,960,20,80,509,291,291,509
olmo-2-13b-instruct,43,hihp_imp_desc,0.05,80,80,2.335762532552083,1.84375,960,20,80,509,291,291,509
olmo-2-13b-instruct,43,hihp_imp_desc,0.07,112,112,2.588828277587891,2.15625,960,20,80,509,291,291,509
olmo-2-13b-instruct,43,hihp_imp_desc,0.1,160,160,4.14995714823405,3.8046875,960,20,80,509,291,291,509
olmo-2-13b-instruct,43,hihp_imp_desc,0.12,192,192,4.997997649510702,4.796875,960,20,80,509,291,291,509
olmo-2-13b-instruct,43,hihp_imp_desc,0.15,240,240,5.979296072324117,5.73046875,960,20,80,509,291,291,509
olmo-2-13b-instruct,43,hihp_imp_desc,0.181875,291,291,8.4131911277771,7.857666015625,960,20,80,509,291,291,509
olmo-2-13b-instruct,43,hihp_imp_desc,0.2,320,320,8.453485933939616,8.082275390625,960,20,80,509,291,291,509
olmo-2-13b-instruct,43,hihp_imp_desc,0.3,480,480,8.947493584950765,8.431640625,960,20,80,509,291,291,509
olmo-2-13b-instruct,43,hihp_imp_desc,0.5,800,509,9.53237632115682,8.98046875,960,20,80,509,291,291,509
olmo-2-13b-instruct,43,hihp_imp_asc,0.01,16,16,0.16106770833333334,0.125,960,20,80,509,291,291,509
olmo-2-13b-instruct,43,hihp_imp_asc,0.03,48,48,0.16735026041666667,0.125,960,20,80,509,291,291,509
olmo-2-13b-instruct,43,hihp_imp_asc,0.05,80,80,0.19710286458333334,0.15625,960,20,80,509,291,291,509
olmo-2-13b-instruct,43,hihp_imp_asc,0.07,112,112,0.20914713541666666,0.1875,960,20,80,509,291,291,509
olmo-2-13b-instruct,43,hihp_imp_asc,0.1,160,160,0.2845377604166667,0.21875,960,20,80,509,291,291,509
olmo-2-13b-instruct,43,hihp_imp_asc,0.12,192,192,0.2960611979166667,0.21875,960,20,80,509,291,291,509
olmo-2-13b-instruct,43,hihp_imp_asc,0.15,240,240,0.45901692708333336,0.359375,960,20,80,509,291,291,509
olmo-2-13b-instruct,43,hihp_imp_asc,0.181875,291,291,1.1500244140625,0.90625,960,20,80,509,291,291,509
olmo-2-13b-instruct,43,hihp_imp_asc,0.2,320,320,1.3913736979166667,1.21875,960,20,80,509,291,291,509
olmo-2-13b-instruct,43,hihp_imp_asc,0.3,480,480,7.71963373819987,6.7265625,960,20,80,509,291,291,509
olmo-2-13b-instruct,43,hihp_imp_asc,0.5,800,509,9.53237632115682,8.98046875,960,20,80,509,291,291,509
olmo-2-13b-instruct,43,hilp_imp_desc,0.01,16,16,0.037337239583333334,0.03125,960,20,80,509,291,291,509
olmo-2-13b-instruct,43,hilp_imp_desc,0.03,48,48,0.04479166666666667,0.03125,960,20,80,509,291,291,509
olmo-2-13b-instruct,43,hilp_imp_desc,0.05,80,80,0.056380208333333334,0.0625,960,20,80,509,291,291,509
olmo-2-13b-instruct,43,hilp_imp_desc,0.07,112,112,0.05888671875,0.0625,960,20,80,509,291,291,509
olmo-2-13b-instruct,43,hilp_imp_desc,0.1,160,160,0.06487630208333334,0.0625,960,20,80,509,291,291,509
olmo-2-13b-instruct,43,hilp_imp_desc,0.12,192,192,0.06591796875,0.0625,960,20,80,509,291,291,509
olmo-2-13b-instruct,43,hilp_imp_desc,0.15,240,240,0.06943359375,0.0625,960,20,80,509,291,291,509
olmo-2-13b-instruct,43,hilp_imp_desc,0.181875,291,291,0.06943359375,0.0625,960,20,80,509,291,291,509
olmo-2-13b-instruct,43,hilp_imp_desc,0.2,320,291,0.06943359375,0.0625,960,20,80,509,291,291,509
olmo-2-13b-instruct,43,hilp_imp_desc,0.3,480,291,0.06943359375,0.0625,960,20,80,509,291,291,509
olmo-2-13b-instruct,43,hilp_imp_desc,0.5,800,291,0.06943359375,0.0625,960,20,80,509,291,291,509
olmo-2-13b-instruct,43,hilp_imp_asc,0.01,16,16,0.030891927083333333,0.03125,960,20,80,509,291,291,509
olmo-2-13b-instruct,43,hilp_imp_asc,0.03,48,48,0.036848958333333334,0.03125,960,20,80,509,291,291,509
olmo-2-13b-instruct,43,hilp_imp_asc,0.05,80,80,0.04443359375,0.03125,960,20,80,509,291,291,509
olmo-2-13b-instruct,43,hilp_imp_asc,0.07,112,112,0.04889322916666667,0.03125,960,20,80,509,291,291,509
olmo-2-13b-instruct,43,hilp_imp_asc,0.1,160,160,0.05185546875,0.03125,960,20,80,509,291,291,509
olmo-2-13b-instruct,43,hilp_imp_asc,0.12,192,192,0.05416666666666667,0.03125,960,20,80,509,291,291,509
olmo-2-13b-instruct,43,hilp_imp_asc,0.15,240,240,0.06214192708333333,0.0625,960,20,80,509,291,291,509
olmo-2-13b-instruct,43,hilp_imp_asc,0.181875,291,291,0.06943359375,0.0625,960,20,80,509,291,291,509
olmo-2-13b-instruct,43,hilp_imp_asc,0.2,320,291,0.06943359375,0.0625,960,20,80,509,291,291,509
olmo-2-13b-instruct,43,hilp_imp_asc,0.3,480,291,0.06943359375,0.0625,960,20,80,509,291,291,509
olmo-2-13b-instruct,43,hilp_imp_asc,0.5,800,291,0.06943359375,0.0625,960,20,80,509,291,291,509
olmo-2-13b-instruct,43,C_imp_asc,0.01,16,16,0.7669993082682292,0.53125,960,20,80,509,291,291,509
olmo-2-13b-instruct,43,C_imp_asc,0.03,48,48,1.8506006876627603,1.21875,960,20,80,509,291,291,509
olmo-2-13b-instruct,43,C_imp_asc,0.05,80,80,2.950304158528646,2.125,960,20,80,509,291,291,509
olmo-2-13b-instruct,43,C_imp_asc,0.07,112,112,3.2612889607747397,2.46875,960,20,80,509,291,291,509
olmo-2-13b-instruct,43,C_imp_asc,0.1,160,160,4.508590284983317,3.5390625,960,20,80,509,291,291,509
olmo-2-13b-instruct,43,C_imp_asc,0.12,192,192,4.951722462972005,3.90625,960,20,80,509,291,291,509
olmo-2-13b-instruct,43,C_imp_asc,0.15,240,240,5.509664662679037,4.4609375,960,20,80,509,291,291,509
olmo-2-13b-instruct,43,C_imp_asc,0.181875,291,291,6.229907401402792,5.078125,960,20,80,509,291,291,509
olmo-2-13b-instruct,43,C_imp_asc,0.2,320,291,6.229907401402792,5.078125,960,20,80,509,291,291,509
olmo-2-13b-instruct,43,C_imp_asc,0.3,480,291,6.229907401402792,5.078125,960,20,80,509,291,291,509
olmo-2-13b-instruct,43,C_imp_asc,0.5,800,291,6.229907401402792,5.078125,960,20,80,509,291,291,509
olmo-2-13b-instruct,43,D_imp_asc,0.01,16,16,0.0296875,0.03125,960,20,80,509,291,291,509
olmo-2-13b-instruct,43,D_imp_asc,0.03,48,48,0.0306640625,0.03125,960,20,80,509,291,291,509
olmo-2-13b-instruct,43,D_imp_asc,0.05,80,80,0.034993489583333336,0.03125,960,20,80,509,291,291,509
olmo-2-13b-instruct,43,D_imp_asc,0.07,112,112,0.0390625,0.03125,960,20,80,509,291,291,509
olmo-2-13b-instruct,43,D_imp_asc,0.1,160,160,0.045638020833333334,0.03125,960,20,80,509,291,291,509
olmo-2-13b-instruct,43,D_imp_asc,0.12,192,192,0.04847005208333333,0.03125,960,20,80,509,291,291,509
olmo-2-13b-instruct,43,D_imp_asc,0.15,240,240,0.05546875,0.0625,960,20,80,509,291,291,509
olmo-2-13b-instruct,43,D_imp_asc,0.181875,291,291,0.05755208333333333,0.0625,960,20,80,509,291,291,509
olmo-2-13b-instruct,43,D_imp_asc,0.2,320,320,0.0626953125,0.0625,960,20,80,509,291,291,509
olmo-2-13b-instruct,43,D_imp_asc,0.3,480,480,0.07255859375,0.0625,960,20,80,509,291,291,509
olmo-2-13b-instruct,43,D_imp_asc,0.5,800,509,0.07708333333333334,0.0625,960,20,80,509,291,291,509
olmo-2-13b-instruct,43,diag_rank_asc,0.01,16,16,0.029166666666666667,0.03125,960,20,80,509,291,291,509
olmo-2-13b-instruct,43,diag_rank_asc,0.03,48,48,0.0294921875,0.03125,960,20,80,509,291,291,509
olmo-2-13b-instruct,43,diag_rank_asc,0.05,80,80,0.030305989583333335,0.03125,960,20,80,509,291,291,509
olmo-2-13b-instruct,43,diag_rank_asc,0.07,112,112,0.03427734375,0.03125,960,20,80,509,291,291,509
olmo-2-13b-instruct,43,diag_rank_asc,0.1,160,160,0.04046223958333333,0.03125,960,20,80,509,291,291,509
olmo-2-13b-instruct,43,diag_rank_asc,0.12,192,192,0.049153645833333336,0.03125,960,20,80,509,291,291,509
olmo-2-13b-instruct,43,diag_rank_asc,0.15,240,240,0.0666015625,0.0625,960,20,80,509,291,291,509
olmo-2-13b-instruct,43,diag_rank_asc,0.181875,291,291,0.07447916666666667,0.0625,960,20,80,509,291,291,509
olmo-2-13b-instruct,43,diag_rank_asc,0.2,320,320,0.10817057291666667,0.0625,960,20,80,509,291,291,509
olmo-2-13b-instruct,43,diag_rank_asc,0.3,480,480,1.8677562713623046,1.3125,960,20,80,509,291,291,509
olmo-2-13b-instruct,43,diag_rank_asc,0.5,800,800,6.451230160395304,5.3203125,960,20,80,509,291,291,509
olmo-2-13b-instruct,43,std_imp_asc,0.01,16,16,0.692236328125,0.5,960,20,80,509,291,291,509
olmo-2-13b-instruct,43,std_imp_asc,0.03,48,48,1.1766438802083334,0.875,960,20,80,509,291,291,509
olmo-2-13b-instruct,43,std_imp_asc,0.05,80,80,2.015721893310547,1.328125,960,20,80,509,291,291,509
olmo-2-13b-instruct,43,std_imp_asc,0.07,112,112,2.7421162923177085,1.984375,960,20,80,509,291,291,509
olmo-2-13b-instruct,43,std_imp_asc,0.1,160,160,3.075417709350586,2.25,960,20,80,509,291,291,509
olmo-2-13b-instruct,43,std_imp_asc,0.12,192,192,3.2284721533457437,2.40625,960,20,80,509,291,291,509
olmo-2-13b-instruct,43,std_imp_asc,0.15,240,240,3.5445224126180013,2.7421875,960,20,80,509,291,291,509
olmo-2-13b-instruct,43,std_imp_asc,0.181875,291,291,3.920132128397624,3.0625,960,20,80,509,291,291,509
olmo-2-13b-instruct,43,std_imp_asc,0.2,320,320,4.162830034891765,3.3203125,960,20,80,509,291,291,509
olmo-2-13b-instruct,43,std_imp_asc,0.3,480,480,4.971385320027669,3.921875,960,20,80,509,291,291,509
olmo-2-13b-instruct,43,std_imp_asc,0.5,800,800,6.451230160395304,5.3203125,960,20,80,509,291,291,509
olmo-2-13b-instruct,44,hihp_imp_desc,0.01,16,16,1.226220703125,0.625,960,20,80,498,302,302,498
olmo-2-13b-instruct,44,hihp_imp_desc,0.03,48,48,2.198676673571269,1.625,960,20,80,498,302,302,498
olmo-2-13b-instruct,44,hihp_imp_desc,0.05,80,80,2.2473126729329427,1.8125,960,20,80,498,302,302,498
olmo-2-13b-instruct,44,hihp_imp_desc,0.07,112,112,2.6487402598063152,2.28125,960,20,80,498,302,302,498
olmo-2-13b-instruct,44,hihp_imp_desc,0.1,160,160,3.7509112040201824,3.3125,960,20,80,498,302,302,498
olmo-2-13b-instruct,44,hihp_imp_desc,0.12,192,192,4.767940680185954,4.421875,960,20,80,498,302,302,498
olmo-2-13b-instruct,44,hihp_imp_desc,0.15,240,240,5.1243438720703125,4.81640625,960,20,80,498,302,302,498
olmo-2-13b-instruct,44,hihp_imp_desc,0.18875,302,302,7.425159962972005,7.15283203125,960,20,80,498,302,302,498
olmo-2-13b-instruct,44,hihp_imp_desc,0.2,320,320,7.343368752797445,7.1080322265625,960,20,80,498,302,302,498
olmo-2-13b-instruct,44,hihp_imp_desc,0.3,480,480,8.686524566014608,8.3984375,960,20,80,498,302,302,498
olmo-2-13b-instruct,44,hihp_imp_desc,0.5,800,498,8.743600169817606,8.47265625,960,20,80,498,302,302,498
olmo-2-13b-instruct,44,hihp_imp_asc,0.01,16,16,0.055257161458333336,0.0625,960,20,80,498,302,302,498
olmo-2-13b-instruct,44,hihp_imp_asc,0.03,48,48,0.100146484375,0.0625,960,20,80,498,302,302,498
olmo-2-13b-instruct,44,hihp_imp_asc,0.05,80,80,0.14075520833333333,0.125,960,20,80,498,302,302,498
olmo-2-13b-instruct,44,hihp_imp_asc,0.07,112,112,0.138720703125,0.125,960,20,80,498,302,302,498
olmo-2-13b-instruct,44,hihp_imp_asc,0.1,160,160,0.2392578125,0.1875,960,20,80,498,302,302,498
olmo-2-13b-instruct,44,hihp_imp_asc,0.12,192,192,0.30861002604166665,0.25,960,20,80,498,302,302,498
olmo-2-13b-instruct,44,hihp_imp_asc,0.15,240,240,0.5734965006510416,0.40625,960,20,80,498,302,302,498
olmo-2-13b-instruct,44,hihp_imp_asc,0.18875,302,302,1.042529296875,0.78125,960,20,80,498,302,302,498
olmo-2-13b-instruct,44,hihp_imp_asc,0.2,320,320,1.5503682454427083,1.3125,960,20,80,498,302,302,498
olmo-2-13b-instruct,44,hihp_imp_asc,0.3,480,480,7.28831590016683,6.08203125,960,20,80,498,302,302,498
olmo-2-13b-instruct,44,hihp_imp_asc,0.5,800,498,8.743600169817606,8.47265625,960,20,80,498,302,302,498
olmo-2-13b-instruct,44,hilp_imp_desc,0.01,16,16,0.03728841145833333,0.03125,960,20,80,498,302,302,498
olmo-2-13b-instruct,44,hilp_imp_desc,0.03,48,48,0.052229817708333334,0.03125,960,20,80,498,302,302,498
olmo-2-13b-instruct,44,hilp_imp_desc,0.05,80,80,0.05486653645833333,0.0625,960,20,80,498,302,302,498
olmo-2-13b-instruct,44,hilp_imp_desc,0.07,112,112,0.05779622395833333,0.0625,960,20,80,498,302,302,498
olmo-2-13b-instruct,44,hilp_imp_desc,0.1,160,160,0.07044270833333334,0.0625,960,20,80,498,302,302,498
olmo-2-13b-instruct,44,hilp_imp_desc,0.12,192,192,0.077685546875,0.0625,960,20,80,498,302,302,498
olmo-2-13b-instruct,44,hilp_imp_desc,0.15,240,240,0.08111979166666666,0.0625,960,20,80,498,302,302,498
olmo-2-13b-instruct,44,hilp_imp_desc,0.18875,302,302,0.087841796875,0.0625,960,20,80,498,302,302,498
olmo-2-13b-instruct,44,hilp_imp_desc,0.2,320,302,0.087841796875,0.0625,960,20,80,498,302,302,498
olmo-2-13b-instruct,44,hilp_imp_desc,0.3,480,302,0.087841796875,0.0625,960,20,80,498,302,302,498
olmo-2-13b-instruct,44,hilp_imp_desc,0.5,800,302,0.087841796875,0.0625,960,20,80,498,302,302,498
olmo-2-13b-instruct,44,hilp_imp_asc,0.01,16,16,0.03131510416666667,0.03125,960,20,80,498,302,302,498
olmo-2-13b-instruct,44,hilp_imp_asc,0.03,48,48,0.036149088541666666,0.03125,960,20,80,498,302,302,498
olmo-2-13b-instruct,44,hilp_imp_asc,0.05,80,80,0.03986002604166667,0.03125,960,20,80,498,302,302,498
olmo-2-13b-instruct,44,hilp_imp_asc,0.07,112,112,0.04088541666666667,0.03125,960,20,80,498,302,302,498
olmo-2-13b-instruct,44,hilp_imp_asc,0.1,160,160,0.05450846354166667,0.03125,960,20,80,498,302,302,498
olmo-2-13b-instruct,44,hilp_imp_asc,0.12,192,192,0.06373697916666667,0.0625,960,20,80,498,302,302,498
olmo-2-13b-instruct,44,hilp_imp_asc,0.15,240,240,0.07693684895833333,0.0625,960,20,80,498,302,302,498
olmo-2-13b-instruct,44,hilp_imp_asc,0.18875,302,302,0.087841796875,0.0625,960,20,80,498,302,302,498
olmo-2-13b-instruct,44,hilp_imp_asc,0.2,320,302,0.087841796875,0.0625,960,20,80,498,302,302,498
olmo-2-13b-instruct,44,hilp_imp_asc,0.3,480,302,0.087841796875,0.0625,960,20,80,498,302,302,498
olmo-2-13b-instruct,44,hilp_imp_asc,0.5,800,302,0.087841796875,0.0625,960,20,80,498,302,302,498
olmo-2-13b-instruct,44,C_imp_asc,0.01,16,16,0.5408772786458333,0.375,960,20,80,498,302,302,498
olmo-2-13b-instruct,44,C_imp_asc,0.03,48,48,1.8943718910217284,1.296875,960,20,80,498,302,302,498
olmo-2-13b-instruct,44,C_imp_asc,0.05,80,80,2.977362076441447,2.21875,960,20,80,498,302,302,498
olmo-2-13b-instruct,44,C_imp_asc,0.07,112,112,3.531795120239258,2.71875,960,20,80,498,302,302,498
olmo-2-13b-instruct,44,C_imp_asc,0.1,160,160,4.469572337468465,3.46875,960,20,80,498,302,302,498
olmo-2-13b-instruct,44,C_imp_asc,0.12,192,192,5.075305215517679,4.0078125,960,20,80,498,302,302,498
olmo-2-13b-instruct,44,C_imp_asc,0.15,240,240,5.4737623532613116,4.4453125,960,20,80,498,302,302,498
olmo-2-13b-instruct,44,C_imp_asc,0.18875,302,302,6.644738928476969,5.58203125,960,20,80,498,302,302,498
olmo-2-13b-instruct,44,C_imp_asc,0.2,320,302,6.644738928476969,5.58203125,960,20,80,498,302,302,498
olmo-2-13b-instruct,44,C_imp_asc,0.3,480,302,6.644738928476969,5.58203125,960,20,80,498,302,302,498
olmo-2-13b-instruct,44,C_imp_asc,0.5,800,302,6.644738928476969,5.58203125,960,20,80,498,302,302,498
olmo-2-13b-instruct,44,D_imp_asc,0.01,16,16,0.029915364583333333,0.03125,960,20,80,498,302,302,498
olmo-2-13b-instruct,44,D_imp_asc,0.03,48,48,0.030940755208333334,0.03125,960,20,80,498,302,302,498
olmo-2-13b-instruct,44,D_imp_asc,0.05,80,80,0.03805338541666667,0.03125,960,20,80,498,302,302,498
olmo-2-13b-instruct,44,D_imp_asc,0.07,112,112,0.04083658854166667,0.03125,960,20,80,498,302,302,498
olmo-2-13b-instruct,44,D_imp_asc,0.1,160,160,0.04583333333333333,0.03125,960,20,80,498,302,302,498
olmo-2-13b-instruct,44,D_imp_asc,0.12,192,192,0.05205078125,0.0625,960,20,80,498,302,302,498
olmo-2-13b-instruct,44,D_imp_asc,0.15,240,240,0.049853515625,0.03125,960,20,80,498,302,302,498
olmo-2-13b-instruct,44,D_imp_asc,0.18875,302,302,0.051839192708333336,0.03125,960,20,80,498,302,302,498
olmo-2-13b-instruct,44,D_imp_asc,0.2,320,320,0.053515625,0.03125,960,20,80,498,302,302,498
olmo-2-13b-instruct,44,D_imp_asc,0.3,480,480,0.061018880208333334,0.0625,960,20,80,498,302,302,498
olmo-2-13b-instruct,44,D_imp_asc,0.5,800,498,0.06194661458333333,0.0625,960,20,80,498,302,302,498
olmo-2-13b-instruct,44,diag_rank_asc,0.01,16,16,0.027978515625,0.03125,960,20,80,498,302,302,498
olmo-2-13b-instruct,44,diag_rank_asc,0.03,48,48,0.029947916666666668,0.03125,960,20,80,498,302,302,498
olmo-2-13b-instruct,44,diag_rank_asc,0.05,80,80,0.02890625,0.03125,960,20,80,498,302,302,498
olmo-2-13b-instruct,44,diag_rank_asc,0.07,112,112,0.03478190104166667,0.03125,960,20,80,498,302,302,498
olmo-2-13b-instruct,44,diag_rank_asc,0.1,160,160,0.042220052083333334,0.03125,960,20,80,498,302,302,498
olmo-2-13b-instruct,44,diag_rank_asc,0.12,192,192,0.05,0.03125,960,20,80,498,302,302,498
olmo-2-13b-instruct,44,diag_rank_asc,0.15,240,240,0.061295572916666666,0.0625,960,20,80,498,302,302,498
olmo-2-13b-instruct,44,diag_rank_asc,0.18875,302,302,0.131787109375,0.09375,960,20,80,498,302,302,498
olmo-2-13b-instruct,44,diag_rank_asc,0.2,320,320,0.14474283854166667,0.09375,960,20,80,498,302,302,498
olmo-2-13b-instruct,44,diag_rank_asc,0.3,480,480,1.7792892456054688,1.25,960,20,80,498,302,302,498
olmo-2-13b-instruct,44,diag_rank_asc,0.5,800,800,6.820394674936931,5.734375,960,20,80,498,302,302,498
olmo-2-13b-instruct,44,std_imp_asc,0.01,16,16,0.5136393229166667,0.34375,960,20,80,498,302,302,498
olmo-2-13b-instruct,44,std_imp_asc,0.03,48,48,1.053032430013021,0.71875,960,20,80,498,302,302,498
olmo-2-13b-instruct,44,std_imp_asc,0.05,80,80,2.0076626499493915,1.375,960,20,80,498,302,302,498
olmo-2-13b-instruct,44,std_imp_asc,0.07,112,112,2.7909178733825684,2.03125,960,20,80,498,302,302,498
olmo-2-13b-instruct,44,std_imp_asc,0.1,160,160,3.128744888305664,2.34375,960,20,80,498,302,302,498
olmo-2-13b-instruct,44,std_imp_asc,0.12,192,192,3.41970907052358,2.671875,960,20,80,498,302,302,498
olmo-2-13b-instruct,44,std_imp_asc,0.15,240,240,3.6737638473510743,2.8125,960,20,80,498,302,302,498
olmo-2-13b-instruct,44,std_imp_asc,0.18875,302,302,4.452406088511149,3.4765625,960,20,80,498,302,302,498
olmo-2-13b-instruct,44,std_imp_asc,0.2,320,320,4.511707178751627,3.5,960,20,80,498,302,302,498
olmo-2-13b-instruct,44,std_imp_asc,0.3,480,480,5.236251052220663,4.1640625,960,20,80,498,302,302,498
olmo-2-13b-instruct,44,std_imp_asc,0.5,800,800,6.820394674936931,5.734375,960,20,80,498,302,302,498
olmo-2-13b-instruct,45,hihp_imp_desc,0.01,16,16,1.1434244791666666,0.6875,960,20,80,502,298,298,502
olmo-2-13b-instruct,45,hihp_imp_desc,0.03,48,48,2.011993408203125,1.46875,960,20,80,502,298,298,502
olmo-2-13b-instruct,45,hihp_imp_desc,0.05,80,80,2.3807458241780597,1.90625,960,20,80,502,298,298,502
olmo-2-13b-instruct,45,hihp_imp_desc,0.07,112,112,2.3287805557250976,1.90625,960,20,80,502,298,298,502
olmo-2-13b-instruct,45,hihp_imp_desc,0.1,160,160,3.259459940592448,2.8125,960,20,80,502,298,298,502
olmo-2-13b-instruct,45,hihp_imp_desc,0.12,192,192,4.4659165700276695,4.1796875,960,20,80,502,298,298,502
olmo-2-13b-instruct,45,hihp_imp_desc,0.15,240,240,5.127457809448242,4.734375,960,20,80,502,298,298,502
olmo-2-13b-instruct,45,hihp_imp_desc,0.18625,298,298,7.380360190073649,7.09765625,960,20,80,502,298,298,502
olmo-2-13b-instruct,45,hihp_imp_desc,0.2,320,320,7.5339784304300945,7.279296875,960,20,80,502,298,298,502
olmo-2-13b-instruct,45,hihp_imp_desc,0.3,480,480,8.73486696879069,8.306640625,960,20,80,502,298,298,502
olmo-2-13b-instruct,45,hihp_imp_desc,0.5,800,502,8.72013751665751,8.333984375,960,20,80,502,298,298,502
olmo-2-13b-instruct,45,hihp_imp_asc,0.01,16,16,0.035595703125,0.03125,960,20,80,502,298,298,502
olmo-2-13b-instruct,45,hihp_imp_asc,0.03,48,48,0.070556640625,0.0625,960,20,80,502,298,298,502
olmo-2-13b-instruct,45,hihp_imp_asc,0.05,80,80,0.08421223958333333,0.0625,960,20,80,502,298,298,502
olmo-2-13b-instruct,45,hihp_imp_asc,0.07,112,112,0.10362955729166666,0.0625,960,20,80,502,298,298,502
olmo-2-13b-instruct,45,hihp_imp_asc,0.1,160,160,0.2535319010416667,0.21875,960,20,80,502,298,298,502
olmo-2-13b-instruct,45,hihp_imp_asc,0.12,192,192,0.28416341145833335,0.25,960,20,80,502,298,298,502
olmo-2-13b-instruct,45,hihp_imp_asc,0.15,240,240,0.5469523111979167,0.4375,960,20,80,502,298,298,502
olmo-2-13b-instruct,45,hihp_imp_asc,0.18625,298,298,1.222747802734375,0.96875,960,20,80,502,298,298,502
olmo-2-13b-instruct,45,hihp_imp_asc,0.2,320,320,1.7696746826171874,1.53125,960,20,80,502,298,298,502
olmo-2-13b-instruct,45,hihp_imp_asc,0.3,480,480,7.543397649129232,6.27734375,960,20,80,502,298,298,502
olmo-2-13b-instruct,45,hihp_imp_asc,0.5,800,502,8.72013751665751,8.333984375,960,20,80,502,298,298,502
olmo-2-13b-instruct,45,hilp_imp_desc,0.01,16,16,0.040120442708333336,0.03125,960,20,80,502,298,298,502
olmo-2-13b-instruct,45,hilp_imp_desc,0.03,48,48,0.04698893229166667,0.03125,960,20,80,502,298,298,502
olmo-2-13b-instruct,45,hilp_imp_desc,0.05,80,80,0.05026041666666667,0.03125,960,20,80,502,298,298,502
olmo-2-13b-instruct,45,hilp_imp_desc,0.07,112,112,0.05847981770833333,0.0625,960,20,80,502,298,298,502
olmo-2-13b-instruct,45,hilp_imp_desc,0.1,160,160,0.06569010416666667,0.0625,960,20,80,502,298,298,502
olmo-2-13b-instruct,45,hilp_imp_desc,0.12,192,192,0.07452799479166666,0.0625,960,20,80,502,298,298,502
olmo-2-13b-instruct,45,hilp_imp_desc,0.15,240,240,0.07913411458333333,0.0625,960,20,80,502,298,298,502
olmo-2-13b-instruct,45,hilp_imp_desc,0.18625,298,298,0.08238932291666666,0.0625,960,20,80,502,298,298,502
olmo-2-13b-instruct,45,hilp_imp_desc,0.2,320,298,0.08238932291666666,0.0625,960,20,80,502,298,298,502
olmo-2-13b-instruct,45,hilp_imp_desc,0.3,480,298,0.08238932291666666,0.0625,960,20,80,502,298,298,502
olmo-2-13b-instruct,45,hilp_imp_desc,0.5,800,298,0.08238932291666666,0.0625,960,20,80,502,298,298,502
olmo-2-13b-instruct,45,hilp_imp_asc,0.01,16,16,0.030143229166666667,0.03125,960,20,80,502,298,298,502
olmo-2-13b-instruct,45,hilp_imp_asc,0.03,48,48,0.03802083333333333,0.03125,960,20,80,502,298,298,502
olmo-2-13b-instruct,45,hilp_imp_asc,0.05,80,80,0.04925130208333333,0.03125,960,20,80,502,298,298,502
olmo-2-13b-instruct,45,hilp_imp_asc,0.07,112,112,0.052408854166666664,0.03125,960,20,80,502,298,298,502
olmo-2-13b-instruct,45,hilp_imp_asc,0.1,160,160,0.05789388020833333,0.03125,960,20,80,502,298,298,502
olmo-2-13b-instruct,45,hilp_imp_asc,0.12,192,192,0.06497395833333333,0.0625,960,20,80,502,298,298,502
olmo-2-13b-instruct,45,hilp_imp_asc,0.15,240,240,0.07257486979166666,0.0625,960,20,80,502,298,298,502
olmo-2-13b-instruct,45,hilp_imp_asc,0.18625,298,298,0.08238932291666666,0.0625,960,20,80,502,298,298,502
olmo-2-13b-instruct,45,hilp_imp_asc,0.2,320,298,0.08238932291666666,0.0625,960,20,80,502,298,298,502
olmo-2-13b-instruct,45,hilp_imp_asc,0.3,480,298,0.08238932291666666,0.0625,960,20,80,502,298,298,502
olmo-2-13b-instruct,45,hilp_imp_asc,0.5,800,298,0.08238932291666666,0.0625,960,20,80,502,298,298,502
olmo-2-13b-instruct,45,C_imp_asc,0.01,16,16,0.5458984375,0.34375,960,20,80,502,298,298,502
olmo-2-13b-instruct,45,C_imp_asc,0.03,48,48,1.7117443084716797,1.125,960,20,80,502,298,298,502
olmo-2-13b-instruct,45,C_imp_asc,0.05,80,80,2.9588804880777997,2.125,960,20,80,502,298,298,502
olmo-2-13b-instruct,45,C_imp_asc,0.07,112,112,3.401138432820638,2.46875,960,20,80,502,298,298,502
olmo-2-13b-instruct,45,C_imp_asc,0.1,160,160,4.7012888590494795,3.625,960,20,80,502,298,298,502
olmo-2-13b-instruct,45,C_imp_asc,0.12,192,192,4.992598215738933,3.8828125,960,20,80,502,298,298,502
olmo-2-13b-instruct,45,C_imp_asc,0.15,240,240,6.11779899597168,4.984375,960,20,80,502,298,298,502
olmo-2-13b-instruct,45,C_imp_asc,0.18625,298,298,6.563203938802084,5.4375,960,20,80,502,298,298,502
olmo-2-13b-instruct,45,C_imp_asc,0.2,320,298,6.563203938802084,5.4375,960,20,80,502,298,298,502
olmo-2-13b-instruct,45,C_imp_asc,0.3,480,298,6.563203938802084,5.4375,960,20,80,502,298,298,502
olmo-2-13b-instruct,45,C_imp_asc,0.5,800,298,6.563203938802084,5.4375,960,20,80,502,298,298,502
olmo-2-13b-instruct,45,D_imp_asc,0.01,16,16,0.028125,0.03125,960,20,80,502,298,298,502
olmo-2-13b-instruct,45,D_imp_asc,0.03,48,48,0.03146158854166667,0.03125,960,20,80,502,298,298,502
olmo-2-13b-instruct,45,D_imp_asc,0.05,80,80,0.0404296875,0.03125,960,20,80,502,298,298,502
olmo-2-13b-instruct,45,D_imp_asc,0.07,112,112,0.045182291666666666,0.03125,960,20,80,502,298,298,502
olmo-2-13b-instruct,45,D_imp_asc,0.1,160,160,0.060693359375,0.03125,960,20,80,502,298,298,502
olmo-2-13b-instruct,45,D_imp_asc,0.12,192,192,0.06915690104166666,0.0625,960,20,80,502,298,298,502
olmo-2-13b-instruct,45,D_imp_asc,0.15,240,240,0.080517578125,0.0625,960,20,80,502,298,298,502
olmo-2-13b-instruct,45,D_imp_asc,0.18625,298,298,0.08741861979166667,0.0625,960,20,80,502,298,298,502
olmo-2-13b-instruct,45,D_imp_asc,0.2,320,320,0.085498046875,0.0625,960,20,80,502,298,298,502
olmo-2-13b-instruct,45,D_imp_asc,0.3,480,480,0.1015625,0.0625,960,20,80,502,298,298,502
olmo-2-13b-instruct,45,D_imp_asc,0.5,800,502,0.10130208333333333,0.0625,960,20,80,502,298,298,502
olmo-2-13b-instruct,45,diag_rank_asc,0.01,16,16,0.028092447916666666,0.03125,960,20,80,502,298,298,502
olmo-2-13b-instruct,45,diag_rank_asc,0.03,48,48,0.029524739583333334,0.03125,960,20,80,502,298,298,502
olmo-2-13b-instruct,45,diag_rank_asc,0.05,80,80,0.028515625,0.03125,960,20,80,502,298,298,502
olmo-2-13b-instruct,45,diag_rank_asc,0.07,112,112,0.034326171875,0.03125,960,20,80,502,298,298,502
olmo-2-13b-instruct,45,diag_rank_asc,0.1,160,160,0.04202473958333333,0.03125,960,20,80,502,298,298,502
olmo-2-13b-instruct,45,diag_rank_asc,0.12,192,192,0.052294921875,0.03125,960,20,80,502,298,298,502
olmo-2-13b-instruct,45,diag_rank_asc,0.15,240,240,0.06025390625,0.0625,960,20,80,502,298,298,502
olmo-2-13b-instruct,45,diag_rank_asc,0.18625,298,298,0.09339192708333334,0.0625,960,20,80,502,298,298,502
olmo-2-13b-instruct,45,diag_rank_asc,0.2,320,320,0.14747721354166668,0.09375,960,20,80,502,298,298,502
olmo-2-13b-instruct,45,diag_rank_asc,0.3,480,480,1.8631062825520834,1.28125,960,20,80,502,298,298,502
olmo-2-13b-instruct,45,diag_rank_asc,0.5,800,800,6.794034806887309,5.625,960,20,80,502,298,298,502
olmo-2-13b-instruct,45,std_imp_asc,0.01,16,16,0.49830729166666665,0.3125,960,20,80,502,298,298,502
olmo-2-13b-instruct,45,std_imp_asc,0.03,48,48,1.1067007064819336,0.6875,960,20,80,502,298,298,502
olmo-2-13b-instruct,45,std_imp_asc,0.05,80,80,1.7424303690592449,1.140625,960,20,80,502,298,298,502
olmo-2-13b-instruct,45,std_imp_asc,0.07,112,112,2.691381327311198,1.90625,960,20,80,502,298,298,502
olmo-2-13b-instruct,45,std_imp_asc,0.1,160,160,3.221824836730957,2.34375,960,20,80,502,298,298,502
olmo-2-13b-instruct,45,std_imp_asc,0.12,192,192,3.442800203959147,2.5,960,20,80,502,298,298,502
olmo-2-13b-instruct,45,std_imp_asc,0.15,240,240,3.996631113688151,3.109375,960,20,80,502,298,298,502
olmo-2-13b-instruct,45,std_imp_asc,0.18625,298,298,4.609760665893555,3.5234375,960,20,80,502,298,298,502
olmo-2-13b-instruct,45,std_imp_asc,0.2,320,320,4.720321353276571,3.609375,960,20,80,502,298,298,502
olmo-2-13b-instruct,45,std_imp_asc,0.3,480,480,5.186715189615885,4.0390625,960,20,80,502,298,298,502
olmo-2-13b-instruct,45,std_imp_asc,0.5,800,800,6.794034806887309,5.625,960,20,80,502,298,298,502
olmo-2-13b-instruct,46,hihp_imp_desc,0.01,16,16,0.4779459635416667,0.375,960,20,80,501,299,299,501
olmo-2-13b-instruct,46,hihp_imp_desc,0.03,48,48,2.03416748046875,1.5,960,20,80,501,299,299,501
olmo-2-13b-instruct,46,hihp_imp_desc,0.05,80,80,2.4110644658406577,1.84375,960,20,80,501,299,299,501
olmo-2-13b-instruct,46,hihp_imp_desc,0.07,112,112,2.381971740722656,2.0,960,20,80,501,299,299,501
olmo-2-13b-instruct,46,hihp_imp_desc,0.1,160,160,3.363898213704427,3.1484375,960,20,80,501,299,299,501
olmo-2-13b-instruct,46,hihp_imp_desc,0.12,192,192,4.2905560493469235,3.96875,960,20,80,501,299,299,501
olmo-2-13b-instruct,46,hihp_imp_desc,0.15,240,240,6.134447556734085,5.80078125,960,20,80,501,299,299,501
olmo-2-13b-instruct,46,hihp_imp_desc,0.186875,299,299,7.574972629547119,7.2373046875,960,20,80,501,299,299,501
olmo-2-13b-instruct,46,hihp_imp_desc,0.2,320,320,7.79264170328776,7.4580078125,960,20,80,501,299,299,501
olmo-2-13b-instruct,46,hihp_imp_desc,0.3,480,480,8.382543404897055,8.04931640625,960,20,80,501,299,299,501
olmo-2-13b-instruct,46,hihp_imp_desc,0.5,800,501,8.388964096705118,8.0595703125,960,20,80,501,299,299,501
olmo-2-13b-instruct,46,hihp_imp_asc,0.01,16,16,0.037548828125,0.03125,960,20,80,501,299,299,501
olmo-2-13b-instruct,46,hihp_imp_asc,0.03,48,48,0.066064453125,0.0625,960,20,80,501,299,299,501
olmo-2-13b-instruct,46,hihp_imp_asc,0.05,80,80,0.100830078125,0.09375,960,20,80,501,299,299,501
olmo-2-13b-instruct,46,hihp_imp_asc,0.07,112,112,0.17493489583333333,0.15625,960,20,80,501,299,299,501
olmo-2-13b-instruct,46,hihp_imp_asc,0.1,160,160,0.1897705078125,0.15625,960,20,80,501,299,299,501
olmo-2-13b-instruct,46,hihp_imp_asc,0.12,192,192,0.2594075520833333,0.21875,960,20,80,501,299,299,501
olmo-2-13b-instruct,46,hihp_imp_asc,0.15,240,240,0.3212076822916667,0.25,960,20,80,501,299,299,501
olmo-2-13b-instruct,46,hihp_imp_asc,0.186875,299,299,0.936279296875,0.71875,960,20,80,501,299,299,501
olmo-2-13b-instruct,46,hihp_imp_asc,0.2,320,320,1.2551472981770833,0.984375,960,20,80,501,299,299,501
olmo-2-13b-instruct,46,hihp_imp_asc,0.3,480,480,7.0457153956095375,5.765625,960,20,80,501,299,299,501
olmo-2-13b-instruct,46,hihp_imp_asc,0.5,800,501,8.388964096705118,8.0595703125,960,20,80,501,299,299,501
olmo-2-13b-instruct,46,hilp_imp_desc,0.01,16,16,0.03763020833333333,0.03125,960,20,80,501,299,299,501
olmo-2-13b-instruct,46,hilp_imp_desc,0.03,48,48,0.04454752604166667,0.03125,960,20,80,501,299,299,501
olmo-2-13b-instruct,46,hilp_imp_desc,0.05,80,80,0.05498046875,0.0625,960,20,80,501,299,299,501
olmo-2-13b-instruct,46,hilp_imp_desc,0.07,112,112,0.057275390625,0.0625,960,20,80,501,299,299,501
olmo-2-13b-instruct,46,hilp_imp_desc,0.1,160,160,0.06422526041666667,0.0625,960,20,80,501,299,299,501
olmo-2-13b-instruct,46,hilp_imp_desc,0.12,192,192,0.07789713541666667,0.0625,960,20,80,501,299,299,501
olmo-2-13b-instruct,46,hilp_imp_desc,0.15,240,240,0.07957356770833333,0.0625,960,20,80,501,299,299,501
olmo-2-13b-instruct,46,hilp_imp_desc,0.186875,299,299,0.08040364583333333,0.0625,960,20,80,501,299,299,501
olmo-2-13b-instruct,46,hilp_imp_desc,0.2,320,299,0.08040364583333333,0.0625,960,20,80,501,299,299,501
olmo-2-13b-instruct,46,hilp_imp_desc,0.3,480,299,0.08040364583333333,0.0625,960,20,80,501,299,299,501
olmo-2-13b-instruct,46,hilp_imp_desc,0.5,800,299,0.08040364583333333,0.0625,960,20,80,501,299,299,501
olmo-2-13b-instruct,46,hilp_imp_asc,0.01,16,16,0.02998046875,0.03125,960,20,80,501,299,299,501
olmo-2-13b-instruct,46,hilp_imp_asc,0.03,48,48,0.03502604166666667,0.03125,960,20,80,501,299,299,501
olmo-2-13b-instruct,46,hilp_imp_asc,0.05,80,80,0.0376953125,0.03125,960,20,80,501,299,299,501
olmo-2-13b-instruct,46,hilp_imp_asc,0.07,112,112,0.041764322916666666,0.03125,960,20,80,501,299,299,501
olmo-2-13b-instruct,46,hilp_imp_asc,0.1,160,160,0.05764973958333333,0.0625,960,20,80,501,299,299,501
olmo-2-13b-instruct,46,hilp_imp_asc,0.12,192,192,0.06521809895833333,0.0625,960,20,80,501,299,299,501
olmo-2-13b-instruct,46,hilp_imp_asc,0.15,240,240,0.07527669270833333,0.0625,960,20,80,501,299,299,501
olmo-2-13b-instruct,46,hilp_imp_asc,0.186875,299,299,0.08040364583333333,0.0625,960,20,80,501,299,299,501
olmo-2-13b-instruct,46,hilp_imp_asc,0.2,320,299,0.08040364583333333,0.0625,960,20,80,501,299,299,501
olmo-2-13b-instruct,46,hilp_imp_asc,0.3,480,299,0.08040364583333333,0.0625,960,20,80,501,299,299,501
olmo-2-13b-instruct,46,hilp_imp_asc,0.5,800,299,0.08040364583333333,0.0625,960,20,80,501,299,299,501
olmo-2-13b-instruct,46,C_imp_asc,0.01,16,16,0.5985239664713542,0.40625,960,20,80,501,299,299,501
olmo-2-13b-instruct,46,C_imp_asc,0.03,48,48,1.5179718017578125,1.0,960,20,80,501,299,299,501
olmo-2-13b-instruct,46,C_imp_asc,0.05,80,80,2.961345990498861,2.15625,960,20,80,501,299,299,501
olmo-2-13b-instruct,46,C_imp_asc,0.07,112,112,3.4393428802490233,2.5,960,20,80,501,299,299,501
olmo-2-13b-instruct,46,C_imp_asc,0.1,160,160,4.533207607269287,3.578125,960,20,80,501,299,299,501
olmo-2-13b-instruct,46,C_imp_asc,0.12,192,192,4.916632676124573,3.8671875,960,20,80,501,299,299,501
olmo-2-13b-instruct,46,C_imp_asc,0.15,240,240,5.4006319363911945,4.3515625,960,20,80,501,299,299,501
olmo-2-13b-instruct,46,C_imp_asc,0.186875,299,299,6.534026590983073,5.41796875,960,20,80,501,299,299,501
olmo-2-13b-instruct,46,C_imp_asc,0.2,320,299,6.534026590983073,5.41796875,960,20,80,501,299,299,501
olmo-2-13b-instruct,46,C_imp_asc,0.3,480,299,6.534026590983073,5.41796875,960,20,80,501,299,299,501
olmo-2-13b-instruct,46,C_imp_asc,0.5,800,299,6.534026590983073,5.41796875,960,20,80,501,299,299,501
olmo-2-13b-instruct,46,D_imp_asc,0.01,16,16,0.02841796875,0.03125,960,20,80,501,299,299,501
olmo-2-13b-instruct,46,D_imp_asc,0.03,48,48,0.037027994791666664,0.03125,960,20,80,501,299,299,501
olmo-2-13b-instruct,46,D_imp_asc,0.05,80,80,0.04607747395833333,0.03125,960,20,80,501,299,299,501
olmo-2-13b-instruct,46,D_imp_asc,0.07,112,112,0.04837239583333333,0.03125,960,20,80,501,299,299,501
olmo-2-13b-instruct,46,D_imp_asc,0.1,160,160,0.051513671875,0.03125,960,20,80,501,299,299,501
olmo-2-13b-instruct,46,D_imp_asc,0.12,192,192,0.05439453125,0.0625,960,20,80,501,299,299,501
olmo-2-13b-instruct,46,D_imp_asc,0.15,240,240,0.055338541666666664,0.0625,960,20,80,501,299,299,501
olmo-2-13b-instruct,46,D_imp_asc,0.186875,299,299,0.071044921875,0.0625,960,20,80,501,299,299,501
olmo-2-13b-instruct,46,D_imp_asc,0.2,320,320,0.06927083333333334,0.0625,960,20,80,501,299,299,501
olmo-2-13b-instruct,46,D_imp_asc,0.3,480,480,0.083349609375,0.0625,960,20,80,501,299,299,501
olmo-2-13b-instruct,46,D_imp_asc,0.5,800,501,0.07884114583333333,0.0625,960,20,80,501,299,299,501
olmo-2-13b-instruct,46,diag_rank_asc,0.01,16,16,0.028759765625,0.03125,960,20,80,501,299,299,501
olmo-2-13b-instruct,46,diag_rank_asc,0.03,48,48,0.029964192708333334,0.03125,960,20,80,501,299,299,501
olmo-2-13b-instruct,46,diag_rank_asc,0.05,80,80,0.031087239583333332,0.03125,960,20,80,501,299,299,501
olmo-2-13b-instruct,46,diag_rank_asc,0.07,112,112,0.037109375,0.03125,960,20,80,501,299,299,501
olmo-2-13b-instruct,46,diag_rank_asc,0.1,160,160,0.04498697916666667,0.03125,960,20,80,501,299,299,501
olmo-2-13b-instruct,46,diag_rank_asc,0.12,192,192,0.050439453125,0.03125,960,20,80,501,299,299,501
olmo-2-13b-instruct,46,diag_rank_asc,0.15,240,240,0.056494140625,0.0625,960,20,80,501,299,299,501
olmo-2-13b-instruct,46,diag_rank_asc,0.186875,299,299,0.10100911458333334,0.0625,960,20,80,501,299,299,501
olmo-2-13b-instruct,46,diag_rank_asc,0.2,320,320,0.12770182291666668,0.09375,960,20,80,501,299,299,501
olmo-2-13b-instruct,46,diag_rank_asc,0.3,480,480,1.7870958964029948,1.25,960,20,80,501,299,299,501
olmo-2-13b-instruct,46,diag_rank_asc,0.5,800,800,6.738658332824707,5.728515625,960,20,80,501,299,299,501
olmo-2-13b-instruct,46,std_imp_asc,0.01,16,16,0.5734553019205729,0.375,960,20,80,501,299,299,501
olmo-2-13b-instruct,46,std_imp_asc,0.03,48,48,0.9915658315022786,0.71875,960,20,80,501,299,299,501
olmo-2-13b-instruct,46,std_imp_asc,0.05,80,80,1.5407230377197265,1.03125,960,20,80,501,299,299,501
olmo-2-13b-instruct,46,std_imp_asc,0.07,112,112,2.6448333740234373,1.875,960,20,80,501,299,299,501
olmo-2-13b-instruct,46,std_imp_asc,0.1,160,160,3.149100963274638,2.359375,960,20,80,501,299,299,501
olmo-2-13b-instruct,46,std_imp_asc,0.12,192,192,3.450315984090169,2.53125,960,20,80,501,299,299,501
olmo-2-13b-instruct,46,std_imp_asc,0.15,240,240,3.487801996866862,2.5625,960,20,80,501,299,299,501
olmo-2-13b-instruct,46,std_imp_asc,0.186875,299,299,4.3942589124043785,3.3515625,960,20,80,501,299,299,501
olmo-2-13b-instruct,46,std_imp_asc,0.2,320,320,4.459742403030395,3.4375,960,20,80,501,299,299,501
olmo-2-13b-instruct,46,std_imp_asc,0.3,480,480,5.081330140431722,4.0234375,960,20,80,501,299,299,501
olmo-2-13b-instruct,46,std_imp_asc,0.5,800,800,6.738658332824707,5.728515625,960,20,80,501,299,299,501
olmo-2-13b-instruct,47,hihp_imp_desc,0.01,16,16,1.152972412109375,0.71875,960,20,80,501,299,299,501
olmo-2-13b-instruct,47,hihp_imp_desc,0.03,48,48,2.059031677246094,1.4375,960,20,80,501,299,299,501
olmo-2-13b-instruct,47,hihp_imp_desc,0.05,80,80,2.3943517049153646,1.953125,960,20,80,501,299,299,501
olmo-2-13b-instruct,47,hihp_imp_desc,0.07,112,112,2.319083658854167,1.875,960,20,80,501,299,299,501
olmo-2-13b-instruct,47,hihp_imp_desc,0.1,160,160,3.483496157328288,3.15625,960,20,80,501,299,299,501
olmo-2-13b-instruct,47,hihp_imp_desc,0.12,192,192,4.736386362711588,4.4140625,960,20,80,501,299,299,501
olmo-2-13b-instruct,47,hihp_imp_desc,0.15,240,240,5.222873799006144,4.9921875,960,20,80,501,299,299,501
olmo-2-13b-instruct,47,hihp_imp_desc,0.186875,299,299,7.777823003133138,7.4129638671875,960,20,80,501,299,299,501
olmo-2-13b-instruct,47,hihp_imp_desc,0.2,320,320,8.430203247070313,8.0537109375,960,20,80,501,299,299,501
olmo-2-13b-instruct,47,hihp_imp_desc,0.3,480,480,8.756789191563923,8.3779296875,960,20,80,501,299,299,501
olmo-2-13b-instruct,47,hihp_imp_desc,0.5,800,501,8.976800894737243,8.626953125,960,20,80,501,299,299,501
olmo-2-13b-instruct,47,hihp_imp_asc,0.01,16,16,0.061474609375,0.0625,960,20,80,501,299,299,501
olmo-2-13b-instruct,47,hihp_imp_asc,0.03,48,48,0.07698567708333333,0.0625,960,20,80,501,299,299,501
olmo-2-13b-instruct,47,hihp_imp_asc,0.05,80,80,0.12101236979166667,0.09375,960,20,80,501,299,299,501
olmo-2-13b-instruct,47,hihp_imp_asc,0.07,112,112,0.12902018229166667,0.125,960,20,80,501,299,299,501
olmo-2-13b-instruct,47,hihp_imp_asc,0.1,160,160,0.15831705729166667,0.125,960,20,80,501,299,299,501
olmo-2-13b-instruct,47,hihp_imp_asc,0.12,192,192,0.23922526041666667,0.1875,960,20,80,501,299,299,501
olmo-2-13b-instruct,47,hihp_imp_asc,0.15,240,240,0.4785888671875,0.34375,960,20,80,501,299,299,501
olmo-2-13b-instruct,47,hihp_imp_asc,0.186875,299,299,1.0160919189453126,0.78125,960,20,80,501,299,299,501
olmo-2-13b-instruct,47,hihp_imp_asc,0.2,320,320,1.413543701171875,1.171875,960,20,80,501,299,299,501
olmo-2-13b-instruct,47,hihp_imp_asc,0.3,480,480,7.641390101114909,6.353515625,960,20,80,501,299,299,501
olmo-2-13b-instruct,47,hihp_imp_asc,0.5,800,501,8.976800894737243,8.626953125,960,20,80,501,299,299,501
olmo-2-13b-instruct,47,hilp_imp_desc,0.01,16,16,0.04033203125,0.03125,960,20,80,501,299,299,501
olmo-2-13b-instruct,47,hilp_imp_desc,0.03,48,48,0.04620768229166667,0.03125,960,20,80,501,299,299,501
olmo-2-13b-instruct,47,hilp_imp_desc,0.05,80,80,0.05047200520833333,0.03125,960,20,80,501,299,299,501
olmo-2-13b-instruct,47,hilp_imp_desc,0.07,112,112,0.056103515625,0.0625,960,20,80,501,299,299,501
olmo-2-13b-instruct,47,hilp_imp_desc,0.1,160,160,0.06549479166666666,0.0625,960,20,80,501,299,299,501
olmo-2-13b-instruct,47,hilp_imp_desc,0.12,192,192,0.07664388020833333,0.0625,960,20,80,501,299,299,501
olmo-2-13b-instruct,47,hilp_imp_desc,0.15,240,240,0.078173828125,0.0625,960,20,80,501,299,299,501
olmo-2-13b-instruct,47,hilp_imp_desc,0.186875,299,299,0.08209635416666666,0.0625,960,20,80,501,299,299,501
olmo-2-13b-instruct,47,hilp_imp_desc,0.2,320,299,0.08209635416666666,0.0625,960,20,80,501,299,299,501
olmo-2-13b-instruct,47,hilp_imp_desc,0.3,480,299,0.08209635416666666,0.0625,960,20,80,501,299,299,501
olmo-2-13b-instruct,47,hilp_imp_desc,0.5,800,299,0.08209635416666666,0.0625,960,20,80,501,299,299,501
olmo-2-13b-instruct,47,hilp_imp_asc,0.01,16,16,0.02998046875,0.03125,960,20,80,501,299,299,501
olmo-2-13b-instruct,47,hilp_imp_asc,0.03,48,48,0.034326171875,0.03125,960,20,80,501,299,299,501
olmo-2-13b-instruct,47,hilp_imp_asc,0.05,80,80,0.03976236979166667,0.03125,960,20,80,501,299,299,501
olmo-2-13b-instruct,47,hilp_imp_asc,0.07,112,112,0.04373372395833333,0.03125,960,20,80,501,299,299,501
olmo-2-13b-instruct,47,hilp_imp_asc,0.1,160,160,0.05107421875,0.03125,960,20,80,501,299,299,501
olmo-2-13b-instruct,47,hilp_imp_asc,0.12,192,192,0.061865234375,0.0625,960,20,80,501,299,299,501
olmo-2-13b-instruct,47,hilp_imp_asc,0.15,240,240,0.07146809895833334,0.0625,960,20,80,501,299,299,501
olmo-2-13b-instruct,47,hilp_imp_asc,0.186875,299,299,0.08209635416666666,0.0625,960,20,80,501,299,299,501
olmo-2-13b-instruct,47,hilp_imp_asc,0.2,320,299,0.08209635416666666,0.0625,960,20,80,501,299,299,501
olmo-2-13b-instruct,47,hilp_imp_asc,0.3,480,299,0.08209635416666666,0.0625,960,20,80,501,299,299,501
olmo-2-13b-instruct,47,hilp_imp_asc,0.5,800,299,0.08209635416666666,0.0625,960,20,80,501,299,299,501
olmo-2-13b-instruct,47,C_imp_asc,0.01,16,16,0.7095703125,0.5,960,20,80,501,299,299,501
olmo-2-13b-instruct,47,C_imp_asc,0.03,48,48,1.6355264027913412,1.15625,960,20,80,501,299,299,501
olmo-2-13b-instruct,47,C_imp_asc,0.05,80,80,3.0019490559895834,2.21875,960,20,80,501,299,299,501
olmo-2-13b-instruct,47,C_imp_asc,0.07,112,112,3.253586673736572,2.4375,960,20,80,501,299,299,501
olmo-2-13b-instruct,47,C_imp_asc,0.1,160,160,4.281952555974325,3.5078125,960,20,80,501,299,299,501
olmo-2-13b-instruct,47,C_imp_asc,0.12,192,192,5.088045215606689,4.1328125,960,20,80,501,299,299,501
olmo-2-13b-instruct,47,C_imp_asc,0.15,240,240,5.459680803616842,4.515625,960,20,80,501,299,299,501
olmo-2-13b-instruct,47,C_imp_asc,0.186875,299,299,6.786972840627034,5.7421875,960,20,80,501,299,299,501
olmo-2-13b-instruct,47,C_imp_asc,0.2,320,299,6.786972840627034,5.7421875,960,20,80,501,299,299,501
olmo-2-13b-instruct,47,C_imp_asc,0.3,480,299,6.786972840627034,5.7421875,960,20,80,501,299,299,501
olmo-2-13b-instruct,47,C_imp_asc,0.5,800,299,6.786972840627034,5.7421875,960,20,80,501,299,299,501
olmo-2-13b-instruct,47,D_imp_asc,0.01,16,16,0.030875651041666667,0.03125,960,20,80,501,299,299,501
olmo-2-13b-instruct,47,D_imp_asc,0.03,48,48,0.034130859375,0.03125,960,20,80,501,299,299,501
olmo-2-13b-instruct,47,D_imp_asc,0.05,80,80,0.039567057291666666,0.03125,960,20,80,501,299,299,501
olmo-2-13b-instruct,47,D_imp_asc,0.07,112,112,0.044905598958333334,0.03125,960,20,80,501,299,299,501
olmo-2-13b-instruct,47,D_imp_asc,0.1,160,160,0.052880859375,0.03125,960,20,80,501,299,299,501
olmo-2-13b-instruct,47,D_imp_asc,0.12,192,192,0.05594075520833333,0.03125,960,20,80,501,299,299,501
olmo-2-13b-instruct,47,D_imp_asc,0.15,240,240,0.06892903645833333,0.0625,960,20,80,501,299,299,501
olmo-2-13b-instruct,47,D_imp_asc,0.186875,299,299,0.06678059895833334,0.0625,960,20,80,501,299,299,501
olmo-2-13b-instruct,47,D_imp_asc,0.2,320,320,0.06848958333333334,0.0625,960,20,80,501,299,299,501
olmo-2-13b-instruct,47,D_imp_asc,0.3,480,480,0.079541015625,0.0625,960,20,80,501,299,299,501
olmo-2-13b-instruct,47,D_imp_asc,0.5,800,501,0.07823893229166666,0.0625,960,20,80,501,299,299,501
olmo-2-13b-instruct,47,diag_rank_asc,0.01,16,16,0.028580729166666666,0.03125,960,20,80,501,299,299,501
olmo-2-13b-instruct,47,diag_rank_asc,0.03,48,48,0.029915364583333333,0.03125,960,20,80,501,299,299,501
olmo-2-13b-instruct,47,diag_rank_asc,0.05,80,80,0.029622395833333332,0.03125,960,20,80,501,299,299,501
olmo-2-13b-instruct,47,diag_rank_asc,0.07,112,112,0.0361328125,0.03125,960,20,80,501,299,299,501
olmo-2-13b-instruct,47,diag_rank_asc,0.1,160,160,0.04527994791666667,0.03125,960,20,80,501,299,299,501
olmo-2-13b-instruct,47,diag_rank_asc,0.12,192,192,0.050439453125,0.03125,960,20,80,501,299,299,501
olmo-2-13b-instruct,47,diag_rank_asc,0.15,240,240,0.0607421875,0.0625,960,20,80,501,299,299,501
olmo-2-13b-instruct,47,diag_rank_asc,0.186875,299,299,0.09973958333333334,0.0625,960,20,80,501,299,299,501
olmo-2-13b-instruct,47,diag_rank_asc,0.2,320,320,0.15559895833333334,0.125,960,20,80,501,299,299,501
olmo-2-13b-instruct,47,diag_rank_asc,0.3,480,480,1.9699195861816405,1.40625,960,20,80,501,299,299,501
olmo-2-13b-instruct,47,diag_rank_asc,0.5,800,800,6.978030808766683,5.9453125,960,20,80,501,299,299,501
olmo-2-13b-instruct,47,std_imp_asc,0.01,16,16,0.4406494140625,0.28125,960,20,80,501,299,299,501
olmo-2-13b-instruct,47,std_imp_asc,0.03,48,48,0.961065673828125,0.71875,960,20,80,501,299,299,501
olmo-2-13b-instruct,47,std_imp_asc,0.05,80,80,1.7746586481730142,1.25,960,20,80,501,299,299,501
olmo-2-13b-instruct,47,std_imp_asc,0.07,112,112,2.838916015625,2.078125,960,20,80,501,299,299,501
olmo-2-13b-instruct,47,std_imp_asc,0.1,160,160,3.125069427490234,2.375,960,20,80,501,299,299,501
olmo-2-13b-instruct,47,std_imp_asc,0.12,192,192,3.30439453125,2.5,960,20,80,501,299,299,501
olmo-2-13b-instruct,47,std_imp_asc,0.15,240,240,3.644287904103597,2.8125,960,20,80,501,299,299,501
olmo-2-13b-instruct,47,std_imp_asc,0.186875,299,299,4.174437204996745,3.2890625,960,20,80,501,299,299,501
olmo-2-13b-instruct,47,std_imp_asc,0.2,320,320,4.226338195800781,3.375,960,20,80,501,299,299,501
olmo-2-13b-instruct,47,std_imp_asc,0.3,480,480,5.245445187886556,4.25,960,20,80,501,299,299,501
olmo-2-13b-instruct,47,std_imp_asc,0.5,800,800,6.978030808766683,5.9453125,960,20,80,501,299,299,501
olmo-2-13b-instruct,48,hihp_imp_desc,0.01,16,16,1.1027587890625,0.65625,960,20,80,502,298,298,502
olmo-2-13b-instruct,48,hihp_imp_desc,0.03,48,48,2.14480029741923,1.46875,960,20,80,502,298,298,502
olmo-2-13b-instruct,48,hihp_imp_desc,0.05,80,80,2.264230664571126,1.78125,960,20,80,502,298,298,502
olmo-2-13b-instruct,48,hihp_imp_desc,0.07,112,112,2.5757994333902996,2.15625,960,20,80,502,298,298,502
olmo-2-13b-instruct,48,hihp_imp_desc,0.1,160,160,3.274369176228841,2.78125,960,20,80,502,298,298,502
olmo-2-13b-instruct,48,hihp_imp_desc,0.12,192,192,4.586272684733073,4.34375,960,20,80,502,298,298,502
olmo-2-13b-instruct,48,hihp_imp_desc,0.15,240,240,5.938770214716594,5.693359375,960,20,80,502,298,298,502
olmo-2-13b-instruct,48,hihp_imp_desc,0.18625,298,298,8.316835888226827,7.816455841064453,960,20,80,502,298,298,502
olmo-2-13b-instruct,48,hihp_imp_desc,0.2,320,320,8.530835056304932,8.03125,960,20,80,502,298,298,502
olmo-2-13b-instruct,48,hihp_imp_desc,0.3,480,480,8.80577049255371,8.33203125,960,20,80,502,298,298,502
olmo-2-13b-instruct,48,hihp_imp_desc,0.5,800,502,8.865296753247579,8.35546875,960,20,80,502,298,298,502
olmo-2-13b-instruct,48,hihp_imp_asc,0.01,16,16,0.06012369791666667,0.0625,960,20,80,502,298,298,502
olmo-2-13b-instruct,48,hihp_imp_asc,0.03,48,48,0.1265625,0.09375,960,20,80,502,298,298,502
olmo-2-13b-instruct,48,hihp_imp_asc,0.05,80,80,0.14388020833333334,0.125,960,20,80,502,298,298,502
olmo-2-13b-instruct,48,hihp_imp_asc,0.07,112,112,0.1486328125,0.125,960,20,80,502,298,298,502
olmo-2-13b-instruct,48,hihp_imp_asc,0.1,160,160,0.20983072916666667,0.1875,960,20,80,502,298,298,502
olmo-2-13b-instruct,48,hihp_imp_asc,0.12,192,192,0.23727213541666667,0.15625,960,20,80,502,298,298,502
olmo-2-13b-instruct,48,hihp_imp_asc,0.15,240,240,0.40439453125,0.28125,960,20,80,502,298,298,502
olmo-2-13b-instruct,48,hihp_imp_asc,0.18625,298,298,0.9016764322916667,0.65625,960,20,80,502,298,298,502
olmo-2-13b-instruct,48,hihp_imp_asc,0.2,320,320,2.03231201171875,1.9375,960,20,80,502,298,298,502
olmo-2-13b-instruct,48,hihp_imp_asc,0.3,480,480,7.4557263930638635,5.98828125,960,20,80,502,298,298,502
olmo-2-13b-instruct,48,hihp_imp_asc,0.5,800,502,8.865296753247579,8.35546875,960,20,80,502,298,298,502
olmo-2-13b-instruct,48,hilp_imp_desc,0.01,16,16,0.037109375,0.03125,960,20,80,502,298,298,502
olmo-2-13b-instruct,48,hilp_imp_desc,0.03,48,48,0.046061197916666664,0.03125,960,20,80,502,298,298,502
olmo-2-13b-instruct,48,hilp_imp_desc,0.05,80,80,0.05416666666666667,0.03125,960,20,80,502,298,298,502
olmo-2-13b-instruct,48,hilp_imp_desc,0.07,112,112,0.05667317708333333,0.0625,960,20,80,502,298,298,502
olmo-2-13b-instruct,48,hilp_imp_desc,0.1,160,160,0.06761067708333333,0.0625,960,20,80,502,298,298,502
olmo-2-13b-instruct,48,hilp_imp_desc,0.12,192,192,0.06790364583333333,0.0625,960,20,80,502,298,298,502
olmo-2-13b-instruct,48,hilp_imp_desc,0.15,240,240,0.06735026041666667,0.0625,960,20,80,502,298,298,502
olmo-2-13b-instruct,48,hilp_imp_desc,0.18625,298,298,0.07112630208333333,0.0625,960,20,80,502,298,298,502
olmo-2-13b-instruct,48,hilp_imp_desc,0.2,320,298,0.07112630208333333,0.0625,960,20,80,502,298,298,502
olmo-2-13b-instruct,48,hilp_imp_desc,0.3,480,298,0.07112630208333333,0.0625,960,20,80,502,298,298,502
olmo-2-13b-instruct,48,hilp_imp_desc,0.5,800,298,0.07112630208333333,0.0625,960,20,80,502,298,298,502
olmo-2-13b-instruct,48,hilp_imp_asc,0.01,16,16,0.02939453125,0.03125,960,20,80,502,298,298,502
olmo-2-13b-instruct,48,hilp_imp_asc,0.03,48,48,0.03642578125,0.03125,960,20,80,502,298,298,502
olmo-2-13b-instruct,48,hilp_imp_asc,0.05,80,80,0.041796875,0.03125,960,20,80,502,298,298,502
olmo-2-13b-instruct,48,hilp_imp_asc,0.07,112,112,0.046647135416666666,0.03125,960,20,80,502,298,298,502
olmo-2-13b-instruct,48,hilp_imp_asc,0.1,160,160,0.04739583333333333,0.03125,960,20,80,502,298,298,502
olmo-2-13b-instruct,48,hilp_imp_asc,0.12,192,192,0.052994791666666666,0.03125,960,20,80,502,298,298,502
olmo-2-13b-instruct,48,hilp_imp_asc,0.15,240,240,0.06165364583333333,0.0625,960,20,80,502,298,298,502
olmo-2-13b-instruct,48,hilp_imp_asc,0.18625,298,298,0.07112630208333333,0.0625,960,20,80,502,298,298,502
olmo-2-13b-instruct,48,hilp_imp_asc,0.2,320,298,0.07112630208333333,0.0625,960,20,80,502,298,298,502
olmo-2-13b-instruct,48,hilp_imp_asc,0.3,480,298,0.07112630208333333,0.0625,960,20,80,502,298,298,502
olmo-2-13b-instruct,48,hilp_imp_asc,0.5,800,298,0.07112630208333333,0.0625,960,20,80,502,298,298,502
olmo-2-13b-instruct,48,C_imp_asc,0.01,16,16,0.3744140625,0.15625,960,20,80,502,298,298,502
olmo-2-13b-instruct,48,C_imp_asc,0.03,48,48,1.3229146321614584,0.90625,960,20,80,502,298,298,502
olmo-2-13b-instruct,48,C_imp_asc,0.05,80,80,2.9054407119750976,2.125,960,20,80,502,298,298,502
olmo-2-13b-instruct,48,C_imp_asc,0.07,112,112,3.551905059814453,2.671875,960,20,80,502,298,298,502
olmo-2-13b-instruct,48,C_imp_asc,0.1,160,160,4.559666641553243,3.5234375,960,20,80,502,298,298,502
olmo-2-13b-instruct,48,C_imp_asc,0.12,192,192,4.821737925211589,3.7578125,960,20,80,502,298,298,502
olmo-2-13b-instruct,48,C_imp_asc,0.15,240,240,5.51370366414388,4.46875,960,20,80,502,298,298,502
olmo-2-13b-instruct,48,C_imp_asc,0.18625,298,298,6.6597188949584964,5.5625,960,20,80,502,298,298,502
olmo-2-13b-instruct,48,C_imp_asc,0.2,320,298,6.6597188949584964,5.5625,960,20,80,502,298,298,502
olmo-2-13b-instruct,48,C_imp_asc,0.3,480,298,6.6597188949584964,5.5625,960,20,80,502,298,298,502
olmo-2-13b-instruct,48,C_imp_asc,0.5,800,298,6.6597188949584964,5.5625,960,20,80,502,298,298,502
olmo-2-13b-instruct,48,D_imp_asc,0.01,16,16,0.029134114583333332,0.03125,960,20,80,502,298,298,502
olmo-2-13b-instruct,48,D_imp_asc,0.03,48,48,0.030013020833333334,0.03125,960,20,80,502,298,298,502
olmo-2-13b-instruct,48,D_imp_asc,0.05,80,80,0.03899739583333333,0.03125,960,20,80,502,298,298,502
olmo-2-13b-instruct,48,D_imp_asc,0.07,112,112,0.039876302083333336,0.03125,960,20,80,502,298,298,502
olmo-2-13b-instruct,48,D_imp_asc,0.1,160,160,0.04404296875,0.03125,960,20,80,502,298,298,502
olmo-2-13b-instruct,48,D_imp_asc,0.12,192,192,0.04625651041666667,0.03125,960,20,80,502,298,298,502
olmo-2-13b-instruct,48,D_imp_asc,0.15,240,240,0.052083333333333336,0.03125,960,20,80,502,298,298,502
olmo-2-13b-instruct,48,D_imp_asc,0.18625,298,298,0.05791015625,0.03125,960,20,80,502,298,298,502
olmo-2-13b-instruct,48,D_imp_asc,0.2,320,320,0.05804036458333333,0.0625,960,20,80,502,298,298,502
olmo-2-13b-instruct,48,D_imp_asc,0.3,480,480,0.07347005208333333,0.0625,960,20,80,502,298,298,502
olmo-2-13b-instruct,48,D_imp_asc,0.5,800,502,0.06995442708333334,0.0625,960,20,80,502,298,298,502
olmo-2-13b-instruct,48,diag_rank_asc,0.01,16,16,0.027473958333333333,0.03125,960,20,80,502,298,298,502
olmo-2-13b-instruct,48,diag_rank_asc,0.03,48,48,0.029166666666666667,0.03125,960,20,80,502,298,298,502
olmo-2-13b-instruct,48,diag_rank_asc,0.05,80,80,0.02900390625,0.03125,960,20,80,502,298,298,502
olmo-2-13b-instruct,48,diag_rank_asc,0.07,112,112,0.03125,0.03125,960,20,80,502,298,298,502
olmo-2-13b-instruct,48,diag_rank_asc,0.1,160,160,0.03919270833333333,0.03125,960,20,80,502,298,298,502
olmo-2-13b-instruct,48,diag_rank_asc,0.12,192,192,0.04944661458333333,0.03125,960,20,80,502,298,298,502
olmo-2-13b-instruct,48,diag_rank_asc,0.15,240,240,0.05992838541666667,0.0625,960,20,80,502,298,298,502
olmo-2-13b-instruct,48,diag_rank_asc,0.18625,298,298,0.0978515625,0.0625,960,20,80,502,298,298,502
olmo-2-13b-instruct,48,diag_rank_asc,0.2,320,320,0.112890625,0.0625,960,20,80,502,298,298,502
olmo-2-13b-instruct,48,diag_rank_asc,0.3,480,480,1.8305648803710937,1.28125,960,20,80,502,298,298,502
olmo-2-13b-instruct,48,diag_rank_asc,0.5,800,800,6.866946220397949,5.7109375,960,20,80,502,298,298,502
olmo-2-13b-instruct,48,std_imp_asc,0.01,16,16,0.29425455729166666,0.125,960,20,80,502,298,298,502
olmo-2-13b-instruct,48,std_imp_asc,0.03,48,48,0.9705733776092529,0.65625,960,20,80,502,298,298,502
olmo-2-13b-instruct,48,std_imp_asc,0.05,80,80,1.3103841145833333,0.875,960,20,80,502,298,298,502
olmo-2-13b-instruct,48,std_imp_asc,0.07,112,112,2.259124755859375,1.65625,960,20,80,502,298,298,502
olmo-2-13b-instruct,48,std_imp_asc,0.1,160,160,3.2585723876953123,2.375,960,20,80,502,298,298,502
olmo-2-13b-instruct,48,std_imp_asc,0.12,192,192,3.400571870803833,2.46875,960,20,80,502,298,298,502
olmo-2-13b-instruct,48,std_imp_asc,0.15,240,240,3.9229955037434894,3.0,960,20,80,502,298,298,502
olmo-2-13b-instruct,48,std_imp_asc,0.18625,298,298,4.318836402893067,3.359375,960,20,80,502,298,298,502
olmo-2-13b-instruct,48,std_imp_asc,0.2,320,320,4.316827837626139,3.359375,960,20,80,502,298,298,502
olmo-2-13b-instruct,48,std_imp_asc,0.3,480,480,4.968315442403157,3.921875,960,20,80,502,298,298,502
olmo-2-13b-instruct,48,std_imp_asc,0.5,800,800,6.866946220397949,5.7109375,960,20,80,502,298,298,502
olmo-2-13b-instruct,49,hihp_imp_desc,0.01,16,16,1.0284993489583334,0.5625,960,20,80,490,310,310,490
olmo-2-13b-instruct,49,hihp_imp_desc,0.03,48,48,2.12486572265625,1.546875,960,20,80,490,310,310,490
olmo-2-13b-instruct,49,hihp_imp_desc,0.05,80,80,2.358443832397461,1.90625,960,20,80,490,310,310,490
olmo-2-13b-instruct,49,hihp_imp_desc,0.07,112,112,2.513254992167155,2.15625,960,20,80,490,310,310,490
olmo-2-13b-instruct,49,hihp_imp_desc,0.1,160,160,3.547235616048177,3.234375,960,20,80,490,310,310,490
olmo-2-13b-instruct,49,hihp_imp_desc,0.12,192,192,4.318508044878642,3.9765625,960,20,80,490,310,310,490
olmo-2-13b-instruct,49,hihp_imp_desc,0.15,240,240,5.1440122604370115,4.828125,960,20,80,490,310,310,490
olmo-2-13b-instruct,49,hihp_imp_desc,0.19375,310,310,8.150487232208253,7.6796875,960,20,80,490,310,310,490
olmo-2-13b-instruct,49,hihp_imp_desc,0.2,320,320,8.051463413238526,7.591552734375,960,20,80,490,310,310,490
olmo-2-13b-instruct,49,hihp_imp_desc,0.3,480,480,8.901346397399902,8.392578125,960,20,80,490,310,310,490
olmo-2-13b-instruct,49,hihp_imp_desc,0.5,800,490,8.822815450032552,8.35546875,960,20,80,490,310,310,490
olmo-2-13b-instruct,49,hihp_imp_asc,0.01,16,16,0.036604817708333334,0.03125,960,20,80,490,310,310,490
olmo-2-13b-instruct,49,hihp_imp_asc,0.03,48,48,0.1097412109375,0.09375,960,20,80,490,310,310,490
olmo-2-13b-instruct,49,hihp_imp_asc,0.05,80,80,0.10188802083333333,0.09375,960,20,80,490,310,310,490
olmo-2-13b-instruct,49,hihp_imp_asc,0.07,112,112,0.12615559895833334,0.109375,960,20,80,490,310,310,490
olmo-2-13b-instruct,49,hihp_imp_asc,0.1,160,160,0.21847330729166667,0.1875,960,20,80,490,310,310,490
olmo-2-13b-instruct,49,hihp_imp_asc,0.12,192,192,0.2835774739583333,0.21875,960,20,80,490,310,310,490
olmo-2-13b-instruct,49,hihp_imp_asc,0.15,240,240,0.6434722900390625,0.46875,960,20,80,490,310,310,490
olmo-2-13b-instruct,49,hihp_imp_asc,0.19375,310,310,1.4405029296875,1.171875,960,20,80,490,310,310,490
olmo-2-13b-instruct,49,hihp_imp_asc,0.2,320,320,1.5851888020833333,1.375,960,20,80,490,310,310,490
olmo-2-13b-instruct,49,hihp_imp_asc,0.3,480,480,8.038799730936686,6.89453125,960,20,80,490,310,310,490
olmo-2-13b-instruct,49,hihp_imp_asc,0.5,800,490,8.822815450032552,8.35546875,960,20,80,490,310,310,490
olmo-2-13b-instruct,49,hilp_imp_desc,0.01,16,16,0.03701171875,0.03125,960,20,80,490,310,310,490
olmo-2-13b-instruct,49,hilp_imp_desc,0.03,48,48,0.048665364583333336,0.03125,960,20,80,490,310,310,490
olmo-2-13b-instruct,49,hilp_imp_desc,0.05,80,80,0.05105794270833333,0.03125,960,20,80,490,310,310,490
olmo-2-13b-instruct,49,hilp_imp_desc,0.07,112,112,0.05986328125,0.0625,960,20,80,490,310,310,490
olmo-2-13b-instruct,49,hilp_imp_desc,0.1,160,160,0.06516927083333333,0.0625,960,20,80,490,310,310,490
olmo-2-13b-instruct,49,hilp_imp_desc,0.12,192,192,0.07646484375,0.0625,960,20,80,490,310,310,490
olmo-2-13b-instruct,49,hilp_imp_desc,0.15,240,240,0.06979166666666667,0.0625,960,20,80,490,310,310,490
olmo-2-13b-instruct,49,hilp_imp_desc,0.19375,310,310,0.08098958333333334,0.0625,960,20,80,490,310,310,490
olmo-2-13b-instruct,49,hilp_imp_desc,0.2,320,310,0.08098958333333334,0.0625,960,20,80,490,310,310,490
olmo-2-13b-instruct,49,hilp_imp_desc,0.3,480,310,0.08098958333333334,0.0625,960,20,80,490,310,310,490
olmo-2-13b-instruct,49,hilp_imp_desc,0.5,800,310,0.08098958333333334,0.0625,960,20,80,490,310,310,490
olmo-2-13b-instruct,49,hilp_imp_asc,0.01,16,16,0.032210286458333334,0.03125,960,20,80,490,310,310,490
olmo-2-13b-instruct,49,hilp_imp_asc,0.03,48,48,0.034895833333333334,0.03125,960,20,80,490,310,310,490
olmo-2-13b-instruct,49,hilp_imp_asc,0.05,80,80,0.03665364583333333,0.03125,960,20,80,490,310,310,490
olmo-2-13b-instruct,49,hilp_imp_asc,0.07,112,112,0.045458984375,0.03125,960,20,80,490,310,310,490
olmo-2-13b-instruct,49,hilp_imp_asc,0.1,160,160,0.05437825520833333,0.03125,960,20,80,490,310,310,490
olmo-2-13b-instruct,49,hilp_imp_asc,0.12,192,192,0.05517578125,0.0625,960,20,80,490,310,310,490
olmo-2-13b-instruct,49,hilp_imp_asc,0.15,240,240,0.06573893229166666,0.0625,960,20,80,490,310,310,490
olmo-2-13b-instruct,49,hilp_imp_asc,0.19375,310,310,0.08098958333333334,0.0625,960,20,80,490,310,310,490
olmo-2-13b-instruct,49,hilp_imp_asc,0.2,320,310,0.08098958333333334,0.0625,960,20,80,490,310,310,490
olmo-2-13b-instruct,49,hilp_imp_asc,0.3,480,310,0.08098958333333334,0.0625,960,20,80,490,310,310,490
olmo-2-13b-instruct,49,hilp_imp_asc,0.5,800,310,0.08098958333333334,0.0625,960,20,80,490,310,310,490
olmo-2-13b-instruct,49,C_imp_asc,0.01,16,16,0.6849202473958333,0.5,960,20,80,490,310,310,490
olmo-2-13b-instruct,49,C_imp_asc,0.03,48,48,1.8027837117513021,1.21875,960,20,80,490,310,310,490
olmo-2-13b-instruct,49,C_imp_asc,0.05,80,80,2.874486470222473,2.03125,960,20,80,490,310,310,490
olmo-2-13b-instruct,49,C_imp_asc,0.07,112,112,3.385164165496826,2.5,960,20,80,490,310,310,490
olmo-2-13b-instruct,49,C_imp_asc,0.1,160,160,4.532546043395996,3.515625,960,20,80,490,310,310,490
olmo-2-13b-instruct,49,C_imp_asc,0.12,192,192,5.0738269805908205,3.953125,960,20,80,490,310,310,490
olmo-2-13b-instruct,49,C_imp_asc,0.15,240,240,5.592878850301107,4.5234375,960,20,80,490,310,310,490
olmo-2-13b-instruct,49,C_imp_asc,0.19375,310,310,6.831144487857818,5.828125,960,20,80,490,310,310,490
olmo-2-13b-instruct,49,C_imp_asc,0.2,320,310,6.831144487857818,5.828125,960,20,80,490,310,310,490
olmo-2-13b-instruct,49,C_imp_asc,0.3,480,310,6.831144487857818,5.828125,960,20,80,490,310,310,490
olmo-2-13b-instruct,49,C_imp_asc,0.5,800,310,6.831144487857818,5.828125,960,20,80,490,310,310,490
olmo-2-13b-instruct,49,D_imp_asc,0.01,16,16,0.029866536458333332,0.03125,960,20,80,490,310,310,490
olmo-2-13b-instruct,49,D_imp_asc,0.03,48,48,0.03216145833333333,0.03125,960,20,80,490,310,310,490
olmo-2-13b-instruct,49,D_imp_asc,0.05,80,80,0.04055989583333333,0.03125,960,20,80,490,310,310,490
olmo-2-13b-instruct,49,D_imp_asc,0.07,112,112,0.046484375,0.03125,960,20,80,490,310,310,490
olmo-2-13b-instruct,49,D_imp_asc,0.1,160,160,0.05242513020833333,0.03125,960,20,80,490,310,310,490
olmo-2-13b-instruct,49,D_imp_asc,0.12,192,192,0.05499674479166667,0.03125,960,20,80,490,310,310,490
olmo-2-13b-instruct,49,D_imp_asc,0.15,240,240,0.05504557291666667,0.03125,960,20,80,490,310,310,490
olmo-2-13b-instruct,49,D_imp_asc,0.19375,310,310,0.05546875,0.03125,960,20,80,490,310,310,490
olmo-2-13b-instruct,49,D_imp_asc,0.2,320,320,0.05548502604166667,0.03125,960,20,80,490,310,310,490
olmo-2-13b-instruct,49,D_imp_asc,0.3,480,480,0.06370442708333333,0.0625,960,20,80,490,310,310,490
olmo-2-13b-instruct,49,D_imp_asc,0.5,800,490,0.06555989583333334,0.0625,960,20,80,490,310,310,490
olmo-2-13b-instruct,49,diag_rank_asc,0.01,16,16,0.027880859375,0.03125,960,20,80,490,310,310,490
olmo-2-13b-instruct,49,diag_rank_asc,0.03,48,48,0.027587890625,0.03125,960,20,80,490,310,310,490
olmo-2-13b-instruct,49,diag_rank_asc,0.05,80,80,0.029052734375,0.03125,960,20,80,490,310,310,490
olmo-2-13b-instruct,49,diag_rank_asc,0.07,112,112,0.033772786458333336,0.03125,960,20,80,490,310,310,490
olmo-2-13b-instruct,49,diag_rank_asc,0.1,160,160,0.04217122395833333,0.03125,960,20,80,490,310,310,490
olmo-2-13b-instruct,49,diag_rank_asc,0.12,192,192,0.052734375,0.03125,960,20,80,490,310,310,490
olmo-2-13b-instruct,49,diag_rank_asc,0.15,240,240,0.06417643229166667,0.0625,960,20,80,490,310,310,490
olmo-2-13b-instruct,49,diag_rank_asc,0.19375,310,310,0.141162109375,0.09375,960,20,80,490,310,310,490
olmo-2-13b-instruct,49,diag_rank_asc,0.2,320,320,0.17333984375,0.125,960,20,80,490,310,310,490
olmo-2-13b-instruct,49,diag_rank_asc,0.3,480,480,1.7348190307617188,1.25,960,20,80,490,310,310,490
olmo-2-13b-instruct,49,diag_rank_asc,0.5,800,800,6.988157268365224,5.9453125,960,20,80,490,310,310,490
olmo-2-13b-instruct,49,std_imp_asc,0.01,16,16,0.522900390625,0.34375,960,20,80,490,310,310,490
olmo-2-13b-instruct,49,std_imp_asc,0.03,48,48,0.9872762044270833,0.71875,960,20,80,490,310,310,490
olmo-2-13b-instruct,49,std_imp_asc,0.05,80,80,1.814397684733073,1.25,960,20,80,490,310,310,490
olmo-2-13b-instruct,49,std_imp_asc,0.07,112,112,2.7139756520589193,1.9375,960,20,80,490,310,310,490
olmo-2-13b-instruct,49,std_imp_asc,0.1,160,160,3.1262380282084146,2.3125,960,20,80,490,310,310,490
olmo-2-13b-instruct,49,std_imp_asc,0.12,192,192,3.41908327738444,2.5,960,20,80,490,310,310,490
olmo-2-13b-instruct,49,std_imp_asc,0.15,240,240,4.060339609781901,3.125,960,20,80,490,310,310,490
olmo-2-13b-instruct,49,std_imp_asc,0.19375,310,310,4.641730562845866,3.6484375,960,20,80,490,310,310,490
olmo-2-13b-instruct,49,std_imp_asc,0.2,320,320,4.646367994944255,3.625,960,20,80,490,310,310,490
olmo-2-13b-instruct,49,std_imp_asc,0.3,480,480,5.328752708435059,4.1875,960,20,80,490,310,310,490
olmo-2-13b-instruct,49,std_imp_asc,0.5,800,800,6.988157268365224,5.9453125,960,20,80,490,310,310,490
olmo-2-13b-instruct,50,hihp_imp_desc,0.01,16,16,1.06214599609375,0.625,960,20,80,495,305,305,495
olmo-2-13b-instruct,50,hihp_imp_desc,0.03,48,48,2.1545814514160155,1.4375,960,20,80,495,305,305,495
olmo-2-13b-instruct,50,hihp_imp_desc,0.05,80,80,2.2732093493143717,1.8125,960,20,80,495,305,305,495
olmo-2-13b-instruct,50,hihp_imp_desc,0.07,112,112,2.2800061543782553,1.84375,960,20,80,495,305,305,495
olmo-2-13b-instruct,50,hihp_imp_desc,0.1,160,160,3.5539133071899416,3.25,960,20,80,495,305,305,495
olmo-2-13b-instruct,50,hihp_imp_desc,0.12,192,192,4.554372024536133,4.3203125,960,20,80,495,305,305,495
olmo-2-13b-instruct,50,hihp_imp_desc,0.15,240,240,5.847525151570638,5.66015625,960,20,80,495,305,305,495
olmo-2-13b-instruct,50,hihp_imp_desc,0.190625,305,305,7.979215274254481,7.60888671875,960,20,80,495,305,305,495
olmo-2-13b-instruct,50,hihp_imp_desc,0.2,320,320,8.0397554397583,7.68212890625,960,20,80,495,305,305,495
olmo-2-13b-instruct,50,hihp_imp_desc,0.3,480,480,8.272242991129557,7.94140625,960,20,80,495,305,305,495
olmo-2-13b-instruct,50,hihp_imp_desc,0.5,800,495,8.272946480909983,7.98828125,960,20,80,495,305,305,495
olmo-2-13b-instruct,50,hihp_imp_asc,0.01,16,16,0.06599934895833333,0.0625,960,20,80,495,305,305,495
olmo-2-13b-instruct,50,hihp_imp_asc,0.03,48,48,0.0796875,0.0625,960,20,80,495,305,305,495
olmo-2-13b-instruct,50,hihp_imp_asc,0.05,80,80,0.08987630208333333,0.0625,960,20,80,495,305,305,495
olmo-2-13b-instruct,50,hihp_imp_asc,0.07,112,112,0.17529296875,0.125,960,20,80,495,305,305,495
olmo-2-13b-instruct,50,hihp_imp_asc,0.1,160,160,0.23782552083333333,0.1875,960,20,80,495,305,305,495
olmo-2-13b-instruct,50,hihp_imp_asc,0.12,192,192,0.2544921875,0.1875,960,20,80,495,305,305,495
olmo-2-13b-instruct,50,hihp_imp_asc,0.15,240,240,0.3088785807291667,0.25,960,20,80,495,305,305,495
olmo-2-13b-instruct,50,hihp_imp_asc,0.190625,305,305,1.0468343098958333,0.84375,960,20,80,495,305,305,495
olmo-2-13b-instruct,50,hihp_imp_asc,0.2,320,320,1.567724609375,1.40625,960,20,80,495,305,305,495
olmo-2-13b-instruct,50,hihp_imp_asc,0.3,480,480,6.995840454101563,6.13671875,960,20,80,495,305,305,495
olmo-2-13b-instruct,50,hihp_imp_asc,0.5,800,495,8.272946480909983,7.98828125,960,20,80,495,305,305,495
olmo-2-13b-instruct,50,hilp_imp_desc,0.01,16,16,0.037353515625,0.03125,960,20,80,495,305,305,495
olmo-2-13b-instruct,50,hilp_imp_desc,0.03,48,48,0.04488932291666667,0.03125,960,20,80,495,305,305,495
olmo-2-13b-instruct,50,hilp_imp_desc,0.05,80,80,0.053515625,0.0625,960,20,80,495,305,305,495
olmo-2-13b-instruct,50,hilp_imp_desc,0.07,112,112,0.057845052083333334,0.0625,960,20,80,495,305,305,495
olmo-2-13b-instruct,50,hilp_imp_desc,0.1,160,160,0.06735026041666667,0.0625,960,20,80,495,305,305,495
olmo-2-13b-instruct,50,hilp_imp_desc,0.12,192,192,0.07975260416666667,0.0625,960,20,80,495,305,305,495
olmo-2-13b-instruct,50,hilp_imp_desc,0.15,240,240,0.07552083333333333,0.0625,960,20,80,495,305,305,495
olmo-2-13b-instruct,50,hilp_imp_desc,0.190625,305,305,0.077685546875,0.0625,960,20,80,495,305,305,495
olmo-2-13b-instruct,50,hilp_imp_desc,0.2,320,305,0.077685546875,0.0625,960,20,80,495,305,305,495
olmo-2-13b-instruct,50,hilp_imp_desc,0.3,480,305,0.077685546875,0.0625,960,20,80,495,305,305,495
olmo-2-13b-instruct,50,hilp_imp_desc,0.5,800,305,0.077685546875,0.0625,960,20,80,495,305,305,495
olmo-2-13b-instruct,50,hilp_imp_asc,0.01,16,16,0.0310546875,0.03125,960,20,80,495,305,305,495
olmo-2-13b-instruct,50,hilp_imp_asc,0.03,48,48,0.03484700520833333,0.03125,960,20,80,495,305,305,495
olmo-2-13b-instruct,50,hilp_imp_asc,0.05,80,80,0.04241536458333333,0.03125,960,20,80,495,305,305,495
olmo-2-13b-instruct,50,hilp_imp_asc,0.07,112,112,0.061083984375,0.0625,960,20,80,495,305,305,495
olmo-2-13b-instruct,50,hilp_imp_asc,0.1,160,160,0.053662109375,0.03125,960,20,80,495,305,305,495
olmo-2-13b-instruct,50,hilp_imp_asc,0.12,192,192,0.05654296875,0.03125,960,20,80,495,305,305,495
olmo-2-13b-instruct,50,hilp_imp_asc,0.15,240,240,0.0625,0.0625,960,20,80,495,305,305,495
olmo-2-13b-instruct,50,hilp_imp_asc,0.190625,305,305,0.077685546875,0.0625,960,20,80,495,305,305,495
olmo-2-13b-instruct,50,hilp_imp_asc,0.2,320,305,0.077685546875,0.0625,960,20,80,495,305,305,495
olmo-2-13b-instruct,50,hilp_imp_asc,0.3,480,305,0.077685546875,0.0625,960,20,80,495,305,305,495
olmo-2-13b-instruct,50,hilp_imp_asc,0.5,800,305,0.077685546875,0.0625,960,20,80,495,305,305,495
olmo-2-13b-instruct,50,C_imp_asc,0.01,16,16,0.569549560546875,0.28125,960,20,80,495,305,305,495
olmo-2-13b-instruct,50,C_imp_asc,0.03,48,48,1.5738156636555989,1.03125,960,20,80,495,305,305,495
olmo-2-13b-instruct,50,C_imp_asc,0.05,80,80,3.0484201431274416,2.171875,960,20,80,495,305,305,495
olmo-2-13b-instruct,50,C_imp_asc,0.07,112,112,3.802540651957194,2.7890625,960,20,80,495,305,305,495
olmo-2-13b-instruct,50,C_imp_asc,0.1,160,160,4.657888158162435,3.609375,960,20,80,495,305,305,495
olmo-2-13b-instruct,50,C_imp_asc,0.12,192,192,4.884369023640951,3.8125,960,20,80,495,305,305,495
olmo-2-13b-instruct,50,C_imp_asc,0.15,240,240,5.445489947001139,4.34375,960,20,80,495,305,305,495
olmo-2-13b-instruct,50,C_imp_asc,0.190625,305,305,6.862500127156576,5.80078125,960,20,80,495,305,305,495
olmo-2-13b-instruct,50,C_imp_asc,0.2,320,305,6.862500127156576,5.80078125,960,20,80,495,305,305,495
olmo-2-13b-instruct,50,C_imp_asc,0.3,480,305,6.862500127156576,5.80078125,960,20,80,495,305,305,495
olmo-2-13b-instruct,50,C_imp_asc,0.5,800,305,6.862500127156576,5.80078125,960,20,80,495,305,305,495
olmo-2-13b-instruct,50,D_imp_asc,0.01,16,16,0.02841796875,0.03125,960,20,80,495,305,305,495
olmo-2-13b-instruct,50,D_imp_asc,0.03,48,48,0.03186848958333333,0.03125,960,20,80,495,305,305,495
olmo-2-13b-instruct,50,D_imp_asc,0.05,80,80,0.037272135416666664,0.03125,960,20,80,495,305,305,495
olmo-2-13b-instruct,50,D_imp_asc,0.07,112,112,0.03839518229166667,0.03125,960,20,80,495,305,305,495
olmo-2-13b-instruct,50,D_imp_asc,0.1,160,160,0.04541015625,0.03125,960,20,80,495,305,305,495
olmo-2-13b-instruct,50,D_imp_asc,0.12,192,192,0.046647135416666666,0.03125,960,20,80,495,305,305,495
olmo-2-13b-instruct,50,D_imp_asc,0.15,240,240,0.04952799479166667,0.03125,960,20,80,495,305,305,495
olmo-2-13b-instruct,50,D_imp_asc,0.190625,305,305,0.05319010416666667,0.03125,960,20,80,495,305,305,495
olmo-2-13b-instruct,50,D_imp_asc,0.2,320,320,0.052734375,0.03125,960,20,80,495,305,305,495
olmo-2-13b-instruct,50,D_imp_asc,0.3,480,480,0.059342447916666666,0.0625,960,20,80,495,305,305,495
olmo-2-13b-instruct,50,D_imp_asc,0.5,800,495,0.059000651041666664,0.03125,960,20,80,495,305,305,495
olmo-2-13b-instruct,50,diag_rank_asc,0.01,16,16,0.028515625,0.03125,960,20,80,495,305,305,495
olmo-2-13b-instruct,50,diag_rank_asc,0.03,48,48,0.028108723958333335,0.03125,960,20,80,495,305,305,495
olmo-2-13b-instruct,50,diag_rank_asc,0.05,80,80,0.026497395833333333,0.03125,960,20,80,495,305,305,495
olmo-2-13b-instruct,50,diag_rank_asc,0.07,112,112,0.034423828125,0.03125,960,20,80,495,305,305,495
olmo-2-13b-instruct,50,diag_rank_asc,0.1,160,160,0.04593098958333333,0.03125,960,20,80,495,305,305,495
olmo-2-13b-instruct,50,diag_rank_asc,0.12,192,192,0.04879557291666667,0.03125,960,20,80,495,305,305,495
olmo-2-13b-instruct,50,diag_rank_asc,0.15,240,240,0.059375,0.0625,960,20,80,495,305,305,495
olmo-2-13b-instruct,50,diag_rank_asc,0.190625,305,305,0.114208984375,0.09375,960,20,80,495,305,305,495
olmo-2-13b-instruct,50,diag_rank_asc,0.2,320,320,0.17392578125,0.125,960,20,80,495,305,305,495
olmo-2-13b-instruct,50,diag_rank_asc,0.3,480,480,1.99881591796875,1.34375,960,20,80,495,305,305,495
olmo-2-13b-instruct,50,diag_rank_asc,0.5,800,800,6.9998423258463545,5.9140625,960,20,80,495,305,305,495
olmo-2-13b-instruct,50,std_imp_asc,0.01,16,16,0.43078524271647134,0.1875,960,20,80,495,305,305,495
olmo-2-13b-instruct,50,std_imp_asc,0.03,48,48,1.1883654276529947,0.78125,960,20,80,495,305,305,495
olmo-2-13b-instruct,50,std_imp_asc,0.05,80,80,1.5847696940104166,1.03125,960,20,80,495,305,305,495
olmo-2-13b-instruct,50,std_imp_asc,0.07,112,112,2.5943904558817548,1.875,960,20,80,495,305,305,495
olmo-2-13b-instruct,50,std_imp_asc,0.1,160,160,3.1434078216552734,2.3125,960,20,80,495,305,305,495
olmo-2-13b-instruct,50,std_imp_asc,0.12,192,192,3.8339881896972656,2.8125,960,20,80,495,305,305,495
olmo-2-13b-instruct,50,std_imp_asc,0.15,240,240,4.0255992889404295,2.9375,960,20,80,495,305,305,495
olmo-2-13b-instruct,50,std_imp_asc,0.190625,305,305,4.432971223195394,3.34375,960,20,80,495,305,305,495
olmo-2-13b-instruct,50,std_imp_asc,0.2,320,320,4.64060230255127,3.5625,960,20,80,495,305,305,495
olmo-2-13b-instruct,50,std_imp_asc,0.3,480,480,5.084349330266317,4.0234375,960,20,80,495,305,305,495
olmo-2-13b-instruct,50,std_imp_asc,0.5,800,800,6.9998423258463545,5.9140625,960,20,80,495,305,305,495
olmo-2-13b-instruct,51,hihp_imp_desc,0.01,16,16,1.1011474609375,0.640625,960,20,80,489,311,311,489
olmo-2-13b-instruct,51,hihp_imp_desc,0.03,48,48,2.143910217285156,1.53125,960,20,80,489,311,311,489
olmo-2-13b-instruct,51,hihp_imp_desc,0.05,80,80,2.2715305646260577,1.90625,960,20,80,489,311,311,489
olmo-2-13b-instruct,51,hihp_imp_desc,0.07,112,112,2.455495071411133,2.0625,960,20,80,489,311,311,489
olmo-2-13b-instruct,51,hihp_imp_desc,0.1,160,160,3.311706288655599,2.953125,960,20,80,489,311,311,489
olmo-2-13b-instruct,51,hihp_imp_desc,0.12,192,192,4.5463205973307295,4.203125,960,20,80,489,311,311,489
olmo-2-13b-instruct,51,hihp_imp_desc,0.15,240,240,5.115582307179769,4.8671875,960,20,80,489,311,311,489
olmo-2-13b-instruct,51,hihp_imp_desc,0.194375,311,311,8.474981609980265,7.95703125,960,20,80,489,311,311,489
olmo-2-13b-instruct,51,hihp_imp_desc,0.2,320,320,8.375399525960287,7.943115234375,960,20,80,489,311,311,489
olmo-2-13b-instruct,51,hihp_imp_desc,0.3,480,480,8.633601888020833,8.2581787109375,960,20,80,489,311,311,489
olmo-2-13b-instruct,51,hihp_imp_desc,0.5,800,489,8.654748070240021,8.263671875,960,20,80,489,311,311,489
olmo-2-13b-instruct,51,hihp_imp_asc,0.01,16,16,0.03899739583333333,0.03125,960,20,80,489,311,311,489
olmo-2-13b-instruct,51,hihp_imp_asc,0.03,48,48,0.09192708333333334,0.0625,960,20,80,489,311,311,489
olmo-2-13b-instruct,51,hihp_imp_asc,0.05,80,80,0.11181640625,0.09375,960,20,80,489,311,311,489
olmo-2-13b-instruct,51,hihp_imp_asc,0.07,112,112,0.14812825520833334,0.125,960,20,80,489,311,311,489
olmo-2-13b-instruct,51,hihp_imp_asc,0.1,160,160,0.18463541666666666,0.125,960,20,80,489,311,311,489
olmo-2-13b-instruct,51,hihp_imp_asc,0.12,192,192,0.29493815104166665,0.234375,960,20,80,489,311,311,489
olmo-2-13b-instruct,51,hihp_imp_asc,0.15,240,240,0.40506184895833336,0.34375,960,20,80,489,311,311,489
olmo-2-13b-instruct,51,hihp_imp_asc,0.194375,311,311,1.55455322265625,1.3125,960,20,80,489,311,311,489
olmo-2-13b-instruct,51,hihp_imp_asc,0.2,320,320,2.0586669921875,1.90625,960,20,80,489,311,311,489
olmo-2-13b-instruct,51,hihp_imp_asc,0.3,480,480,7.828778966267904,7.029052734375,960,20,80,489,311,311,489
olmo-2-13b-instruct,51,hihp_imp_asc,0.5,800,489,8.654748070240021,8.263671875,960,20,80,489,311,311,489
olmo-2-13b-instruct,51,hilp_imp_desc,0.01,16,16,0.04021809895833333,0.03125,960,20,80,489,311,311,489
olmo-2-13b-instruct,51,hilp_imp_desc,0.03,48,48,0.04912109375,0.03125,960,20,80,489,311,311,489
olmo-2-13b-instruct,51,hilp_imp_desc,0.05,80,80,0.05750325520833333,0.0625,960,20,80,489,311,311,489
olmo-2-13b-instruct,51,hilp_imp_desc,0.07,112,112,0.059342447916666666,0.0625,960,20,80,489,311,311,489
olmo-2-13b-instruct,51,hilp_imp_desc,0.1,160,160,0.07174479166666667,0.0625,960,20,80,489,311,311,489
olmo-2-13b-instruct,51,hilp_imp_desc,0.12,192,192,0.081103515625,0.0625,960,20,80,489,311,311,489
olmo-2-13b-instruct,51,hilp_imp_desc,0.15,240,240,0.08460286458333334,0.0625,960,20,80,489,311,311,489
olmo-2-13b-instruct,51,hilp_imp_desc,0.194375,311,311,0.08317057291666667,0.0625,960,20,80,489,311,311,489
olmo-2-13b-instruct,51,hilp_imp_desc,0.2,320,311,0.08317057291666667,0.0625,960,20,80,489,311,311,489
olmo-2-13b-instruct,51,hilp_imp_desc,0.3,480,311,0.08317057291666667,0.0625,960,20,80,489,311,311,489
olmo-2-13b-instruct,51,hilp_imp_desc,0.5,800,311,0.08317057291666667,0.0625,960,20,80,489,311,311,489
olmo-2-13b-instruct,51,hilp_imp_asc,0.01,16,16,0.030826822916666666,0.03125,960,20,80,489,311,311,489
olmo-2-13b-instruct,51,hilp_imp_asc,0.03,48,48,0.03567708333333333,0.03125,960,20,80,489,311,311,489
olmo-2-13b-instruct,51,hilp_imp_asc,0.05,80,80,0.04129231770833333,0.03125,960,20,80,489,311,311,489
olmo-2-13b-instruct,51,hilp_imp_asc,0.07,112,112,0.04788411458333333,0.03125,960,20,80,489,311,311,489
olmo-2-13b-instruct,51,hilp_imp_asc,0.1,160,160,0.056005859375,0.03125,960,20,80,489,311,311,489
olmo-2-13b-instruct,51,hilp_imp_asc,0.12,192,192,0.059326171875,0.0625,960,20,80,489,311,311,489
olmo-2-13b-instruct,51,hilp_imp_asc,0.15,240,240,0.07001953125,0.0625,960,20,80,489,311,311,489
olmo-2-13b-instruct,51,hilp_imp_asc,0.194375,311,311,0.08317057291666667,0.0625,960,20,80,489,311,311,489
olmo-2-13b-instruct,51,hilp_imp_asc,0.2,320,311,0.08317057291666667,0.0625,960,20,80,489,311,311,489
olmo-2-13b-instruct,51,hilp_imp_asc,0.3,480,311,0.08317057291666667,0.0625,960,20,80,489,311,311,489
olmo-2-13b-instruct,51,hilp_imp_asc,0.5,800,311,0.08317057291666667,0.0625,960,20,80,489,311,311,489
olmo-2-13b-instruct,51,C_imp_asc,0.01,16,16,0.5926676432291667,0.375,960,20,80,489,311,311,489
olmo-2-13b-instruct,51,C_imp_asc,0.03,48,48,1.297832234700521,0.90625,960,20,80,489,311,311,489
olmo-2-13b-instruct,51,C_imp_asc,0.05,80,80,2.532078234354655,1.84375,960,20,80,489,311,311,489
olmo-2-13b-instruct,51,C_imp_asc,0.07,112,112,2.9834992210070292,2.1875,960,20,80,489,311,311,489
olmo-2-13b-instruct,51,C_imp_asc,0.1,160,160,4.1837997754414875,3.25,960,20,80,489,311,311,489
olmo-2-13b-instruct,51,C_imp_asc,0.12,192,192,4.83806278705597,3.765625,960,20,80,489,311,311,489
olmo-2-13b-instruct,51,C_imp_asc,0.15,240,240,5.357960255940755,4.21875,960,20,80,489,311,311,489
olmo-2-13b-instruct,51,C_imp_asc,0.194375,311,311,6.832543786366781,5.67578125,960,20,80,489,311,311,489
olmo-2-13b-instruct,51,C_imp_asc,0.2,320,311,6.832543786366781,5.67578125,960,20,80,489,311,311,489
olmo-2-13b-instruct,51,C_imp_asc,0.3,480,311,6.832543786366781,5.67578125,960,20,80,489,311,311,489
olmo-2-13b-instruct,51,C_imp_asc,0.5,800,311,6.832543786366781,5.67578125,960,20,80,489,311,311,489
olmo-2-13b-instruct,51,D_imp_asc,0.01,16,16,0.029036458333333334,0.03125,960,20,80,489,311,311,489
olmo-2-13b-instruct,51,D_imp_asc,0.03,48,48,0.036328125,0.03125,960,20,80,489,311,311,489
olmo-2-13b-instruct,51,D_imp_asc,0.05,80,80,0.041845703125,0.03125,960,20,80,489,311,311,489
olmo-2-13b-instruct,51,D_imp_asc,0.07,112,112,0.042317708333333336,0.03125,960,20,80,489,311,311,489
olmo-2-13b-instruct,51,D_imp_asc,0.1,160,160,0.047705078125,0.03125,960,20,80,489,311,311,489
olmo-2-13b-instruct,51,D_imp_asc,0.12,192,192,0.04755859375,0.03125,960,20,80,489,311,311,489
olmo-2-13b-instruct,51,D_imp_asc,0.15,240,240,0.0515625,0.03125,960,20,80,489,311,311,489
olmo-2-13b-instruct,51,D_imp_asc,0.194375,311,311,0.05506184895833333,0.0625,960,20,80,489,311,311,489
olmo-2-13b-instruct,51,D_imp_asc,0.2,320,320,0.055338541666666664,0.0625,960,20,80,489,311,311,489
olmo-2-13b-instruct,51,D_imp_asc,0.3,480,480,0.06066080729166667,0.0625,960,20,80,489,311,311,489
olmo-2-13b-instruct,51,D_imp_asc,0.5,800,489,0.06121419270833333,0.0625,960,20,80,489,311,311,489
olmo-2-13b-instruct,51,diag_rank_asc,0.01,16,16,0.028336588541666666,0.03125,960,20,80,489,311,311,489
olmo-2-13b-instruct,51,diag_rank_asc,0.03,48,48,0.027766927083333334,0.03125,960,20,80,489,311,311,489
olmo-2-13b-instruct,51,diag_rank_asc,0.05,80,80,0.027229817708333333,0.03125,960,20,80,489,311,311,489
olmo-2-13b-instruct,51,diag_rank_asc,0.07,112,112,0.037027994791666664,0.03125,960,20,80,489,311,311,489
olmo-2-13b-instruct,51,diag_rank_asc,0.1,160,160,0.039469401041666664,0.03125,960,20,80,489,311,311,489
olmo-2-13b-instruct,51,diag_rank_asc,0.12,192,192,0.044449869791666666,0.03125,960,20,80,489,311,311,489
olmo-2-13b-instruct,51,diag_rank_asc,0.15,240,240,0.059098307291666666,0.0625,960,20,80,489,311,311,489
olmo-2-13b-instruct,51,diag_rank_asc,0.194375,311,311,0.15568033854166666,0.09375,960,20,80,489,311,311,489
olmo-2-13b-instruct,51,diag_rank_asc,0.2,320,320,0.15558268229166666,0.09375,960,20,80,489,311,311,489
olmo-2-13b-instruct,51,diag_rank_asc,0.3,480,480,1.5048082987467448,1.046875,960,20,80,489,311,311,489
olmo-2-13b-instruct,51,diag_rank_asc,0.5,800,800,6.972966988881429,5.73046875,960,20,80,489,311,311,489
olmo-2-13b-instruct,51,std_imp_asc,0.01,16,16,0.2965006510416667,0.15625,960,20,80,489,311,311,489
olmo-2-13b-instruct,51,std_imp_asc,0.03,48,48,1.05328369140625,0.75,960,20,80,489,311,311,489
olmo-2-13b-instruct,51,std_imp_asc,0.05,80,80,1.2754770914713542,0.90625,960,20,80,489,311,311,489
olmo-2-13b-instruct,51,std_imp_asc,0.07,112,112,2.087937418619792,1.53125,960,20,80,489,311,311,489
olmo-2-13b-instruct,51,std_imp_asc,0.1,160,160,2.5533014933268228,1.859375,960,20,80,489,311,311,489
olmo-2-13b-instruct,51,std_imp_asc,0.12,192,192,2.8882131417592367,2.03125,960,20,80,489,311,311,489
olmo-2-13b-instruct,51,std_imp_asc,0.15,240,240,3.2448323567708335,2.421875,960,20,80,489,311,311,489
olmo-2-13b-instruct,51,std_imp_asc,0.194375,311,311,4.014567613601685,3.09375,960,20,80,489,311,311,489
olmo-2-13b-instruct,51,std_imp_asc,0.2,320,320,4.0397130966186525,3.1640625,960,20,80,489,311,311,489
olmo-2-13b-instruct,51,std_imp_asc,0.3,480,480,5.137981700897217,4.1328125,960,20,80,489,311,311,489
olmo-2-13b-instruct,51,std_imp_asc,0.5,800,800,6.972966988881429,5.73046875,960,20,80,489,311,311,489
olmo-2-13b-instruct,52,hihp_imp_desc,0.01,16,16,0.4780354817708333,0.359375,960,20,80,488,312,312,488
olmo-2-13b-instruct,52,hihp_imp_desc,0.03,48,48,2.05737190246582,1.453125,960,20,80,488,312,312,488
olmo-2-13b-instruct,52,hihp_imp_desc,0.05,80,80,2.439523951212565,1.96875,960,20,80,488,312,312,488
olmo-2-13b-instruct,52,hihp_imp_desc,0.07,112,112,2.3876019795735677,2.015625,960,20,80,488,312,312,488
olmo-2-13b-instruct,52,hihp_imp_desc,0.1,160,160,3.297289021809896,3.0,960,20,80,488,312,312,488
olmo-2-13b-instruct,52,hihp_imp_desc,0.12,192,192,4.6311462163925174,4.34375,960,20,80,488,312,312,488
olmo-2-13b-instruct,52,hihp_imp_desc,0.15,240,240,5.227561569213867,4.953125,960,20,80,488,312,312,488
olmo-2-13b-instruct,52,hihp_imp_desc,0.195,312,312,7.578965552647909,7.294921875,960,20,80,488,312,312,488
olmo-2-13b-instruct,52,hihp_imp_desc,0.2,320,320,8.254551188151042,7.8203125,960,20,80,488,312,312,488
olmo-2-13b-instruct,52,hihp_imp_desc,0.3,480,480,8.52636260986328,8.2786865234375,960,20,80,488,312,312,488
olmo-2-13b-instruct,52,hihp_imp_desc,0.5,800,488,8.609511566162109,8.2578125,960,20,80,488,312,312,488
olmo-2-13b-instruct,52,hihp_imp_asc,0.01,16,16,0.08025716145833334,0.0625,960,20,80,488,312,312,488
olmo-2-13b-instruct,52,hihp_imp_asc,0.03,48,48,0.09542643229166667,0.0625,960,20,80,488,312,312,488
olmo-2-13b-instruct,52,hihp_imp_asc,0.05,80,80,0.20856119791666666,0.15625,960,20,80,488,312,312,488
olmo-2-13b-instruct,52,hihp_imp_asc,0.07,112,112,0.20730794270833333,0.15625,960,20,80,488,312,312,488
olmo-2-13b-instruct,52,hihp_imp_asc,0.1,160,160,0.272412109375,0.21875,960,20,80,488,312,312,488
olmo-2-13b-instruct,52,hihp_imp_asc,0.12,192,192,0.3205485026041667,0.25,960,20,80,488,312,312,488
olmo-2-13b-instruct,52,hihp_imp_asc,0.15,240,240,0.8231119791666667,0.59375,960,20,80,488,312,312,488
olmo-2-13b-instruct,52,hihp_imp_asc,0.195,312,312,2.0186197916666666,1.78125,960,20,80,488,312,312,488
olmo-2-13b-instruct,52,hihp_imp_asc,0.2,320,320,1.8846120198567708,1.53125,960,20,80,488,312,312,488
olmo-2-13b-instruct,52,hihp_imp_asc,0.3,480,480,7.9109375,7.1748046875,960,20,80,488,312,312,488
olmo-2-13b-instruct,52,hihp_imp_asc,0.5,800,488,8.609511566162109,8.2578125,960,20,80,488,312,312,488
olmo-2-13b-instruct,52,hilp_imp_desc,0.01,16,16,0.03466796875,0.03125,960,20,80,488,312,312,488
olmo-2-13b-instruct,52,hilp_imp_desc,0.03,48,48,0.04928385416666667,0.03125,960,20,80,488,312,312,488
olmo-2-13b-instruct,52,hilp_imp_desc,0.05,80,80,0.052587890625,0.03125,960,20,80,488,312,312,488
olmo-2-13b-instruct,52,hilp_imp_desc,0.07,112,112,0.05799153645833333,0.0625,960,20,80,488,312,312,488
olmo-2-13b-instruct,52,hilp_imp_desc,0.1,160,160,0.06795247395833333,0.0625,960,20,80,488,312,312,488
olmo-2-13b-instruct,52,hilp_imp_desc,0.12,192,192,0.079052734375,0.0625,960,20,80,488,312,312,488
olmo-2-13b-instruct,52,hilp_imp_desc,0.15,240,240,0.07783203125,0.0625,960,20,80,488,312,312,488
olmo-2-13b-instruct,52,hilp_imp_desc,0.195,312,312,0.09591471354166667,0.0625,960,20,80,488,312,312,488
olmo-2-13b-instruct,52,hilp_imp_desc,0.2,320,312,0.09591471354166667,0.0625,960,20,80,488,312,312,488
olmo-2-13b-instruct,52,hilp_imp_desc,0.3,480,312,0.09591471354166667,0.0625,960,20,80,488,312,312,488
olmo-2-13b-instruct,52,hilp_imp_desc,0.5,800,312,0.09591471354166667,0.0625,960,20,80,488,312,312,488
olmo-2-13b-instruct,52,hilp_imp_asc,0.01,16,16,0.03349609375,0.03125,960,20,80,488,312,312,488
olmo-2-13b-instruct,52,hilp_imp_asc,0.03,48,48,0.03753255208333333,0.03125,960,20,80,488,312,312,488
olmo-2-13b-instruct,52,hilp_imp_asc,0.05,80,80,0.04025065104166667,0.03125,960,20,80,488,312,312,488
olmo-2-13b-instruct,52,hilp_imp_asc,0.07,112,112,0.04140625,0.03125,960,20,80,488,312,312,488
olmo-2-13b-instruct,52,hilp_imp_asc,0.1,160,160,0.05322265625,0.03125,960,20,80,488,312,312,488
olmo-2-13b-instruct,52,hilp_imp_asc,0.12,192,192,0.06888020833333333,0.0625,960,20,80,488,312,312,488
olmo-2-13b-instruct,52,hilp_imp_asc,0.15,240,240,0.08525390625,0.0625,960,20,80,488,312,312,488
olmo-2-13b-instruct,52,hilp_imp_asc,0.195,312,312,0.09591471354166667,0.0625,960,20,80,488,312,312,488
olmo-2-13b-instruct,52,hilp_imp_asc,0.2,320,312,0.09591471354166667,0.0625,960,20,80,488,312,312,488
olmo-2-13b-instruct,52,hilp_imp_asc,0.3,480,312,0.09591471354166667,0.0625,960,20,80,488,312,312,488
olmo-2-13b-instruct,52,hilp_imp_asc,0.5,800,312,0.09591471354166667,0.0625,960,20,80,488,312,312,488
olmo-2-13b-instruct,52,C_imp_asc,0.01,16,16,0.5554606119791666,0.375,960,20,80,488,312,312,488
olmo-2-13b-instruct,52,C_imp_asc,0.03,48,48,1.665514882405599,1.0625,960,20,80,488,312,312,488
olmo-2-13b-instruct,52,C_imp_asc,0.05,80,80,2.8626797993977866,2.046875,960,20,80,488,312,312,488
olmo-2-13b-instruct,52,C_imp_asc,0.07,112,112,3.4404116312662762,2.5,960,20,80,488,312,312,488
olmo-2-13b-instruct,52,C_imp_asc,0.1,160,160,4.733335971832275,3.703125,960,20,80,488,312,312,488
olmo-2-13b-instruct,52,C_imp_asc,0.12,192,192,5.026870091756185,3.96875,960,20,80,488,312,312,488
olmo-2-13b-instruct,52,C_imp_asc,0.15,240,240,5.658905982971191,4.5625,960,20,80,488,312,312,488
olmo-2-13b-instruct,52,C_imp_asc,0.195,312,312,6.308997344970703,5.2265625,960,20,80,488,312,312,488
olmo-2-13b-instruct,52,C_imp_asc,0.2,320,312,6.308997344970703,5.2265625,960,20,80,488,312,312,488
olmo-2-13b-instruct,52,C_imp_asc,0.3,480,312,6.308997344970703,5.2265625,960,20,80,488,312,312,488
olmo-2-13b-instruct,52,C_imp_asc,0.5,800,312,6.308997344970703,5.2265625,960,20,80,488,312,312,488
olmo-2-13b-instruct,52,D_imp_asc,0.01,16,16,0.03427734375,0.03125,960,20,80,488,312,312,488
olmo-2-13b-instruct,52,D_imp_asc,0.03,48,48,0.03723958333333333,0.03125,960,20,80,488,312,312,488
olmo-2-13b-instruct,52,D_imp_asc,0.05,80,80,0.047932942708333336,0.03125,960,20,80,488,312,312,488
olmo-2-13b-instruct,52,D_imp_asc,0.07,112,112,0.049462890625,0.03125,960,20,80,488,312,312,488
olmo-2-13b-instruct,52,D_imp_asc,0.1,160,160,0.060400390625,0.03125,960,20,80,488,312,312,488
olmo-2-13b-instruct,52,D_imp_asc,0.12,192,192,0.061197916666666664,0.0390625,960,20,80,488,312,312,488
olmo-2-13b-instruct,52,D_imp_asc,0.15,240,240,0.06878255208333334,0.0625,960,20,80,488,312,312,488
olmo-2-13b-instruct,52,D_imp_asc,0.195,312,312,0.08634440104166667,0.0625,960,20,80,488,312,312,488
olmo-2-13b-instruct,52,D_imp_asc,0.2,320,320,0.08763020833333333,0.0625,960,20,80,488,312,312,488
olmo-2-13b-instruct,52,D_imp_asc,0.3,480,480,0.08914388020833333,0.0625,960,20,80,488,312,312,488
olmo-2-13b-instruct,52,D_imp_asc,0.5,800,488,0.09088541666666666,0.0625,960,20,80,488,312,312,488
olmo-2-13b-instruct,52,diag_rank_asc,0.01,16,16,0.028206380208333333,0.03125,960,20,80,488,312,312,488
olmo-2-13b-instruct,52,diag_rank_asc,0.03,48,48,0.026822916666666665,0.03125,960,20,80,488,312,312,488
olmo-2-13b-instruct,52,diag_rank_asc,0.05,80,80,0.02958984375,0.03125,960,20,80,488,312,312,488
olmo-2-13b-instruct,52,diag_rank_asc,0.07,112,112,0.037923177083333336,0.03125,960,20,80,488,312,312,488
olmo-2-13b-instruct,52,diag_rank_asc,0.1,160,160,0.05291341145833333,0.03125,960,20,80,488,312,312,488
olmo-2-13b-instruct,52,diag_rank_asc,0.12,192,192,0.05309244791666667,0.03125,960,20,80,488,312,312,488
olmo-2-13b-instruct,52,diag_rank_asc,0.15,240,240,0.059407552083333336,0.0625,960,20,80,488,312,312,488
olmo-2-13b-instruct,52,diag_rank_asc,0.195,312,312,0.17213541666666668,0.09375,960,20,80,488,312,312,488
olmo-2-13b-instruct,52,diag_rank_asc,0.2,320,320,0.20052083333333334,0.125,960,20,80,488,312,312,488
olmo-2-13b-instruct,52,diag_rank_asc,0.3,480,480,1.8416762034098306,1.3125,960,20,80,488,312,312,488
olmo-2-13b-instruct,52,diag_rank_asc,0.5,800,800,6.5113556543986,5.4921875,960,20,80,488,312,312,488
olmo-2-13b-instruct,52,std_imp_asc,0.01,16,16,0.5435384114583334,0.34375,960,20,80,488,312,312,488
olmo-2-13b-instruct,52,std_imp_asc,0.03,48,48,1.3267918904622396,0.84375,960,20,80,488,312,312,488
olmo-2-13b-instruct,52,std_imp_asc,0.05,80,80,1.750119400024414,1.125,960,20,80,488,312,312,488
olmo-2-13b-instruct,52,std_imp_asc,0.07,112,112,2.794917933146159,2.0625,960,20,80,488,312,312,488
olmo-2-13b-instruct,52,std_imp_asc,0.1,160,160,3.1449350992838543,2.25,960,20,80,488,312,312,488
olmo-2-13b-instruct,52,std_imp_asc,0.12,192,192,3.5185422261555988,2.5625,960,20,80,488,312,312,488
olmo-2-13b-instruct,52,std_imp_asc,0.15,240,240,4.410493286450704,3.4375,960,20,80,488,312,312,488
olmo-2-13b-instruct,52,std_imp_asc,0.195,312,312,4.90788373152415,3.9765625,960,20,80,488,312,312,488
olmo-2-13b-instruct,52,std_imp_asc,0.2,320,320,4.9116869608561196,3.9765625,960,20,80,488,312,312,488
olmo-2-13b-instruct,52,std_imp_asc,0.3,480,480,5.26534694035848,4.3515625,960,20,80,488,312,312,488
olmo-2-13b-instruct,52,std_imp_asc,0.5,800,800,6.5113556543986,5.4921875,960,20,80,488,312,312,488
