seed,n_facts,cell_A,cell_B,cell_C,cell_D,rho_signed,rho_abs,pert_zero_fraction,C_at_1pct,D_at_1pct,C_at_3pct,D_at_3pct,C_at_5pct,D_at_5pct,std_thresh,cd_thresh,inflation,std_selected,cd_selected,std_target_success,cd_target_success,std_mean_drop,cd_mean_drop
0,100,9049,9383,9383,9049,-0.017,0.7037,0.0006,3.6521899700164795,1.7402814626693726,6.057312965393066,1.7425627708435059,7.079217433929443,2.1258366107940674,0.0037677286309190094,0.0011409637809265405,3.3,1032,4067,1.0,1.0,7.912,11.283
0,200,9088,9344,9344,9088,-0.0152,0.6941,0.0005,3.5841259956359863,2.5922374725341797,6.156026363372803,2.6322035789489746,7.3591132164001465,2.569298028945923,0.003930887789465487,0.001209060283144936,3.25,1023,4047,1.0,1.0,8.071,11.729
0,300,9098,9334,9334,9098,-0.0163,0.6923,0.0005,3.5964066982269287,2.520388603210449,6.061502456665039,2.5423829555511475,7.270039081573486,2.6152853965759277,0.003921209718100727,0.0011860124359373003,3.31,997,4047,1.0,1.0,7.854,11.393
1,100,9053,9379,9379,9053,-0.0173,0.6797,0.0006,3.8778393268585205,2.549314260482788,6.643824100494385,2.836768627166748,7.907105922698975,2.77028226852417,0.004275343031622469,0.0011390224972274154,3.75,929,4292,1.0,1.0,7.889,11.748
1,200,9014,9418,9418,9014,-0.0199,0.6823,0.0005,3.525599956512451,2.5724401473999023,5.938076019287109,2.520620107650757,7.056900501251221,2.7151896953582764,0.003897316346410662,0.0011866666900459677,3.28,971,3907,1.0,1.0,7.67,11.335
1,300,9049,9383,9383,9049,-0.0192,0.6867,0.0005,3.6097047328948975,2.5702600479125977,5.996687412261963,2.462458848953247,7.166586399078369,2.5837483406066895,0.003961228532716632,0.0011758214386645705,3.37,969,4014,1.0,1.0,7.784,11.505
2,100,9107,9325,9325,9107,-0.011,0.6923,0.0006,3.8765623569488525,2.327336311340332,6.499635696411133,2.3012161254882812,7.619170188903809,2.3956756591796875,0.0038351317634806037,0.0011229653318878263,3.42,1063,4196,0.99,1.0,8.021,11.588
2,200,9035,9397,9397,9035,-0.0166,0.6944,0.0006,3.4476776123046875,1.6948505640029907,6.107066631317139,1.6539723873138428,7.158982276916504,2.0120816230773926,0.0037782363360747695,0.0011063925048802048,3.41,1031,4253,0.995,1.0,7.654,11.382
2,300,9042,9390,9390,9042,-0.0169,0.6912,0.0005,3.495805263519287,1.4488762617111206,5.948872089385986,1.4942008256912231,7.128434181213379,1.7039316892623901,0.003765077912248671,0.0011360947682987899,3.31,1026,4127,1.0,1.0,7.681,11.39
3,100,9060,9372,9372,9060,-0.0162,0.6987,0.0005,3.70587420463562,2.544856309890747,6.174077033996582,2.4171152114868164,7.138060092926025,2.5518269538879395,0.0037193630123510957,0.0011552813521120697,3.22,1075,4131,1.0,1.0,8.09,11.49
3,200,9034,9398,9398,9034,-0.0174,0.6972,0.0005,3.7387938499450684,2.481656312942505,6.082517147064209,2.7490286827087402,7.14813232421875,2.5356857776641846,0.0038377282908186316,0.0011534766526892781,3.33,966,3992,1.0,1.0,7.565,11.16
3,300,9016,9416,9416,9016,-0.0205,0.694,0.0005,3.7957870960235596,1.7341164350509644,6.097720146179199,1.8438550233840942,7.068833351135254,2.0205602645874023,0.003893833898473531,0.0011509062896948308,3.38,961,4086,1.0,1.0,7.558,11.268
4,100,8963,9469,9469,8963,-0.0238,0.7062,0.0006,3.7963860034942627,1.886994481086731,6.306649208068848,1.8781191110610962,7.540374755859375,2.081723213195801,0.004209978738799691,0.0011895171192009002,3.54,1015,4416,1.0,1.0,8.45,12.291
4,200,9004,9428,9428,9004,-0.0204,0.6973,0.0005,3.5621984004974365,1.7541112899780273,5.996164321899414,1.7745410203933716,7.11762809753418,2.0044946670532227,0.003938484122045338,0.0012278452923055738,3.21,1007,3943,1.0,1.0,7.941,11.609
4,300,9039,9393,9393,9039,-0.0192,0.6919,0.0005,3.5372047424316406,2.6892483234405518,5.965995788574219,2.711667776107788,7.1084370613098145,2.719539165496826,0.003974299062974751,0.0011504700523801148,3.45,959,4087,1.0,1.0,7.772,11.551
5,100,9024,9408,9408,9024,-0.0175,0.6992,0.0005,3.8879382610321045,1.5425082445144653,6.498768329620361,1.57918119430542,7.77012300491333,1.7380425930023193,0.004394108429551125,0.0011460432724561542,3.83,903,4493,1.0,1.0,7.727,11.848
5,200,8990,9442,9442,8990,-0.0219,0.6957,0.0005,3.8763418197631836,1.6129302978515625,6.385219573974609,1.6971179246902466,7.269993782043457,1.8387718200683594,0.003985326387919486,0.0011753433209378272,3.39,959,4035,0.995,1.0,7.645,11.327
5,300,9052,9380,9380,9052,-0.0173,0.6929,0.0005,3.4838998317718506,1.6669412851333618,5.859890937805176,1.8414075374603271,7.049383163452148,1.9220387935638428,0.0038821528432890773,0.0011803324450738728,3.29,993,4010,0.997,1.0,7.725,11.346
6,100,9058,9374,9374,9058,-0.0164,0.7026,0.0005,3.8601701259613037,2.189323902130127,6.331087589263916,2.043504476547241,7.510711669921875,2.433305025100708,0.0038374720606952906,0.0011885389394592494,3.23,1021,4025,1.0,1.0,7.955,11.422
6,200,9073,9359,9359,9073,-0.0172,0.6981,0.0005,3.5328283309936523,1.5580511093139648,5.913589954376221,1.6322659254074097,7.060728549957275,1.8612273931503296,0.004038299317471683,0.001219849189510569,3.31,958,3986,1.0,1.0,7.849,11.625
6,300,9076,9356,9356,9076,-0.0186,0.6961,0.0006,3.540973424911499,2.542680501937866,5.929596424102783,2.5148191452026367,7.147168159484863,2.6506848335266113,0.0040294702630490065,0.0012026582844555378,3.35,963,4017,1.0,1.0,7.773,11.484
7,100,9077,9355,9355,9077,-0.0184,0.689,0.0006,4.051669120788574,1.4510875940322876,6.425082683563232,1.4528497457504272,7.565473556518555,1.7464746236801147,0.0041457865154370666,0.0012014122912660241,3.45,940,4145,1.0,1.0,7.961,11.634
7,200,9006,9426,9426,9006,-0.0217,0.6904,0.0005,3.5194203853607178,1.7931954860687256,5.979994297027588,1.7199244499206543,7.139492511749268,2.061084270477295,0.0038736038841307163,0.0011728194076567888,3.3,992,4073,1.0,1.0,7.686,11.302
7,300,9018,9414,9414,9018,-0.0206,0.6926,0.0006,3.4927103519439697,1.636353850364685,5.924030780792236,1.7377820014953613,7.057499408721924,1.8976411819458008,0.0039107296615839005,0.0011734666186384857,3.33,970,4044,1.0,1.0,7.608,11.376
