layer,head,importance_metric,imp_value,pert_value,hi_imp,hi_pert,cell,imp_median,pert_median,in_gt_circuit,gt_subclass
0,0,signed_ld,0.005793094635009766,0.12925738096237183,True,False,B,0.00216519832611084,0.19803574681282043,False,
0,1,signed_ld,-0.22273659706115723,0.00022242894920054823,False,False,D,0.00216519832611084,0.19803574681282043,True,Duplicate_Token
0,2,signed_ld,-0.0019011497497558594,0.040853772312402725,False,False,D,0.00216519832611084,0.19803574681282043,False,
0,3,signed_ld,-0.07674479484558105,0.0032090232707560062,False,False,D,0.00216519832611084,0.19803574681282043,False,
0,4,signed_ld,-0.016943693161010742,0.024142256006598473,False,False,D,0.00216519832611084,0.19803574681282043,False,
0,5,signed_ld,-0.11651754379272461,0.0009519335580989718,False,False,D,0.00216519832611084,0.19803574681282043,False,
0,6,signed_ld,0.006094455718994141,0.19110094010829926,True,False,B,0.00216519832611084,0.19803574681282043,False,
0,7,signed_ld,-0.011157512664794922,0.12597057223320007,False,False,D,0.00216519832611084,0.19803574681282043,False,
0,8,signed_ld,0.01913166046142578,0.010336633771657944,True,False,B,0.00216519832611084,0.19803574681282043,False,
0,9,signed_ld,0.0022590160369873047,0.07285654544830322,True,False,B,0.00216519832611084,0.19803574681282043,False,
0,10,signed_ld,0.07829737663269043,0.06252054870128632,True,False,B,0.00216519832611084,0.19803574681282043,False,
0,11,signed_ld,0.0065004825592041016,0.07579406350851059,True,False,B,0.00216519832611084,0.19803574681282043,False,
1,0,signed_ld,0.006937503814697266,0.14878186583518982,True,False,B,0.00216519832611084,0.19803574681282043,False,
1,1,signed_ld,-0.00609135627746582,0.1917836219072342,False,False,D,0.00216519832611084,0.19803574681282043,False,
1,2,signed_ld,-5.4836273193359375e-05,0.17991994321346283,False,False,D,0.00216519832611084,0.19803574681282043,False,
1,3,signed_ld,0.0013794898986816406,0.09754456579685211,False,False,D,0.00216519832611084,0.19803574681282043,False,
1,4,signed_ld,-0.0029532909393310547,0.21710370481014252,False,True,C,0.00216519832611084,0.19803574681282043,False,
1,5,signed_ld,-0.004502773284912109,0.0547061525285244,False,False,D,0.00216519832611084,0.19803574681282043,False,
1,6,signed_ld,-0.01040196418762207,0.08175428211688995,False,False,D,0.00216519832611084,0.19803574681282043,False,
1,7,signed_ld,-0.01731109619140625,0.14509317278862,False,False,D,0.00216519832611084,0.19803574681282043,False,
1,8,signed_ld,0.009928226470947266,0.1399676352739334,True,False,B,0.00216519832611084,0.19803574681282043,False,
1,9,signed_ld,0.0020453929901123047,0.1111907884478569,False,False,D,0.00216519832611084,0.19803574681282043,False,
1,10,signed_ld,-0.0007810592651367188,0.19656705856323242,False,False,D,0.00216519832611084,0.19803574681282043,False,
1,11,signed_ld,-0.012647151947021484,0.07773414999246597,False,False,D,0.00216519832611084,0.19803574681282043,False,
2,0,signed_ld,0.004920005798339844,0.128522589802742,True,False,B,0.00216519832611084,0.19803574681282043,False,
2,1,signed_ld,-0.019381999969482422,0.054371148347854614,False,False,D,0.00216519832611084,0.19803574681282043,False,
2,2,signed_ld,0.10468029975891113,0.10629630088806152,True,False,B,0.00216519832611084,0.19803574681282043,True,Previous_Token
2,3,signed_ld,0.0015156269073486328,0.2018953561782837,False,True,C,0.00216519832611084,0.19803574681282043,False,
2,4,signed_ld,-0.017457008361816406,0.11418968439102173,False,False,D,0.00216519832611084,0.19803574681282043,False,
2,5,signed_ld,0.00926828384399414,0.12754657864570618,True,False,B,0.00216519832611084,0.19803574681282043,False,
2,6,signed_ld,-0.004545450210571289,0.09429188817739487,False,False,D,0.00216519832611084,0.19803574681282043,False,
2,7,signed_ld,0.004023313522338867,0.30794230103492737,True,True,A,0.00216519832611084,0.19803574681282043,False,
2,8,signed_ld,0.008465290069580078,0.1801474541425705,True,False,B,0.00216519832611084,0.19803574681282043,False,
2,9,signed_ld,0.02720165252685547,0.2108253836631775,True,True,A,0.00216519832611084,0.19803574681282043,False,
2,10,signed_ld,-0.00640106201171875,0.19950443506240845,False,True,C,0.00216519832611084,0.19803574681282043,False,
2,11,signed_ld,0.0008339881896972656,0.09481461346149445,False,False,D,0.00216519832611084,0.19803574681282043,False,
3,0,signed_ld,0.0011775493621826172,0.010847450233995914,False,False,D,0.00216519832611084,0.19803574681282043,True,Duplicate_Token
3,1,signed_ld,-0.00938725471496582,0.11713678389787674,False,False,D,0.00216519832611084,0.19803574681282043,False,
3,2,signed_ld,-0.005042552947998047,0.22163709998130798,False,True,C,0.00216519832611084,0.19803574681282043,False,
3,3,signed_ld,0.03432512283325195,0.07995223253965378,True,False,B,0.00216519832611084,0.19803574681282043,False,
3,4,signed_ld,0.051676034927368164,0.02762598544359207,True,False,B,0.00216519832611084,0.19803574681282043,False,
3,5,signed_ld,-0.0373234748840332,0.12089336663484573,False,False,D,0.00216519832611084,0.19803574681282043,False,
3,6,signed_ld,0.12891316413879395,0.4358210861682892,True,True,A,0.00216519832611084,0.19803574681282043,False,
3,7,signed_ld,0.04611468315124512,0.1736842691898346,True,False,B,0.00216519832611084,0.19803574681282043,False,
3,8,signed_ld,-0.005086421966552734,0.1377246081829071,False,False,D,0.00216519832611084,0.19803574681282043,False,
3,9,signed_ld,-0.003992795944213867,0.23281116783618927,False,True,C,0.00216519832611084,0.19803574681282043,False,
3,10,signed_ld,0.056075334548950195,0.16044683754444122,True,False,B,0.00216519832611084,0.19803574681282043,False,
3,11,signed_ld,0.0016376972198486328,0.1413666307926178,False,False,D,0.00216519832611084,0.19803574681282043,False,
4,0,signed_ld,-0.0008084774017333984,0.27858662605285645,False,True,C,0.00216519832611084,0.19803574681282043,False,
4,1,signed_ld,-0.0024802684783935547,0.09593267738819122,False,False,D,0.00216519832611084,0.19803574681282043,False,
4,2,signed_ld,-0.004509449005126953,0.07341864705085754,False,False,D,0.00216519832611084,0.19803574681282043,False,
4,3,signed_ld,0.26766204833984375,0.30578476190567017,True,True,A,0.00216519832611084,0.19803574681282043,False,
4,4,signed_ld,-0.052013397216796875,0.11206943541765213,False,False,D,0.00216519832611084,0.19803574681282043,False,
4,5,signed_ld,0.012059450149536133,0.1347016841173172,True,False,B,0.00216519832611084,0.19803574681282043,False,
4,6,signed_ld,-0.009137868881225586,0.13259701430797577,False,False,D,0.00216519832611084,0.19803574681282043,False,
4,7,signed_ld,-0.022522449493408203,0.2670433223247528,False,True,C,0.00216519832611084,0.19803574681282043,False,
4,8,signed_ld,0.006921529769897461,0.07304216176271439,True,False,B,0.00216519832611084,0.19803574681282043,False,
4,9,signed_ld,-0.002329587936401367,0.18674658238887787,False,False,D,0.00216519832611084,0.19803574681282043,False,
4,10,signed_ld,-0.004913806915283203,0.025101564824581146,False,False,D,0.00216519832611084,0.19803574681282043,False,
4,11,signed_ld,0.8286421298980713,0.21542304754257202,True,True,A,0.00216519832611084,0.19803574681282043,True,Previous_Token
5,0,signed_ld,-0.00362396240234375,0.026524808257818222,False,False,D,0.00216519832611084,0.19803574681282043,False,
5,1,signed_ld,0.00014972686767578125,0.001319207833148539,False,False,D,0.00216519832611084,0.19803574681282043,False,
5,2,signed_ld,0.015057086944580078,0.2555752098560333,True,True,A,0.00216519832611084,0.19803574681282043,False,
5,3,signed_ld,0.0010085105895996094,0.2102155089378357,False,True,C,0.00216519832611084,0.19803574681282043,False,
5,4,signed_ld,0.008054971694946289,0.26909375190734863,True,True,A,0.00216519832611084,0.19803574681282043,False,
5,5,signed_ld,0.007306337356567383,0.041641965508461,True,False,B,0.00216519832611084,0.19803574681282043,True,Induction
5,6,signed_ld,0.04665732383728027,0.0689673125743866,True,False,B,0.00216519832611084,0.19803574681282043,False,
5,7,signed_ld,-0.00257110595703125,0.3174234628677368,False,True,C,0.00216519832611084,0.19803574681282043,False,
5,8,signed_ld,0.001463174819946289,0.08383315801620483,False,False,D,0.00216519832611084,0.19803574681282043,False,
5,9,signed_ld,0.14864349365234375,0.07161527872085571,True,False,B,0.00216519832611084,0.19803574681282043,False,
5,10,signed_ld,-0.011234521865844727,0.2575605511665344,False,True,C,0.00216519832611084,0.19803574681282043,False,
5,11,signed_ld,0.014601707458496094,0.09547315537929535,True,False,B,0.00216519832611084,0.19803574681282043,False,
6,0,signed_ld,0.14516139030456543,0.8121011853218079,True,True,A,0.00216519832611084,0.19803574681282043,False,
6,1,signed_ld,0.07328605651855469,0.7204867601394653,True,True,A,0.00216519832611084,0.19803574681282043,False,
6,2,signed_ld,0.029082536697387695,0.15897752344608307,True,False,B,0.00216519832611084,0.19803574681282043,False,
6,3,signed_ld,0.005467414855957031,0.2046399563550949,True,True,A,0.00216519832611084,0.19803574681282043,False,
6,4,signed_ld,-0.006411314010620117,0.19312164187431335,False,False,D,0.00216519832611084,0.19803574681282043,False,
6,5,signed_ld,-0.009328365325927734,0.1600174456834793,False,False,D,0.00216519832611084,0.19803574681282043,False,
6,6,signed_ld,-0.0005714893341064453,0.15084677934646606,False,False,D,0.00216519832611084,0.19803574681282043,False,
6,7,signed_ld,0.008060455322265625,0.16374650597572327,True,False,B,0.00216519832611084,0.19803574681282043,False,
6,8,signed_ld,0.007752895355224609,0.22692988812923431,True,True,A,0.00216519832611084,0.19803574681282043,False,
6,9,signed_ld,8.225440979003906e-05,0.03070884197950363,False,False,D,0.00216519832611084,0.19803574681282043,True,Induction
6,10,signed_ld,0.0004372596740722656,0.045946814119815826,False,False,D,0.00216519832611084,0.19803574681282043,False,
6,11,signed_ld,0.009090185165405273,0.26614195108413696,True,True,A,0.00216519832611084,0.19803574681282043,False,
7,0,signed_ld,0.002163410186767578,0.08781931549310684,False,False,D,0.00216519832611084,0.19803574681282043,False,
7,1,signed_ld,0.001678466796875,0.04080626368522644,False,False,D,0.00216519832611084,0.19803574681282043,False,
7,2,signed_ld,0.002638101577758789,0.01320667751133442,True,False,B,0.00216519832611084,0.19803574681282043,False,
7,3,signed_ld,0.4386286735534668,1.8369601964950562,True,True,A,0.00216519832611084,0.19803574681282043,True,S_Inhibition
7,4,signed_ld,0.0030596256256103516,0.18804514408111572,True,False,B,0.00216519832611084,0.19803574681282043,False,
7,5,signed_ld,-0.03548741340637207,0.3333141803741455,False,True,C,0.00216519832611084,0.19803574681282043,False,
7,6,signed_ld,-0.008852005004882812,0.20402798056602478,False,True,C,0.00216519832611084,0.19803574681282043,False,
7,7,signed_ld,-0.01132059097290039,0.13580742478370667,False,False,D,0.00216519832611084,0.19803574681282043,False,
7,8,signed_ld,0.0021669864654541016,0.35642164945602417,True,True,A,0.00216519832611084,0.19803574681282043,False,
7,9,signed_ld,0.7285346984863281,3.616483211517334,True,True,A,0.00216519832611084,0.19803574681282043,True,S_Inhibition
7,10,signed_ld,0.0034127235412597656,0.03030950389802456,True,False,B,0.00216519832611084,0.19803574681282043,False,
7,11,signed_ld,0.005335330963134766,0.2239954173564911,True,True,A,0.00216519832611084,0.19803574681282043,False,
8,0,signed_ld,0.00041794776916503906,0.22634732723236084,False,True,C,0.00216519832611084,0.19803574681282043,False,
8,1,signed_ld,-0.0008718967437744141,0.024018043652176857,False,False,D,0.00216519832611084,0.19803574681282043,False,
8,2,signed_ld,-0.02704453468322754,0.9259967803955078,False,True,C,0.00216519832611084,0.19803574681282043,False,
8,3,signed_ld,0.4517512321472168,1.9371453523635864,True,True,A,0.00216519832611084,0.19803574681282043,False,
8,4,signed_ld,-0.0013496875762939453,0.2908501923084259,False,True,C,0.00216519832611084,0.19803574681282043,False,
8,5,signed_ld,0.06341886520385742,1.2901251316070557,True,True,A,0.00216519832611084,0.19803574681282043,False,
8,6,signed_ld,0.06380629539489746,3.625328779220581,True,True,A,0.00216519832611084,0.19803574681282043,True,S_Inhibition
8,7,signed_ld,0.009580850601196289,0.18903519213199615,True,False,B,0.00216519832611084,0.19803574681282043,False,
8,8,signed_ld,-0.00996255874633789,0.4762554168701172,False,True,C,0.00216519832611084,0.19803574681282043,False,
8,9,signed_ld,0.005574941635131836,0.3363834023475647,True,True,A,0.00216519832611084,0.19803574681282043,False,
8,10,signed_ld,1.3311965465545654,4.305728912353516,True,True,A,0.00216519832611084,0.19803574681282043,True,S_Inhibition
8,11,signed_ld,-0.1222379207611084,0.6526513695716858,False,True,C,0.00216519832611084,0.19803574681282043,False,
9,0,signed_ld,0.11483621597290039,1.6631519794464111,True,True,A,0.00216519832611084,0.19803574681282043,True,Backup_Name_Mover
9,1,signed_ld,-0.0016646385192871094,0.14093734323978424,False,False,D,0.00216519832611084,0.19803574681282043,False,
9,2,signed_ld,0.09787750244140625,0.950934886932373,True,True,A,0.00216519832611084,0.19803574681282043,False,
9,3,signed_ld,0.050924062728881836,0.5259841680526733,True,True,A,0.00216519832611084,0.19803574681282043,False,
9,4,signed_ld,0.15581750869750977,0.8004698157310486,True,True,A,0.00216519832611084,0.19803574681282043,False,
9,5,signed_ld,0.005442380905151367,0.5966546535491943,True,True,A,0.00216519832611084,0.19803574681282043,False,
9,6,signed_ld,0.22612261772155762,7.140799045562744,True,True,A,0.00216519832611084,0.19803574681282043,True,Name_Mover
9,7,signed_ld,0.3336610794067383,1.4543386697769165,True,True,A,0.00216519832611084,0.19803574681282043,True,Backup_Name_Mover
9,8,signed_ld,-0.09186077117919922,1.5313082933425903,False,True,C,0.00216519832611084,0.19803574681282043,False,
9,9,signed_ld,1.5249557495117188,11.810272216796875,True,True,A,0.00216519832611084,0.19803574681282043,True,Name_Mover
9,10,signed_ld,0.004475831985473633,0.23566390573978424,True,True,A,0.00216519832611084,0.19803574681282043,False,
9,11,signed_ld,-0.013592958450317383,0.44932156801223755,False,True,C,0.00216519832611084,0.19803574681282043,False,
10,0,signed_ld,0.9107797145843506,3.1825127601623535,True,True,A,0.00216519832611084,0.19803574681282043,True,Name_Mover
10,1,signed_ld,0.49359726905822754,3.5906074047088623,True,True,A,0.00216519832611084,0.19803574681282043,True,Backup_Name_Mover
10,2,signed_ld,-0.26347899436950684,1.354030966758728,False,True,C,0.00216519832611084,0.19803574681282043,True,Backup_Name_Mover
10,3,signed_ld,0.0647118091583252,1.056707501411438,True,True,A,0.00216519832611084,0.19803574681282043,False,
10,4,signed_ld,-0.006579875946044922,0.4870988726615906,False,True,C,0.00216519832611084,0.19803574681282043,False,
10,5,signed_ld,0.0021245479583740234,0.3753807544708252,False,True,C,0.00216519832611084,0.19803574681282043,False,
10,6,signed_ld,0.3712282180786133,2.34104061126709,True,True,A,0.00216519832611084,0.19803574681282043,False,
10,7,signed_ld,-4.629430532455444,11.409343719482422,False,True,C,0.00216519832611084,0.19803574681282043,True,Negative_Name_Mover
10,8,signed_ld,9.226799011230469e-05,0.1529441475868225,False,False,D,0.00216519832611084,0.19803574681282043,False,
10,9,signed_ld,0.10164761543273926,1.157283902168274,True,True,A,0.00216519832611084,0.19803574681282043,False,
10,10,signed_ld,0.3854176998138428,2.3944873809814453,True,True,A,0.00216519832611084,0.19803574681282043,True,Backup_Name_Mover
10,11,signed_ld,0.05007290840148926,0.855602502822876,True,True,A,0.00216519832611084,0.19803574681282043,False,
11,0,signed_ld,0.034285545349121094,0.9138549566268921,True,True,A,0.00216519832611084,0.19803574681282043,False,
11,1,signed_ld,0.22651934623718262,1.130136251449585,True,True,A,0.00216519832611084,0.19803574681282043,False,
11,2,signed_ld,-0.94179368019104,1.7265150547027588,False,True,C,0.00216519832611084,0.19803574681282043,True,Backup_Name_Mover
11,3,signed_ld,0.1298961639404297,0.9201832413673401,True,True,A,0.00216519832611084,0.19803574681282043,False,
11,4,signed_ld,-0.0023484230041503906,0.696098268032074,False,True,C,0.00216519832611084,0.19803574681282043,False,
11,5,signed_ld,-0.03160691261291504,0.6091097593307495,False,True,C,0.00216519832611084,0.19803574681282043,False,
11,6,signed_ld,-0.33554863929748535,1.1460102796554565,False,True,C,0.00216519832611084,0.19803574681282043,False,
11,7,signed_ld,0.009155511856079102,0.444864422082901,True,True,A,0.00216519832611084,0.19803574681282043,False,
11,8,signed_ld,0.021489858627319336,1.1944867372512817,True,True,A,0.00216519832611084,0.19803574681282043,False,
11,9,signed_ld,0.028301000595092773,0.8048389554023743,True,True,A,0.00216519832611084,0.19803574681282043,True,Backup_Name_Mover
11,10,signed_ld,-2.0530760288238525,5.110020637512207,False,True,C,0.00216519832611084,0.19803574681282043,True,Negative_Name_Mover
11,11,signed_ld,0.14565086364746094,0.9871369004249573,True,True,A,0.00216519832611084,0.19803574681282043,False,
0,0,abs_ld,0.005793094635009766,0.12925738096237183,False,False,D,0.009945392608642578,0.19803574681282043,False,
0,1,abs_ld,0.22273659706115723,0.00022242894920054823,True,False,B,0.009945392608642578,0.19803574681282043,True,Duplicate_Token
0,2,abs_ld,0.0019011497497558594,0.040853772312402725,False,False,D,0.009945392608642578,0.19803574681282043,False,
0,3,abs_ld,0.07674479484558105,0.0032090232707560062,True,False,B,0.009945392608642578,0.19803574681282043,False,
0,4,abs_ld,0.016943693161010742,0.024142256006598473,True,False,B,0.009945392608642578,0.19803574681282043,False,
0,5,abs_ld,0.11651754379272461,0.0009519335580989718,True,False,B,0.009945392608642578,0.19803574681282043,False,
0,6,abs_ld,0.006094455718994141,0.19110094010829926,False,False,D,0.009945392608642578,0.19803574681282043,False,
0,7,abs_ld,0.011157512664794922,0.12597057223320007,True,False,B,0.009945392608642578,0.19803574681282043,False,
0,8,abs_ld,0.01913166046142578,0.010336633771657944,True,False,B,0.009945392608642578,0.19803574681282043,False,
0,9,abs_ld,0.0022590160369873047,0.07285654544830322,False,False,D,0.009945392608642578,0.19803574681282043,False,
0,10,abs_ld,0.07829737663269043,0.06252054870128632,True,False,B,0.009945392608642578,0.19803574681282043,False,
0,11,abs_ld,0.0065004825592041016,0.07579406350851059,False,False,D,0.009945392608642578,0.19803574681282043,False,
1,0,abs_ld,0.006937503814697266,0.14878186583518982,False,False,D,0.009945392608642578,0.19803574681282043,False,
1,1,abs_ld,0.00609135627746582,0.1917836219072342,False,False,D,0.009945392608642578,0.19803574681282043,False,
1,2,abs_ld,5.4836273193359375e-05,0.17991994321346283,False,False,D,0.009945392608642578,0.19803574681282043,False,
1,3,abs_ld,0.0013794898986816406,0.09754456579685211,False,False,D,0.009945392608642578,0.19803574681282043,False,
1,4,abs_ld,0.0029532909393310547,0.21710370481014252,False,True,C,0.009945392608642578,0.19803574681282043,False,
1,5,abs_ld,0.004502773284912109,0.0547061525285244,False,False,D,0.009945392608642578,0.19803574681282043,False,
1,6,abs_ld,0.01040196418762207,0.08175428211688995,True,False,B,0.009945392608642578,0.19803574681282043,False,
1,7,abs_ld,0.01731109619140625,0.14509317278862,True,False,B,0.009945392608642578,0.19803574681282043,False,
1,8,abs_ld,0.009928226470947266,0.1399676352739334,False,False,D,0.009945392608642578,0.19803574681282043,False,
1,9,abs_ld,0.0020453929901123047,0.1111907884478569,False,False,D,0.009945392608642578,0.19803574681282043,False,
1,10,abs_ld,0.0007810592651367188,0.19656705856323242,False,False,D,0.009945392608642578,0.19803574681282043,False,
1,11,abs_ld,0.012647151947021484,0.07773414999246597,True,False,B,0.009945392608642578,0.19803574681282043,False,
2,0,abs_ld,0.004920005798339844,0.128522589802742,False,False,D,0.009945392608642578,0.19803574681282043,False,
2,1,abs_ld,0.019381999969482422,0.054371148347854614,True,False,B,0.009945392608642578,0.19803574681282043,False,
2,2,abs_ld,0.10468029975891113,0.10629630088806152,True,False,B,0.009945392608642578,0.19803574681282043,True,Previous_Token
2,3,abs_ld,0.0015156269073486328,0.2018953561782837,False,True,C,0.009945392608642578,0.19803574681282043,False,
2,4,abs_ld,0.017457008361816406,0.11418968439102173,True,False,B,0.009945392608642578,0.19803574681282043,False,
2,5,abs_ld,0.00926828384399414,0.12754657864570618,False,False,D,0.009945392608642578,0.19803574681282043,False,
2,6,abs_ld,0.004545450210571289,0.09429188817739487,False,False,D,0.009945392608642578,0.19803574681282043,False,
2,7,abs_ld,0.004023313522338867,0.30794230103492737,False,True,C,0.009945392608642578,0.19803574681282043,False,
2,8,abs_ld,0.008465290069580078,0.1801474541425705,False,False,D,0.009945392608642578,0.19803574681282043,False,
2,9,abs_ld,0.02720165252685547,0.2108253836631775,True,True,A,0.009945392608642578,0.19803574681282043,False,
2,10,abs_ld,0.00640106201171875,0.19950443506240845,False,True,C,0.009945392608642578,0.19803574681282043,False,
2,11,abs_ld,0.0008339881896972656,0.09481461346149445,False,False,D,0.009945392608642578,0.19803574681282043,False,
3,0,abs_ld,0.0011775493621826172,0.010847450233995914,False,False,D,0.009945392608642578,0.19803574681282043,True,Duplicate_Token
3,1,abs_ld,0.00938725471496582,0.11713678389787674,False,False,D,0.009945392608642578,0.19803574681282043,False,
3,2,abs_ld,0.005042552947998047,0.22163709998130798,False,True,C,0.009945392608642578,0.19803574681282043,False,
3,3,abs_ld,0.03432512283325195,0.07995223253965378,True,False,B,0.009945392608642578,0.19803574681282043,False,
3,4,abs_ld,0.051676034927368164,0.02762598544359207,True,False,B,0.009945392608642578,0.19803574681282043,False,
3,5,abs_ld,0.0373234748840332,0.12089336663484573,True,False,B,0.009945392608642578,0.19803574681282043,False,
3,6,abs_ld,0.12891316413879395,0.4358210861682892,True,True,A,0.009945392608642578,0.19803574681282043,False,
3,7,abs_ld,0.04611468315124512,0.1736842691898346,True,False,B,0.009945392608642578,0.19803574681282043,False,
3,8,abs_ld,0.005086421966552734,0.1377246081829071,False,False,D,0.009945392608642578,0.19803574681282043,False,
3,9,abs_ld,0.003992795944213867,0.23281116783618927,False,True,C,0.009945392608642578,0.19803574681282043,False,
3,10,abs_ld,0.056075334548950195,0.16044683754444122,True,False,B,0.009945392608642578,0.19803574681282043,False,
3,11,abs_ld,0.0016376972198486328,0.1413666307926178,False,False,D,0.009945392608642578,0.19803574681282043,False,
4,0,abs_ld,0.0008084774017333984,0.27858662605285645,False,True,C,0.009945392608642578,0.19803574681282043,False,
4,1,abs_ld,0.0024802684783935547,0.09593267738819122,False,False,D,0.009945392608642578,0.19803574681282043,False,
4,2,abs_ld,0.004509449005126953,0.07341864705085754,False,False,D,0.009945392608642578,0.19803574681282043,False,
4,3,abs_ld,0.26766204833984375,0.30578476190567017,True,True,A,0.009945392608642578,0.19803574681282043,False,
4,4,abs_ld,0.052013397216796875,0.11206943541765213,True,False,B,0.009945392608642578,0.19803574681282043,False,
4,5,abs_ld,0.012059450149536133,0.1347016841173172,True,False,B,0.009945392608642578,0.19803574681282043,False,
4,6,abs_ld,0.009137868881225586,0.13259701430797577,False,False,D,0.009945392608642578,0.19803574681282043,False,
4,7,abs_ld,0.022522449493408203,0.2670433223247528,True,True,A,0.009945392608642578,0.19803574681282043,False,
4,8,abs_ld,0.006921529769897461,0.07304216176271439,False,False,D,0.009945392608642578,0.19803574681282043,False,
4,9,abs_ld,0.002329587936401367,0.18674658238887787,False,False,D,0.009945392608642578,0.19803574681282043,False,
4,10,abs_ld,0.004913806915283203,0.025101564824581146,False,False,D,0.009945392608642578,0.19803574681282043,False,
4,11,abs_ld,0.8286421298980713,0.21542304754257202,True,True,A,0.009945392608642578,0.19803574681282043,True,Previous_Token
5,0,abs_ld,0.00362396240234375,0.026524808257818222,False,False,D,0.009945392608642578,0.19803574681282043,False,
5,1,abs_ld,0.00014972686767578125,0.001319207833148539,False,False,D,0.009945392608642578,0.19803574681282043,False,
5,2,abs_ld,0.015057086944580078,0.2555752098560333,True,True,A,0.009945392608642578,0.19803574681282043,False,
5,3,abs_ld,0.0010085105895996094,0.2102155089378357,False,True,C,0.009945392608642578,0.19803574681282043,False,
5,4,abs_ld,0.008054971694946289,0.26909375190734863,False,True,C,0.009945392608642578,0.19803574681282043,False,
5,5,abs_ld,0.007306337356567383,0.041641965508461,False,False,D,0.009945392608642578,0.19803574681282043,True,Induction
5,6,abs_ld,0.04665732383728027,0.0689673125743866,True,False,B,0.009945392608642578,0.19803574681282043,False,
5,7,abs_ld,0.00257110595703125,0.3174234628677368,False,True,C,0.009945392608642578,0.19803574681282043,False,
5,8,abs_ld,0.001463174819946289,0.08383315801620483,False,False,D,0.009945392608642578,0.19803574681282043,False,
5,9,abs_ld,0.14864349365234375,0.07161527872085571,True,False,B,0.009945392608642578,0.19803574681282043,False,
5,10,abs_ld,0.011234521865844727,0.2575605511665344,True,True,A,0.009945392608642578,0.19803574681282043,False,
5,11,abs_ld,0.014601707458496094,0.09547315537929535,True,False,B,0.009945392608642578,0.19803574681282043,False,
6,0,abs_ld,0.14516139030456543,0.8121011853218079,True,True,A,0.009945392608642578,0.19803574681282043,False,
6,1,abs_ld,0.07328605651855469,0.7204867601394653,True,True,A,0.009945392608642578,0.19803574681282043,False,
6,2,abs_ld,0.029082536697387695,0.15897752344608307,True,False,B,0.009945392608642578,0.19803574681282043,False,
6,3,abs_ld,0.005467414855957031,0.2046399563550949,False,True,C,0.009945392608642578,0.19803574681282043,False,
6,4,abs_ld,0.006411314010620117,0.19312164187431335,False,False,D,0.009945392608642578,0.19803574681282043,False,
6,5,abs_ld,0.009328365325927734,0.1600174456834793,False,False,D,0.009945392608642578,0.19803574681282043,False,
6,6,abs_ld,0.0005714893341064453,0.15084677934646606,False,False,D,0.009945392608642578,0.19803574681282043,False,
6,7,abs_ld,0.008060455322265625,0.16374650597572327,False,False,D,0.009945392608642578,0.19803574681282043,False,
6,8,abs_ld,0.007752895355224609,0.22692988812923431,False,True,C,0.009945392608642578,0.19803574681282043,False,
6,9,abs_ld,8.225440979003906e-05,0.03070884197950363,False,False,D,0.009945392608642578,0.19803574681282043,True,Induction
6,10,abs_ld,0.0004372596740722656,0.045946814119815826,False,False,D,0.009945392608642578,0.19803574681282043,False,
6,11,abs_ld,0.009090185165405273,0.26614195108413696,False,True,C,0.009945392608642578,0.19803574681282043,False,
7,0,abs_ld,0.002163410186767578,0.08781931549310684,False,False,D,0.009945392608642578,0.19803574681282043,False,
7,1,abs_ld,0.001678466796875,0.04080626368522644,False,False,D,0.009945392608642578,0.19803574681282043,False,
7,2,abs_ld,0.002638101577758789,0.01320667751133442,False,False,D,0.009945392608642578,0.19803574681282043,False,
7,3,abs_ld,0.4386286735534668,1.8369601964950562,True,True,A,0.009945392608642578,0.19803574681282043,True,S_Inhibition
7,4,abs_ld,0.0030596256256103516,0.18804514408111572,False,False,D,0.009945392608642578,0.19803574681282043,False,
7,5,abs_ld,0.03548741340637207,0.3333141803741455,True,True,A,0.009945392608642578,0.19803574681282043,False,
7,6,abs_ld,0.008852005004882812,0.20402798056602478,False,True,C,0.009945392608642578,0.19803574681282043,False,
7,7,abs_ld,0.01132059097290039,0.13580742478370667,True,False,B,0.009945392608642578,0.19803574681282043,False,
7,8,abs_ld,0.0021669864654541016,0.35642164945602417,False,True,C,0.009945392608642578,0.19803574681282043,False,
7,9,abs_ld,0.7285346984863281,3.616483211517334,True,True,A,0.009945392608642578,0.19803574681282043,True,S_Inhibition
7,10,abs_ld,0.0034127235412597656,0.03030950389802456,False,False,D,0.009945392608642578,0.19803574681282043,False,
7,11,abs_ld,0.005335330963134766,0.2239954173564911,False,True,C,0.009945392608642578,0.19803574681282043,False,
8,0,abs_ld,0.00041794776916503906,0.22634732723236084,False,True,C,0.009945392608642578,0.19803574681282043,False,
8,1,abs_ld,0.0008718967437744141,0.024018043652176857,False,False,D,0.009945392608642578,0.19803574681282043,False,
8,2,abs_ld,0.02704453468322754,0.9259967803955078,True,True,A,0.009945392608642578,0.19803574681282043,False,
8,3,abs_ld,0.4517512321472168,1.9371453523635864,True,True,A,0.009945392608642578,0.19803574681282043,False,
8,4,abs_ld,0.0013496875762939453,0.2908501923084259,False,True,C,0.009945392608642578,0.19803574681282043,False,
8,5,abs_ld,0.06341886520385742,1.2901251316070557,True,True,A,0.009945392608642578,0.19803574681282043,False,
8,6,abs_ld,0.06380629539489746,3.625328779220581,True,True,A,0.009945392608642578,0.19803574681282043,True,S_Inhibition
8,7,abs_ld,0.009580850601196289,0.18903519213199615,False,False,D,0.009945392608642578,0.19803574681282043,False,
8,8,abs_ld,0.00996255874633789,0.4762554168701172,True,True,A,0.009945392608642578,0.19803574681282043,False,
8,9,abs_ld,0.005574941635131836,0.3363834023475647,False,True,C,0.009945392608642578,0.19803574681282043,False,
8,10,abs_ld,1.3311965465545654,4.305728912353516,True,True,A,0.009945392608642578,0.19803574681282043,True,S_Inhibition
8,11,abs_ld,0.1222379207611084,0.6526513695716858,True,True,A,0.009945392608642578,0.19803574681282043,False,
9,0,abs_ld,0.11483621597290039,1.6631519794464111,True,True,A,0.009945392608642578,0.19803574681282043,True,Backup_Name_Mover
9,1,abs_ld,0.0016646385192871094,0.14093734323978424,False,False,D,0.009945392608642578,0.19803574681282043,False,
9,2,abs_ld,0.09787750244140625,0.950934886932373,True,True,A,0.009945392608642578,0.19803574681282043,False,
9,3,abs_ld,0.050924062728881836,0.5259841680526733,True,True,A,0.009945392608642578,0.19803574681282043,False,
9,4,abs_ld,0.15581750869750977,0.8004698157310486,True,True,A,0.009945392608642578,0.19803574681282043,False,
9,5,abs_ld,0.005442380905151367,0.5966546535491943,False,True,C,0.009945392608642578,0.19803574681282043,False,
9,6,abs_ld,0.22612261772155762,7.140799045562744,True,True,A,0.009945392608642578,0.19803574681282043,True,Name_Mover
9,7,abs_ld,0.3336610794067383,1.4543386697769165,True,True,A,0.009945392608642578,0.19803574681282043,True,Backup_Name_Mover
9,8,abs_ld,0.09186077117919922,1.5313082933425903,True,True,A,0.009945392608642578,0.19803574681282043,False,
9,9,abs_ld,1.5249557495117188,11.810272216796875,True,True,A,0.009945392608642578,0.19803574681282043,True,Name_Mover
9,10,abs_ld,0.004475831985473633,0.23566390573978424,False,True,C,0.009945392608642578,0.19803574681282043,False,
9,11,abs_ld,0.013592958450317383,0.44932156801223755,True,True,A,0.009945392608642578,0.19803574681282043,False,
10,0,abs_ld,0.9107797145843506,3.1825127601623535,True,True,A,0.009945392608642578,0.19803574681282043,True,Name_Mover
10,1,abs_ld,0.49359726905822754,3.5906074047088623,True,True,A,0.009945392608642578,0.19803574681282043,True,Backup_Name_Mover
10,2,abs_ld,0.26347899436950684,1.354030966758728,True,True,A,0.009945392608642578,0.19803574681282043,True,Backup_Name_Mover
10,3,abs_ld,0.0647118091583252,1.056707501411438,True,True,A,0.009945392608642578,0.19803574681282043,False,
10,4,abs_ld,0.006579875946044922,0.4870988726615906,False,True,C,0.009945392608642578,0.19803574681282043,False,
10,5,abs_ld,0.0021245479583740234,0.3753807544708252,False,True,C,0.009945392608642578,0.19803574681282043,False,
10,6,abs_ld,0.3712282180786133,2.34104061126709,True,True,A,0.009945392608642578,0.19803574681282043,False,
10,7,abs_ld,4.629430532455444,11.409343719482422,True,True,A,0.009945392608642578,0.19803574681282043,True,Negative_Name_Mover
10,8,abs_ld,9.226799011230469e-05,0.1529441475868225,False,False,D,0.009945392608642578,0.19803574681282043,False,
10,9,abs_ld,0.10164761543273926,1.157283902168274,True,True,A,0.009945392608642578,0.19803574681282043,False,
10,10,abs_ld,0.3854176998138428,2.3944873809814453,True,True,A,0.009945392608642578,0.19803574681282043,True,Backup_Name_Mover
10,11,abs_ld,0.05007290840148926,0.855602502822876,True,True,A,0.009945392608642578,0.19803574681282043,False,
11,0,abs_ld,0.034285545349121094,0.9138549566268921,True,True,A,0.009945392608642578,0.19803574681282043,False,
11,1,abs_ld,0.22651934623718262,1.130136251449585,True,True,A,0.009945392608642578,0.19803574681282043,False,
11,2,abs_ld,0.94179368019104,1.7265150547027588,True,True,A,0.009945392608642578,0.19803574681282043,True,Backup_Name_Mover
11,3,abs_ld,0.1298961639404297,0.9201832413673401,True,True,A,0.009945392608642578,0.19803574681282043,False,
11,4,abs_ld,0.0023484230041503906,0.696098268032074,False,True,C,0.009945392608642578,0.19803574681282043,False,
11,5,abs_ld,0.03160691261291504,0.6091097593307495,True,True,A,0.009945392608642578,0.19803574681282043,False,
11,6,abs_ld,0.33554863929748535,1.1460102796554565,True,True,A,0.009945392608642578,0.19803574681282043,False,
11,7,abs_ld,0.009155511856079102,0.444864422082901,False,True,C,0.009945392608642578,0.19803574681282043,False,
11,8,abs_ld,0.021489858627319336,1.1944867372512817,True,True,A,0.009945392608642578,0.19803574681282043,False,
11,9,abs_ld,0.028301000595092773,0.8048389554023743,True,True,A,0.009945392608642578,0.19803574681282043,True,Backup_Name_Mover
11,10,abs_ld,2.0530760288238525,5.110020637512207,True,True,A,0.009945392608642578,0.19803574681282043,True,Negative_Name_Mover
11,11,abs_ld,0.14565086364746094,0.9871369004249573,True,True,A,0.009945392608642578,0.19803574681282043,False,
