layer,head,rsa_crel,rsa_attr,rsa_max,rsa_max_before_clamp,rsa_crel_pval,rsa_attr_pval
0,0,0.4469844698905945,0.05272514000535011,0.4469844698905945,0.4469844698905945,0.0,0.008100000210106373
0,1,0.2354775071144104,0.2944677472114563,0.2944677472114563,0.2944677472114563,0.0,0.0
0,2,0.18987862765789032,0.10626212507486343,0.18987862765789032,0.18987862765789032,0.0,0.0
0,3,0.3672235608100891,0.23552721738815308,0.3672235608100891,0.3672235608100891,0.0,0.0
0,4,0.35856765508651733,0.20116998255252838,0.35856765508651733,0.35856765508651733,0.0,0.0
0,5,0.3634260296821594,0.23732884228229523,0.3634260296821594,0.3634260296821594,0.0,0.0
0,6,0.15429170429706573,0.12287557125091553,0.15429170429706573,0.15429170429706573,0.0,0.0
0,7,0.23681268095970154,0.14720699191093445,0.23681268095970154,0.23681268095970154,0.0,0.0
0,8,0.29249274730682373,0.056751687079668045,0.29249274730682373,0.29249274730682373,0.0,0.004399999976158142
0,9,0.17481204867362976,-0.015810638666152954,0.17481204867362976,0.17481204867362976,0.0,0.15780000388622284
0,10,0.5493850708007812,0.030703291296958923,0.5493850708007812,0.5493850708007812,0.0,0.05389999970793724
0,11,0.12215881049633026,0.10667635500431061,0.12215881049633026,0.12215881049633026,0.0,0.0
0,12,0.24699616432189941,0.11451958119869232,0.24699616432189941,0.24699616432189941,0.0,0.0
0,13,0.34310418367385864,0.00892983004450798,0.34310418367385864,0.34310418367385864,0.0,0.5097000002861023
0,14,0.5233796238899231,0.04099726676940918,0.5233796238899231,0.5233796238899231,0.0,0.03269999846816063
0,15,,,,,,
0,16,0.30776476860046387,0.24864070117473602,0.30776476860046387,0.30776476860046387,0.0,0.0
0,17,0.45157867670059204,0.015280839055776596,0.45157867670059204,0.45157867670059204,0.0,0.19110000133514404
0,18,0.5536212921142578,0.03122369572520256,0.5536212921142578,0.5536212921142578,0.0,0.06040000170469284
0,19,0.1371864378452301,0.18663540482521057,0.18663540482521057,0.18663540482521057,0.0,0.0
0,20,0.5286000967025757,-0.006221618503332138,0.5286000967025757,0.5286000967025757,0.0,0.6852999925613403
0,21,0.38807231187820435,0.026727724820375443,0.38807231187820435,0.38807231187820435,0.0,0.06199999898672104
0,22,0.15291950106620789,0.016053855419158936,0.15291950106620789,0.15291950106620789,0.0,0.21359999477863312
0,23,0.3240431845188141,0.002358820289373398,0.3240431845188141,0.3240431845188141,0.0,0.8733999729156494
0,24,0.29434865713119507,-0.0133792944252491,0.29434865713119507,0.29434865713119507,0.0,0.2628999948501587
0,25,0.0817105770111084,0.13733141124248505,0.13733141124248505,0.13733141124248505,9.999999747378752e-05,0.0
0,26,0.28802061080932617,-0.006695196032524109,0.28802061080932617,0.28802061080932617,0.0,0.6175000071525574
0,27,0.07223162055015564,0.13713085651397705,0.13713085651397705,0.13713085651397705,0.000699999975040555,0.0
1,0,0.48895496129989624,0.10029996931552887,0.48895496129989624,0.48895496129989624,0.0,0.0012000000569969416
1,1,0.36553120613098145,0.020589355379343033,0.36553120613098145,0.36553120613098145,0.0,0.15060000121593475
1,2,0.3072289228439331,-0.004911940544843674,0.3072289228439331,0.3072289228439331,0.0,0.7519999742507935
1,3,0.46484535932540894,0.11362653970718384,0.46484535932540894,0.46484535932540894,0.0,0.000699999975040555
1,4,0.4710519313812256,0.09819930046796799,0.4710519313812256,0.4710519313812256,0.0,0.0017000000225380063
1,5,0.5093288421630859,0.033247724175453186,0.5093288421630859,0.5093288421630859,0.0,0.051600001752376556
1,6,0.3093836009502411,-0.002846270799636841,0.3093836009502411,0.3093836009502411,0.0,0.863099992275238
1,7,0.4577568471431732,0.0545857772231102,0.4577568471431732,0.4577568471431732,0.0,0.014100000262260437
1,8,0.48453861474990845,0.0689118430018425,0.48453861474990845,0.48453861474990845,0.0,0.006599999964237213
1,9,0.503203809261322,0.09362489730119705,0.503203809261322,0.503203809261322,0.0,0.0019000000320374966
1,10,0.46504026651382446,0.0632314458489418,0.46504026651382446,0.46504026651382446,0.0,0.009600000455975533
1,11,0.47446876764297485,0.0679209753870964,0.47446876764297485,0.47446876764297485,0.0,0.009399999864399433
1,12,0.40272819995880127,0.05791531503200531,0.40272819995880127,0.40272819995880127,0.0,0.010900000110268593
1,13,0.3695429861545563,0.11022692918777466,0.3695429861545563,0.3695429861545563,0.0,0.0
1,14,0.4690523147583008,0.0036143939942121506,0.4690523147583008,0.4690523147583008,0.0,0.8041999936103821
1,15,0.2626500725746155,0.062238503247499466,0.2626500725746155,0.2626500725746155,0.0,0.0024999999441206455
1,16,0.41510123014450073,0.07273026555776596,0.41510123014450073,0.41510123014450073,0.0,0.0035000001080334187
1,17,0.4207099378108978,0.11256386339664459,0.4207099378108978,0.4207099378108978,0.0,0.00039999998989515007
1,18,0.4366016387939453,0.0945238247513771,0.4366016387939453,0.4366016387939453,0.0,0.0005000000237487257
1,19,0.17493054270744324,0.06167333573102951,0.17493054270744324,0.17493054270744324,0.0,0.0006000000284984708
1,20,0.4584004878997803,0.07334189116954803,0.4584004878997803,0.4584004878997803,0.0,0.00419999985024333
1,21,0.43292349576950073,0.07774524390697479,0.43292349576950073,0.43292349576950073,0.0,0.0032999999821186066
1,22,0.3261685371398926,0.004194465931504965,0.3261685371398926,0.3261685371398926,0.0,0.7828999757766724
1,23,0.2941412925720215,0.002441052347421646,0.2941412925720215,0.2941412925720215,0.0,0.8711000084877014
1,24,0.4885543882846832,0.04556918889284134,0.4885543882846832,0.4885543882846832,0.0,0.02930000051856041
1,25,0.5050148367881775,0.07771052420139313,0.5050148367881775,0.5050148367881775,0.0,0.004000000189989805
1,26,0.5444186925888062,0.07222858816385269,0.5444186925888062,0.5444186925888062,0.0,0.005900000222027302
1,27,0.49223220348358154,0.03664493188261986,0.49223220348358154,0.49223220348358154,0.0,0.04650000110268593
2,0,0.5024802684783936,0.019439242780208588,0.5024802684783936,0.5024802684783936,0.0,0.12189999967813492
2,1,0.49315276741981506,0.03220793604850769,0.49315276741981506,0.49315276741981506,0.0,0.05209999904036522
2,2,0.498351514339447,0.0420096255838871,0.498351514339447,0.498351514339447,0.0,0.033399999141693115
2,3,0.4898722171783447,0.02948794886469841,0.4898722171783447,0.4898722171783447,0.0,0.05860000103712082
2,4,0.25652509927749634,-0.008990881964564323,0.25652509927749634,0.25652509927749634,0.0,0.5224000215530396
2,5,0.48322927951812744,0.03708831965923309,0.48322927951812744,0.48322927951812744,0.0,0.0406000018119812
2,6,0.3858928680419922,0.0350656621158123,0.3858928680419922,0.3858928680419922,0.0,0.03689999878406525
2,7,0.47561365365982056,0.11525680869817734,0.47561365365982056,0.47561365365982056,0.0,0.00039999998989515007
2,8,0.49879127740859985,0.04585472494363785,0.49879127740859985,0.49879127740859985,0.0,0.026399999856948853
2,9,0.5120477080345154,0.008489228785037994,0.5120477080345154,0.5120477080345154,0.0,0.5519999861717224
2,10,0.50129234790802,0.1257624328136444,0.50129234790802,0.50129234790802,0.0,0.0005000000237487257
2,11,0.4982829689979553,0.09455401450395584,0.4982829689979553,0.4982829689979553,0.0,0.001500000013038516
2,12,0.4975874423980713,0.1775369793176651,0.4975874423980713,0.4975874423980713,0.0,0.0
2,13,0.47967082262039185,0.013826161623001099,0.47967082262039185,0.47967082262039185,0.0,0.28679999709129333
2,14,0.4884469211101532,0.10229175537824631,0.4884469211101532,0.4884469211101532,0.0,0.0005000000237487257
2,15,0.4239501357078552,-0.014244239777326584,0.4239501357078552,0.4239501357078552,0.0,0.2167000025510788
2,16,0.35900312662124634,0.26369956135749817,0.35900312662124634,0.35900312662124634,0.0,0.0
2,17,0.41839051246643066,0.08265995234251022,0.41839051246643066,0.41839051246643066,0.0,0.0017999999690800905
2,18,0.4358747899532318,0.005226634442806244,0.4358747899532318,0.4358747899532318,0.0,0.7268999814987183
2,19,0.45354294776916504,0.20454983413219452,0.45354294776916504,0.45354294776916504,0.0,0.0
2,20,0.057053010910749435,0.001936599612236023,0.057053010910749435,0.057053010910749435,0.0024999999441206455,0.890999972820282
2,21,0.4904627799987793,0.07962390780448914,0.4904627799987793,0.4904627799987793,0.0,0.004000000189989805
2,22,0.4577808380126953,-0.020611919462680817,0.4577808380126953,0.4577808380126953,0.0,0.10000000149011612
2,23,0.5059623718261719,0.05038612335920334,0.5059623718261719,0.5059623718261719,0.0,0.02070000022649765
2,24,0.496135950088501,0.16069385409355164,0.496135950088501,0.496135950088501,0.0,0.0
2,25,0.5059673190116882,-0.009987644851207733,0.5059673190116882,0.5059673190116882,0.0,0.4715000092983246
2,26,0.49931618571281433,-0.019447242841124535,0.49931618571281433,0.49931618571281433,0.0,0.10920000076293945
2,27,0.4926985502243042,0.1250838339328766,0.4926985502243042,0.4926985502243042,0.0,0.00039999998989515007
3,0,0.438942551612854,0.0686429813504219,0.438942551612854,0.438942551612854,0.0,0.005900000222027302
3,1,0.5125516653060913,0.042993880808353424,0.5125516653060913,0.5125516653060913,0.0,0.031700000166893005
3,2,0.49515148997306824,0.10345296561717987,0.49515148997306824,0.49515148997306824,0.0,0.0010000000474974513
3,3,0.5005881786346436,0.0927748903632164,0.5005881786346436,0.5005881786346436,0.0,0.002199999988079071
3,4,0.5023142695426941,0.056760720908641815,0.5023142695426941,0.5023142695426941,0.0,0.014399999752640724
3,5,0.4965178966522217,0.02269769459962845,0.4965178966522217,0.4965178966522217,0.0,0.09220000356435776
3,6,0.5071057081222534,0.09102807193994522,0.5071057081222534,0.5071057081222534,0.0,0.0020000000949949026
3,7,0.49044814705848694,0.11976976692676544,0.49044814705848694,0.49044814705848694,0.0,0.0005000000237487257
3,8,0.33883702754974365,0.015816885977983475,0.33883702754974365,0.33883702754974365,0.0,0.24289999902248383
3,9,0.47699353098869324,0.0571322925388813,0.47699353098869324,0.47699353098869324,0.0,0.013700000010430813
3,10,0.4863840341567993,0.05563212186098099,0.4863840341567993,0.4863840341567993,0.0,0.01510000042617321
3,11,0.5042078495025635,0.08012314140796661,0.5042078495025635,0.5042078495025635,0.0,0.003599999938160181
3,12,0.4327717125415802,0.08690855652093887,0.4327717125415802,0.4327717125415802,0.0,0.001500000013038516
3,13,0.5051202178001404,0.11685965955257416,0.5051202178001404,0.5051202178001404,0.0,0.0005000000237487257
3,14,0.5695762038230896,0.0764976292848587,0.5695762038230896,0.5695762038230896,0.0,0.004600000102072954
3,15,0.4872528910636902,0.36625540256500244,0.4872528910636902,0.4872528910636902,0.0,0.0
3,16,0.44924336671829224,-0.004763105884194374,0.44924336671829224,0.44924336671829224,0.0,0.7311000227928162
3,17,0.5317835211753845,0.1598285734653473,0.5317835211753845,0.5317835211753845,0.0,0.00019999999494757503
3,18,0.49848103523254395,0.15400969982147217,0.49848103523254395,0.49848103523254395,0.0,9.999999747378752e-05
3,19,0.4974769949913025,0.17038966715335846,0.4974769949913025,0.4974769949913025,0.0,0.0
3,20,0.5032269954681396,0.11696480214595795,0.5032269954681396,0.5032269954681396,0.0,0.0007999999797903001
3,21,0.4948441684246063,0.15648898482322693,0.4948441684246063,0.4948441684246063,0.0,9.999999747378752e-05
3,22,0.49225983023643494,0.051215965300798416,0.49225983023643494,0.49225983023643494,0.0,0.019300000742077827
3,23,0.5057634711265564,0.05987447500228882,0.5057634711265564,0.5057634711265564,0.0,0.013500000350177288
3,24,0.4857422411441803,0.011486038565635681,0.4857422411441803,0.4857422411441803,0.0,0.382999986410141
3,25,0.4984011650085449,0.09127821028232574,0.4984011650085449,0.4984011650085449,0.0,0.002400000113993883
3,26,0.4460607171058655,0.08697235584259033,0.4460607171058655,0.4460607171058655,0.0,0.0017999999690800905
3,27,0.4919934868812561,0.0673922523856163,0.4919934868812561,0.4919934868812561,0.0,0.009399999864399433
4,0,0.3708929121494293,0.04178272932767868,0.3708929121494293,0.3708929121494293,0.0,0.01769999973475933
4,1,0.43066707253456116,0.4880307614803314,0.4880307614803314,0.4880307614803314,0.0,0.0
4,2,0.41495224833488464,0.4782336354255676,0.4782336354255676,0.4782336354255676,0.0,0.0
4,3,0.5042225122451782,0.09031061828136444,0.5042225122451782,0.5042225122451782,0.0,0.00279999990016222
4,4,0.5029253959655762,0.13153719902038574,0.5029253959655762,0.5029253959655762,0.0,0.00019999999494757503
4,5,0.5029498338699341,0.2818971276283264,0.5029498338699341,0.5029498338699341,0.0,0.0
4,6,0.4502730369567871,0.09997734427452087,0.4502730369567871,0.4502730369567871,0.0,0.0008999999845400453
4,7,0.43067222833633423,-0.01765212044119835,0.43067222833633423,0.43067222833633423,0.0,0.1256999969482422
4,8,0.3363480567932129,0.026065437123179436,0.3363480567932129,0.3363480567932129,0.0,0.06679999828338623
4,9,0.08525400608778,0.0013773422688245773,0.08525400608778,0.08525400608778,0.0,0.9154999852180481
4,10,0.2722422778606415,0.016087498515844345,0.2722422778606415,0.2722422778606415,0.0,0.19949999451637268
4,11,0.4102099537849426,-0.016724802553653717,0.4102099537849426,0.4102099537849426,0.0,0.17990000545978546
4,12,0.5031297206878662,0.05089955776929855,0.5031297206878662,0.5031297206878662,0.0,0.02070000022649765
4,13,0.4261053800582886,0.020681338384747505,0.4261053800582886,0.4261053800582886,0.0,0.1062999963760376
4,14,0.5073321461677551,0.0941692441701889,0.5073321461677551,0.5073321461677551,0.0,0.0017999999690800905
4,15,0.49693194031715393,0.29182231426239014,0.49693194031715393,0.49693194031715393,0.0,0.0
4,16,0.5252169370651245,0.014777095057070255,0.5252169370651245,0.5252169370651245,0.0,0.22339999675750732
4,17,0.5019214153289795,0.013133675791323185,0.5019214153289795,0.5019214153289795,0.0,0.33070001006126404
4,18,0.4976409375667572,0.10607718676328659,0.4976409375667572,0.4976409375667572,0.0,0.0007999999797903001
4,19,0.49918317794799805,0.2627809941768646,0.49918317794799805,0.49918317794799805,0.0,0.0
4,20,0.49602678418159485,0.06397008895874023,0.49602678418159485,0.49602678418159485,0.0,0.009399999864399433
4,21,0.4984460175037384,0.11934131383895874,0.4984460175037384,0.4984460175037384,0.0,0.0005000000237487257
4,22,0.4684293568134308,0.08794346451759338,0.4684293568134308,0.4684293568134308,0.0,0.002199999988079071
4,23,0.46501708030700684,0.06390172988176346,0.46501708030700684,0.46501708030700684,0.0,0.0071000000461936
4,24,0.4912053942680359,0.0048682428896427155,0.4912053942680359,0.4912053942680359,0.0,0.7657999992370605
4,25,0.488829642534256,0.01160680316388607,0.488829642534256,0.488829642534256,0.0,0.3889999985694885
4,26,0.5129945278167725,0.01642332412302494,0.5129945278167725,0.5129945278167725,0.0,0.18629999458789825
4,27,0.500481367111206,0.2742640972137451,0.500481367111206,0.500481367111206,0.0,0.0
5,0,0.38111039996147156,0.005693592131137848,0.38111039996147156,0.38111039996147156,0.0,0.6866000294685364
5,1,0.49952277541160583,0.1022019013762474,0.49952277541160583,0.49952277541160583,0.0,0.0008999999845400453
5,2,0.47923052310943604,0.12194783240556717,0.47923052310943604,0.47923052310943604,0.0,0.0007999999797903001
5,3,0.4936405420303345,0.06486549973487854,0.4936405420303345,0.4936405420303345,0.0,0.010499999858438969
5,4,0.4976063668727875,0.08248405903577805,0.4976063668727875,0.4976063668727875,0.0,0.0034000000450760126
5,5,0.3432425260543823,0.013598215766251087,0.3432425260543823,0.3432425260543823,0.0,0.3208000063896179
5,6,0.5017010569572449,-0.001018955372273922,0.5017010569572449,0.5017010569572449,0.0,0.9508000016212463
5,7,0.5107566714286804,0.1550467610359192,0.5107566714286804,0.5107566714286804,0.0,9.999999747378752e-05
5,8,0.5273541212081909,0.050787150859832764,0.5273541212081909,0.5273541212081909,0.0,0.01860000006854534
5,9,0.49461692571640015,0.07069128751754761,0.49461692571640015,0.49461692571640015,0.0,0.006399999838322401
5,10,0.5157473087310791,0.07767309248447418,0.5157473087310791,0.5157473087310791,0.0,0.0038999998942017555
5,11,0.4902171790599823,0.05544165521860123,0.4902171790599823,0.4902171790599823,0.0,0.014000000432133675
5,12,0.511206328868866,0.10343872010707855,0.511206328868866,0.511206328868866,0.0,0.0008999999845400453
5,13,0.5091982483863831,0.13315530121326447,0.5091982483863831,0.5091982483863831,0.0,0.00019999999494757503
5,14,0.4264425039291382,0.07289538532495499,0.4264425039291382,0.4264425039291382,0.0,0.003100000089034438
5,15,0.49063074588775635,-0.012026600539684296,0.49063074588775635,0.49063074588775635,0.0,0.3711000084877014
5,16,0.4659593105316162,0.05561860650777817,0.4659593105316162,0.4659593105316162,0.0,0.013899999670684338
5,17,0.3781314492225647,0.0064457617700099945,0.3781314492225647,0.3781314492225647,0.0,0.6793000102043152
5,18,0.4875493347644806,-0.008309490978717804,0.4875493347644806,0.4875493347644806,0.0,0.5795000195503235
5,19,0.2136380672454834,-0.015165334567427635,0.2136380672454834,0.2136380672454834,0.0,0.16820000112056732
5,20,0.4056166410446167,0.001282963901758194,0.4056166410446167,0.4056166410446167,0.0,0.9265999794006348
5,21,0.5030958652496338,0.0030849631875753403,0.5030958652496338,0.5030958652496338,0.0,0.8532000184059143
5,22,0.5044095516204834,0.15467099845409393,0.5044095516204834,0.5044095516204834,0.0,9.999999747378752e-05
5,23,0.496489942073822,0.1889161765575409,0.496489942073822,0.496489942073822,0.0,0.0
5,24,0.507698655128479,0.027035798877477646,0.507698655128479,0.507698655128479,0.0,0.0738999992609024
5,25,0.5011430382728577,0.0038971491158008575,0.5011430382728577,0.5011430382728577,0.0,0.8093000054359436
5,26,0.5039838552474976,-0.01976468414068222,0.5039838552474976,0.5039838552474976,0.0,0.11800000071525574
5,27,0.49361687898635864,0.1633739173412323,0.49361687898635864,0.49361687898635864,0.0,9.999999747378752e-05
6,0,0.49286603927612305,0.07111559808254242,0.49286603927612305,0.49286603927612305,0.0,0.007300000172108412
6,1,0.47640377283096313,0.09586161375045776,0.47640377283096313,0.47640377283096313,0.0,0.0013000000035390258
6,2,0.49899357557296753,0.09405823796987534,0.49899357557296753,0.49899357557296753,0.0,0.0019000000320374966
6,3,0.4795580506324768,0.09429240971803665,0.4795580506324768,0.4795580506324768,0.0,0.0019000000320374966
6,4,0.3990369737148285,0.0910828709602356,0.3990369737148285,0.3990369737148285,0.0,0.0019000000320374966
6,5,0.49590182304382324,0.04641225188970566,0.49590182304382324,0.49590182304382324,0.0,0.026599999517202377
6,6,0.4982335567474365,0.08978673815727234,0.4982335567474365,0.4982335567474365,0.0,0.002300000051036477
6,7,0.495670884847641,0.19971878826618195,0.495670884847641,0.495670884847641,0.0,0.0
6,8,0.500250518321991,0.04987712576985359,0.500250518321991,0.500250518321991,0.0,0.01979999989271164
6,9,0.5136855840682983,0.1307593584060669,0.5136855840682983,0.5136855840682983,0.0,0.0003000000142492354
6,10,0.5051502585411072,0.05041036382317543,0.5051502585411072,0.5051502585411072,0.0,0.020800000056624413
6,11,0.1022472083568573,0.07409162819385529,0.1022472083568573,0.1022472083568573,0.0,9.999999747378752e-05
6,12,0.4329430162906647,0.05733802542090416,0.4329430162906647,0.4329430162906647,0.0,0.008999999612569809
6,13,0.5307230949401855,0.09541406482458115,0.5307230949401855,0.5307230949401855,0.0,0.0015999999595806003
6,14,0.518326461315155,0.10840441286563873,0.518326461315155,0.518326461315155,0.0,0.0006000000284984708
6,15,0.5025151371955872,0.12157697975635529,0.5025151371955872,0.5025151371955872,0.0,0.0006000000284984708
6,16,0.4975780248641968,0.07292697578668594,0.4975780248641968,0.4975780248641968,0.0,0.005100000184029341
6,17,0.494444876909256,0.1082850843667984,0.494444876909256,0.494444876909256,0.0,0.0006000000284984708
6,18,0.4000694751739502,0.030787929892539978,0.4000694751739502,0.4000694751739502,0.0,0.050999999046325684
6,19,0.53566974401474,0.07877875119447708,0.53566974401474,0.53566974401474,0.0,0.004000000189989805
6,20,0.4967184364795685,0.15869200229644775,0.4967184364795685,0.4967184364795685,0.0,9.999999747378752e-05
6,21,0.4945686459541321,0.11133364588022232,0.4945686459541321,0.4945686459541321,0.0,0.0010999999940395355
6,22,0.4978381395339966,0.1371423304080963,0.4978381395339966,0.4978381395339966,0.0,0.00019999999494757503
6,23,0.49132028222084045,0.05219743400812149,0.49132028222084045,0.49132028222084045,0.0,0.018300000578165054
6,24,0.5035495162010193,0.06386496126651764,0.5035495162010193,0.5035495162010193,0.0,0.013000000268220901
6,25,0.4938950538635254,0.12549111247062683,0.4938950538635254,0.4938950538635254,0.0,0.0003000000142492354
6,26,0.5006892681121826,0.16765061020851135,0.5006892681121826,0.5006892681121826,0.0,0.0
6,27,0.5067846775054932,0.11085283011198044,0.5067846775054932,0.5067846775054932,0.0,0.0012000000569969416
7,0,0.4940698742866516,0.18657571077346802,0.4940698742866516,0.4940698742866516,0.0,0.0
7,1,0.4966108798980713,0.1603226661682129,0.4966108798980713,0.4966108798980713,0.0,9.999999747378752e-05
7,2,0.5027074813842773,0.09037376195192337,0.5027074813842773,0.5027074813842773,0.0,0.002099999925121665
7,3,0.5191853046417236,0.057655464857816696,0.5191853046417236,0.5191853046417236,0.0,0.013500000350177288
7,4,0.49509865045547485,0.09196585416793823,0.49509865045547485,0.49509865045547485,0.0,0.0020000000949949026
7,5,0.4963366389274597,0.09635844081640244,0.4963366389274597,0.4963366389274597,0.0,0.0015999999595806003
7,6,0.5153815746307373,0.02077462710440159,0.5153815746307373,0.5153815746307373,0.0,0.09640000015497208
7,7,0.5020557641983032,0.10389634966850281,0.5020557641983032,0.5020557641983032,0.0,0.0010999999940395355
7,8,0.45681729912757874,0.2911551594734192,0.45681729912757874,0.45681729912757874,0.0,0.0
7,9,0.4772370457649231,0.13051581382751465,0.4772370457649231,0.4772370457649231,0.0,0.00019999999494757503
7,10,0.5956668257713318,0.0357147753238678,0.5956668257713318,0.5956668257713318,0.0,0.048500001430511475
7,11,0.579706072807312,0.1597387045621872,0.579706072807312,0.579706072807312,0.0,0.00019999999494757503
7,12,0.5029604434967041,0.19800245761871338,0.5029604434967041,0.5029604434967041,0.0,0.0
7,13,0.5140845775604248,0.3191794157028198,0.5140845775604248,0.5140845775604248,0.0,0.0
7,14,0.5327710509300232,0.05386830121278763,0.5327710509300232,0.5327710509300232,0.0,0.018699999898672104
7,15,0.5000036954879761,0.02027191035449505,0.5000036954879761,0.5000036954879761,0.0,0.10480000078678131
7,16,0.5146012306213379,0.2200392484664917,0.5146012306213379,0.5146012306213379,0.0,0.0
7,17,0.5739996433258057,0.09862980991601944,0.5739996433258057,0.5739996433258057,0.0,0.0017000000225380063
7,18,0.498288631439209,0.2725013792514801,0.498288631439209,0.498288631439209,0.0,0.0
7,19,0.5130480527877808,0.1433500498533249,0.5130480527877808,0.5130480527877808,0.0,0.00019999999494757503
7,20,0.5078235268592834,0.07878359407186508,0.5078235268592834,0.5078235268592834,0.0,0.004000000189989805
7,21,0.498737096786499,0.23971371352672577,0.498737096786499,0.498737096786499,0.0,0.0
7,22,0.5126941800117493,0.1263706088066101,0.5126941800117493,0.5126941800117493,0.0,0.00039999998989515007
7,23,0.2937297224998474,0.004611507058143616,0.2937297224998474,0.2937297224998474,0.0,0.7529000043869019
7,24,0.5071325302124023,0.09594450891017914,0.5071325302124023,0.5071325302124023,0.0,0.0017999999690800905
7,25,0.20538640022277832,-0.0018287040293216705,0.20538640022277832,0.20538640022277832,0.0,0.8970999717712402
7,26,0.5071839690208435,0.14605100452899933,0.5071839690208435,0.5071839690208435,0.0,0.00019999999494757503
7,27,0.49949800968170166,0.08432696759700775,0.49949800968170166,0.49949800968170166,0.0,0.003100000089034438
8,0,0.5061559677124023,0.17439992725849152,0.5061559677124023,0.5061559677124023,0.0,0.0
8,1,0.47998011112213135,0.03957448899745941,0.47998011112213135,0.47998011112213135,0.0,0.027799999341368675
8,2,0.5695629119873047,0.05308143422007561,0.5695629119873047,0.5695629119873047,0.0,0.017400000244379044
8,3,0.37057581543922424,0.1194773018360138,0.37057581543922424,0.37057581543922424,0.0,0.0
8,4,0.47816723585128784,0.017009299248456955,0.47816723585128784,0.47816723585128784,0.0,0.20160000026226044
8,5,0.4612058401107788,0.15599527955055237,0.4612058401107788,0.4612058401107788,0.0,0.0
8,6,0.514407217502594,0.0852893814444542,0.514407217502594,0.514407217502594,0.0,0.0026000000070780516
8,7,0.46899673342704773,0.03915884718298912,0.46899673342704773,0.46899673342704773,0.0,0.033900000154972076
8,8,0.4789654612541199,0.03581573814153671,0.4789654612541199,0.4789654612541199,0.0,0.04439999908208847
8,9,0.5162408947944641,0.1510448157787323,0.5162408947944641,0.5162408947944641,0.0,0.00039999998989515007
8,10,0.490068256855011,0.08176901936531067,0.490068256855011,0.490068256855011,0.0,0.005100000184029341
8,11,0.516791582107544,0.16078370809555054,0.516791582107544,0.516791582107544,0.0,9.999999747378752e-05
8,12,0.49592125415802,0.2525503635406494,0.49592125415802,0.49592125415802,0.0,0.0
8,13,0.5061109066009521,0.07671239972114563,0.5061109066009521,0.5061109066009521,0.0,0.006300000008195639
8,14,0.47364404797554016,0.16779285669326782,0.47364404797554016,0.47364404797554016,0.0,0.0
8,15,0.4975678324699402,0.13843709230422974,0.4975678324699402,0.4975678324699402,0.0,0.00019999999494757503
8,16,0.43985944986343384,0.3268352746963501,0.43985944986343384,0.43985944986343384,0.0,0.0
8,17,0.5679832696914673,0.024593694135546684,0.5679832696914673,0.5679832696914673,0.0,0.08060000091791153
8,18,0.5091190338134766,0.16125133633613586,0.5091190338134766,0.5091190338134766,0.0,9.999999747378752e-05
8,19,0.5069609880447388,0.09198421239852905,0.5069609880447388,0.5069609880447388,0.0,0.002300000051036477
8,20,0.5119976997375488,0.08351307362318039,0.5119976997375488,0.5119976997375488,0.0,0.003700000001117587
8,21,0.5158486366271973,0.0743795782327652,0.5158486366271973,0.5158486366271973,0.0,0.005100000184029341
8,22,0.511188805103302,-0.014235186390578747,0.511188805103302,0.511188805103302,0.0,0.28290000557899475
8,23,0.49144378304481506,0.011793822050094604,0.49144378304481506,0.49144378304481506,0.0,0.3301999866962433
8,24,0.45403164625167847,0.004246503114700317,0.45403164625167847,0.45403164625167847,0.0,0.7914000153541565
8,25,0.5203114748001099,-0.011433679610490799,0.5203114748001099,0.5203114748001099,0.0,0.42399999499320984
8,26,0.6024039387702942,0.026642724871635437,0.6024039387702942,0.6024039387702942,0.0,0.07289999723434448
8,27,0.48111164569854736,0.11397486925125122,0.48111164569854736,0.48111164569854736,0.0,0.0007999999797903001
9,0,0.49854350090026855,0.20851045846939087,0.49854350090026855,0.49854350090026855,0.0,0.0
9,1,0.49750572443008423,0.049210309982299805,0.49750572443008423,0.49750572443008423,0.0,0.019600000232458115
9,2,0.47864943742752075,0.12569302320480347,0.47864943742752075,0.47864943742752075,0.0,0.0006000000284984708
9,3,0.6080849170684814,0.014923162758350372,0.6080849170684814,0.6080849170684814,0.0,0.2386000007390976
9,4,0.5370059013366699,-0.00040036439895629883,0.5370059013366699,0.5370059013366699,0.0,0.9779999852180481
9,5,0.5147362947463989,0.14233006536960602,0.5147362947463989,0.5147362947463989,0.0,0.00039999998989515007
9,6,0.5416024923324585,0.2260662317276001,0.5416024923324585,0.5416024923324585,0.0,0.0
9,7,0.5722789764404297,0.13069450855255127,0.5722789764404297,0.5722789764404297,0.0,0.00039999998989515007
9,8,0.506862223148346,0.16660043597221375,0.506862223148346,0.506862223148346,0.0,0.0
9,9,0.19606733322143555,0.02690952643752098,0.19606733322143555,0.19606733322143555,0.0,0.04259999841451645
9,10,0.544670045375824,0.08860230445861816,0.544670045375824,0.544670045375824,0.0,0.0024999999441206455
9,11,0.49390923976898193,0.25655192136764526,0.49390923976898193,0.49390923976898193,0.0,0.0
9,12,0.5094641447067261,0.12117347866296768,0.5094641447067261,0.5094641447067261,0.0,0.00039999998989515007
9,13,0.5120898485183716,0.14680729806423187,0.5120898485183716,0.5120898485183716,0.0,0.00019999999494757503
9,14,0.4757736325263977,0.2211931049823761,0.4757736325263977,0.4757736325263977,0.0,0.0
9,15,0.5221942067146301,0.1461130976676941,0.5221942067146301,0.5221942067146301,0.0,0.00019999999494757503
9,16,0.5150257349014282,0.12585364282131195,0.5150257349014282,0.5150257349014282,0.0,0.0005000000237487257
9,17,0.5237301588058472,0.12805813550949097,0.5237301588058472,0.5237301588058472,0.0,0.0003000000142492354
9,18,0.592437207698822,0.03969242423772812,0.592437207698822,0.592437207698822,0.0,0.03550000116229057
9,19,0.538384199142456,0.11080280691385269,0.538384199142456,0.538384199142456,0.0,0.000699999975040555
9,20,0.5571063756942749,0.0994444265961647,0.5571063756942749,0.5571063756942749,0.0,0.0013000000035390258
9,21,0.5175902843475342,0.18753603100776672,0.5175902843475342,0.5175902843475342,0.0,0.0
9,22,0.5241495966911316,0.07093174010515213,0.5241495966911316,0.5241495966911316,0.0,0.005799999926239252
9,23,0.539166271686554,0.17396068572998047,0.539166271686554,0.539166271686554,0.0,0.0
9,24,0.49845629930496216,0.11280255019664764,0.49845629930496216,0.49845629930496216,0.0,0.00039999998989515007
9,25,0.4859667420387268,0.046275220811367035,0.4859667420387268,0.4859667420387268,0.0,0.0203000009059906
9,26,0.3223804831504822,0.19387981295585632,0.3223804831504822,0.3223804831504822,0.0,0.0
9,27,0.5182042717933655,0.15937510132789612,0.5182042717933655,0.5182042717933655,0.0,0.0
10,0,0.6385685801506042,0.039391934871673584,0.6385685801506042,0.6385685801506042,0.0,0.03929999843239784
10,1,0.522402822971344,0.1268552839756012,0.522402822971344,0.522402822971344,0.0,0.0005000000237487257
10,2,0.5491942763328552,0.044826067984104156,0.5491942763328552,0.5491942763328552,0.0,0.027400000020861626
10,3,0.5639233589172363,0.037313468754291534,0.5639233589172363,0.5639233589172363,0.0,0.036400001496076584
10,4,0.5268881320953369,0.16962367296218872,0.5268881320953369,0.5268881320953369,0.0,0.0
10,5,0.5608124732971191,0.14265689253807068,0.5608124732971191,0.5608124732971191,0.0,0.0003000000142492354
10,6,0.5741578936576843,0.06453213095664978,0.5741578936576843,0.5741578936576843,0.0,0.009600000455975533
10,7,0.6178501844406128,0.04066662862896919,0.6178501844406128,0.6178501844406128,0.0,0.035599999129772186
10,8,0.4979943633079529,0.20826730132102966,0.4979943633079529,0.4979943633079529,0.0,0.0
10,9,0.5086575746536255,0.21952471137046814,0.5086575746536255,0.5086575746536255,0.0,0.0
10,10,0.5508477091789246,0.14565305411815643,0.5508477091789246,0.5508477091789246,0.0,0.00019999999494757503
10,11,0.5109027624130249,0.20733511447906494,0.5109027624130249,0.5109027624130249,0.0,0.0
10,12,0.5249559879302979,0.1448790282011032,0.5249559879302979,0.5249559879302979,0.0,0.0003000000142492354
10,13,0.5117602348327637,0.16815781593322754,0.5117602348327637,0.5117602348327637,0.0,0.0
10,14,0.5144712924957275,0.23545613884925842,0.5144712924957275,0.5144712924957275,0.0,0.0
10,15,0.42710691690444946,0.5014013051986694,0.5014013051986694,0.5014013051986694,0.0,0.0
10,16,0.5339767336845398,0.1634308248758316,0.5339767336845398,0.5339767336845398,0.0,0.0
10,17,0.5331085920333862,0.19434988498687744,0.5331085920333862,0.5331085920333862,0.0,0.0
10,18,0.47811007499694824,0.13523173332214355,0.47811007499694824,0.47811007499694824,0.0,9.999999747378752e-05
10,19,0.5475684404373169,0.16868451237678528,0.5475684404373169,0.5475684404373169,0.0,9.999999747378752e-05
10,20,0.5404267311096191,0.037834905087947845,0.5404267311096191,0.5404267311096191,0.0,0.03700000047683716
10,21,0.5152623653411865,0.22954118251800537,0.5152623653411865,0.5152623653411865,0.0,0.0
10,22,0.5101766586303711,0.18706315755844116,0.5101766586303711,0.5101766586303711,0.0,0.0
10,23,0.5186705589294434,0.1445566862821579,0.5186705589294434,0.5186705589294434,0.0,0.0003000000142492354
10,24,0.5182135701179504,0.16398489475250244,0.5182135701179504,0.5182135701179504,0.0,9.999999747378752e-05
10,25,0.5157408118247986,0.14018772542476654,0.5157408118247986,0.5157408118247986,0.0,0.0003000000142492354
10,26,0.5182725191116333,0.14266210794448853,0.5182725191116333,0.5182725191116333,0.0,0.0003000000142492354
10,27,0.49653300642967224,0.10868370532989502,0.49653300642967224,0.49653300642967224,0.0,0.0007999999797903001
11,0,0.37321752309799194,0.2593257427215576,0.37321752309799194,0.37321752309799194,0.0,0.0
11,1,0.5267911553382874,0.10572467744350433,0.5267911553382874,0.5267911553382874,0.0,0.000699999975040555
11,2,0.4917861521244049,0.005822312086820602,0.4917861521244049,0.4917861521244049,0.0,0.6929000020027161
11,3,0.4824443459510803,0.1043994128704071,0.4824443459510803,0.4824443459510803,0.0,0.0006000000284984708
11,4,0.5807874202728271,0.09464072436094284,0.5807874202728271,0.5807874202728271,0.0,0.0017999999690800905
11,5,0.5250582695007324,0.13482338190078735,0.5250582695007324,0.5250582695007324,0.0,0.00039999998989515007
11,6,0.5216581225395203,0.11101725697517395,0.5216581225395203,0.5216581225395203,0.0,0.0010000000474974513
11,7,0.5315039157867432,0.2979346513748169,0.5315039157867432,0.5315039157867432,0.0,0.0
11,8,0.5629260540008545,0.03329526260495186,0.5629260540008545,0.5629260540008545,0.0,0.04639999940991402
11,9,0.6360602378845215,0.041706062853336334,0.6360602378845215,0.6360602378845215,0.0,0.030500000342726707
11,10,0.6069388389587402,0.016317512840032578,0.6069388389587402,0.6069388389587402,0.0,0.1914999932050705
11,11,0.6698188781738281,-0.0010862573981285095,0.6698188781738281,0.6698188781738281,0.0,0.9462000131607056
11,12,0.5657162666320801,0.0350223034620285,0.5657162666320801,0.5657162666320801,0.0,0.04170000180602074
11,13,0.5666035413742065,0.2087460607290268,0.5666035413742065,0.5666035413742065,0.0,0.0
11,14,0.5369764566421509,0.16053251922130585,0.5369764566421509,0.5369764566421509,0.0,0.0
11,15,0.5423184633255005,0.18445417284965515,0.5423184633255005,0.5423184633255005,0.0,0.0
11,16,0.530693769454956,0.12233749032020569,0.530693769454956,0.530693769454956,0.0,0.00039999998989515007
11,17,0.5236597061157227,0.17344102263450623,0.5236597061157227,0.5236597061157227,0.0,9.999999747378752e-05
11,18,0.5268768072128296,0.07078670710325241,0.5268768072128296,0.5268768072128296,0.0,0.007600000128149986
11,19,0.5936055183410645,0.1683378964662552,0.5936055183410645,0.5936055183410645,0.0,0.0
11,20,0.5345736742019653,0.06091148406267166,0.5345736742019653,0.5345736742019653,0.0,0.010099999606609344
11,21,0.5168001055717468,0.1600193977355957,0.5168001055717468,0.5168001055717468,0.0,9.999999747378752e-05
11,22,0.5180662274360657,0.21941059827804565,0.5180662274360657,0.5180662274360657,0.0,0.0
11,23,0.5733904242515564,0.09257161617279053,0.5733904242515564,0.5733904242515564,0.0,0.002099999925121665
11,24,0.5120857954025269,0.25845593214035034,0.5120857954025269,0.5120857954025269,0.0,0.0
11,25,0.4376569390296936,0.27996960282325745,0.4376569390296936,0.4376569390296936,0.0,0.0
11,26,0.5283540487289429,0.2699292302131653,0.5283540487289429,0.5283540487289429,0.0,0.0
11,27,0.4966385066509247,0.12813860177993774,0.4966385066509247,0.4966385066509247,0.0,0.0003000000142492354
12,0,0.5533298850059509,0.15431085228919983,0.5533298850059509,0.5533298850059509,0.0,0.0003000000142492354
12,1,0.6004537343978882,0.16403692960739136,0.6004537343978882,0.6004537343978882,0.0,0.00019999999494757503
12,2,0.6012594699859619,0.02654523029923439,0.6012594699859619,0.6012594699859619,0.0,0.07400000095367432
12,3,0.5561737418174744,0.18293112516403198,0.5561737418174744,0.5561737418174744,0.0,0.0
12,4,0.6113759875297546,0.01983894407749176,0.6113759875297546,0.6113759875297546,0.0,0.11640000343322754
12,5,0.5446532964706421,0.17337441444396973,0.5446532964706421,0.5446532964706421,0.0,9.999999747378752e-05
12,6,0.6726074814796448,0.023821435868740082,0.6726074814796448,0.6726074814796448,0.0,0.08259999752044678
12,7,0.3669455349445343,0.1300925314426422,0.3669455349445343,0.3669455349445343,0.0,0.0
12,8,0.6169742345809937,0.04702216386795044,0.6169742345809937,0.6169742345809937,0.0,0.0215000007301569
12,9,0.528045117855072,0.12689171731472015,0.528045117855072,0.528045117855072,0.0,0.0005000000237487257
12,10,0.5042960047721863,0.20788943767547607,0.5042960047721863,0.5042960047721863,0.0,0.0
12,11,0.4651317894458771,0.1901221126317978,0.4651317894458771,0.4651317894458771,0.0,0.0
12,12,0.6114835739135742,0.05929647013545036,0.6114835739135742,0.6114835739135742,0.0,0.013299999758601189
12,13,0.5387300252914429,0.13559602200984955,0.5387300252914429,0.5387300252914429,0.0,0.00019999999494757503
12,14,0.5469847917556763,0.1834917813539505,0.5469847917556763,0.5469847917556763,0.0,0.0
12,15,0.5678814649581909,0.06751544028520584,0.5678814649581909,0.5678814649581909,0.0,0.00800000037997961
12,16,0.42235612869262695,0.02367258444428444,0.42235612869262695,0.42235612869262695,0.0,0.07919999957084656
12,17,0.5448111295700073,0.17125287652015686,0.5448111295700073,0.5448111295700073,0.0,9.999999747378752e-05
12,18,0.568870484828949,0.11331430077552795,0.568870484828949,0.568870484828949,0.0,0.0005000000237487257
12,19,0.6164892911911011,0.0017138868570327759,0.6164892911911011,0.6164892911911011,0.0,0.9132000207901001
12,20,0.5327376127243042,0.17142045497894287,0.5327376127243042,0.5327376127243042,0.0,0.0
12,21,0.4935568571090698,0.07962943613529205,0.4935568571090698,0.4935568571090698,0.0,0.003800000064074993
12,22,0.5978460311889648,0.03968757763504982,0.5978460311889648,0.5978460311889648,0.0,0.03790000081062317
12,23,0.5407920479774475,0.2202713042497635,0.5407920479774475,0.5407920479774475,0.0,0.0
12,24,0.5466233491897583,0.08046729117631912,0.5466233491897583,0.5466233491897583,0.0,0.003800000064074993
12,25,0.5285407900810242,0.13623923063278198,0.5285407900810242,0.5285407900810242,0.0,0.0003000000142492354
12,26,0.5484464168548584,0.18186220526695251,0.5484464168548584,0.5484464168548584,0.0,0.0
12,27,0.5373693108558655,0.050555385649204254,0.5373693108558655,0.5373693108558655,0.0,0.0203000009059906
13,0,0.610043466091156,0.11960221081972122,0.610043466091156,0.610043466091156,0.0,0.00039999998989515007
13,1,0.5380871295928955,0.1906549632549286,0.5380871295928955,0.5380871295928955,0.0,0.0
13,2,0.5686883926391602,0.1173342764377594,0.5686883926391602,0.5686883926391602,0.0,0.0005000000237487257
13,3,0.6328146457672119,0.003888476639986038,0.6328146457672119,0.6328146457672119,0.0,0.8101000189781189
13,4,0.6330376863479614,0.07724077999591827,0.6330376863479614,0.6330376863479614,0.0,0.004000000189989805
13,5,0.6431861519813538,0.11319531500339508,0.6431861519813538,0.6431861519813538,0.0,0.000699999975040555
13,6,0.601489245891571,0.03790362924337387,0.601489245891571,0.601489245891571,0.0,0.0406000018119812
13,7,0.5764464139938354,0.1541370451450348,0.5764464139938354,0.5764464139938354,0.0,0.00019999999494757503
13,8,0.49297723174095154,0.14128166437149048,0.49297723174095154,0.49297723174095154,0.0,9.999999747378752e-05
13,9,0.562882661819458,0.22846601903438568,0.562882661819458,0.562882661819458,0.0,0.0
13,10,0.5338001251220703,0.28369295597076416,0.5338001251220703,0.5338001251220703,0.0,0.0
13,11,0.6152900457382202,0.0750911682844162,0.6152900457382202,0.6152900457382202,0.0,0.005200000014156103
13,12,0.5847840309143066,0.1414107233285904,0.5847840309143066,0.5847840309143066,0.0,0.00019999999494757503
13,13,0.5508590936660767,0.08564464747905731,0.5508590936660767,0.5508590936660767,0.0,0.003100000089034438
13,14,0.6278036832809448,0.014749694615602493,0.6278036832809448,0.6278036832809448,0.0,0.25999999046325684
13,15,0.5888690948486328,0.1369837522506714,0.5888690948486328,0.5888690948486328,0.0,0.0003000000142492354
13,16,0.575270414352417,0.07462729513645172,0.575270414352417,0.575270414352417,0.0,0.005100000184029341
13,17,0.3653554320335388,0.002673853188753128,0.3653554320335388,0.3653554320335388,0.0,0.8521000146865845
13,18,0.5467648506164551,0.140079528093338,0.5467648506164551,0.5467648506164551,0.0,0.00019999999494757503
13,19,0.5378680229187012,0.19252118468284607,0.5378680229187012,0.5378680229187012,0.0,0.0
13,20,0.5094720125198364,0.23987264931201935,0.5094720125198364,0.5094720125198364,0.0,0.0
13,21,0.6027845740318298,0.07995280623435974,0.6027845740318298,0.6027845740318298,0.0,0.004100000020116568
13,22,0.3615722060203552,0.006264998111873865,0.3615722060203552,0.3615722060203552,0.0,0.6632000207901001
13,23,0.5126669406890869,0.08863870799541473,0.5126669406890869,0.5126669406890869,0.0,0.0017999999690800905
13,24,0.605477511882782,0.037794698029756546,0.605477511882782,0.605477511882782,0.0,0.039500001817941666
13,25,0.5456607341766357,0.15925991535186768,0.5456607341766357,0.5456607341766357,0.0,0.00019999999494757503
13,26,0.5572195649147034,0.01339351199567318,0.5572195649147034,0.5572195649147034,0.0,0.30390000343322754
13,27,0.45528125762939453,-0.0033458732068538666,0.45528125762939453,0.45528125762939453,0.0,0.8271999955177307
14,0,0.09312701970338821,-0.00939611904323101,0.09312701970338821,0.09312701970338821,0.0,0.4383000135421753
14,1,0.46957218647003174,0.06485197693109512,0.46957218647003174,0.46957218647003174,0.0,0.006399999838322401
14,2,0.4236661493778229,0.027870193123817444,0.4236661493778229,0.4236661493778229,0.0,0.05979999899864197
14,3,0.5310971736907959,0.13890548050403595,0.5310971736907959,0.5310971736907959,0.0,0.0003000000142492354
14,4,0.4924352765083313,-0.014843659475445747,0.4924352765083313,0.4924352765083313,0.0,0.22840000689029694
14,5,0.49503862857818604,-0.01544124260544777,0.49503862857818604,0.49503862857818604,0.0,0.17880000174045563
14,6,0.5228127241134644,0.016165224835276604,0.5228127241134644,0.5228127241134644,0.0,0.19179999828338623
14,7,0.20046597719192505,0.20625680685043335,0.20625680685043335,0.20625680685043335,0.0,0.0
14,8,0.10532555729150772,0.06726877391338348,0.10532555729150772,0.10532555729150772,0.0,0.00279999990016222
14,9,0.5717146992683411,0.19458411633968353,0.5717146992683411,0.5717146992683411,0.0,0.0
14,10,0.6395844221115112,0.054108377546072006,0.6395844221115112,0.6395844221115112,0.0,0.017100000753998756
14,11,0.6425801515579224,0.1411411166191101,0.6425801515579224,0.6425801515579224,0.0,0.0003000000142492354
14,12,0.5497461557388306,0.05638982728123665,0.5497461557388306,0.5497461557388306,0.0,0.012900000438094139
14,13,0.5551155805587769,0.20612666010856628,0.5551155805587769,0.5551155805587769,0.0,0.0
14,14,0.5753631591796875,0.09630778431892395,0.5753631591796875,0.5753631591796875,0.0,0.0017000000225380063
14,15,0.5681465268135071,0.07615174353122711,0.5681465268135071,0.5681465268135071,0.0,0.005100000184029341
14,16,0.7352311611175537,0.0029219016432762146,0.7352311611175537,0.7352311611175537,0.0,0.8676999807357788
14,17,0.5394625663757324,0.21383735537528992,0.5394625663757324,0.5394625663757324,0.0,0.0
14,18,0.5923970937728882,0.0914277508854866,0.5923970937728882,0.5923970937728882,0.0,0.0017000000225380063
14,19,0.6621354818344116,0.02478974312543869,0.6621354818344116,0.6621354818344116,0.0,0.07000000029802322
14,20,0.6000289916992188,0.09999539703130722,0.6000289916992188,0.6000289916992188,0.0,0.0010999999940395355
14,21,0.5335952043533325,0.11895480006933212,0.5335952043533325,0.5335952043533325,0.0,0.000699999975040555
14,22,0.48047614097595215,-0.005258881486952305,0.48047614097595215,0.48047614097595215,0.0,0.7175999879837036
14,23,0.6183780431747437,0.028896428644657135,0.6183780431747437,0.6183780431747437,0.0,0.06509999930858612
14,24,0.5290892124176025,0.032388702034950256,0.5290892124176025,0.5290892124176025,0.0,0.04450000077486038
14,25,0.5789549946784973,0.13626492023468018,0.5789549946784973,0.5789549946784973,0.0,0.00019999999494757503
14,26,0.5532386302947998,0.0976327508687973,0.5532386302947998,0.5532386302947998,0.0,0.0010999999940395355
14,27,0.5211418867111206,0.047542229294776917,0.5211418867111206,0.5211418867111206,0.0,0.021299999207258224
15,0,0.6776815056800842,0.08469647169113159,0.6776815056800842,0.6776815056800842,0.0,0.0035000001080334187
15,1,0.67174232006073,-0.005797339603304863,0.67174232006073,0.67174232006073,0.0,0.7053999900817871
15,2,0.6398189067840576,0.0775679424405098,0.6398189067840576,0.6398189067840576,0.0,0.004699999932199717
15,3,0.705811619758606,0.11473917961120605,0.705811619758606,0.705811619758606,0.0,0.000699999975040555
15,4,0.5567116737365723,-0.006951242685317993,0.5567116737365723,0.5567116737365723,0.0,0.6416000127792358
15,5,0.5556988716125488,0.061005134135484695,0.5556988716125488,0.5556988716125488,0.0,0.013000000268220901
15,6,0.6398845911026001,0.10112117230892181,0.6398845911026001,0.6398845911026001,0.0,0.0008999999845400453
15,7,0.6452350616455078,0.030687320977449417,0.6452350616455078,0.6452350616455078,0.0,0.05950000137090683
15,8,0.5398139953613281,0.06846156716346741,0.5398139953613281,0.5398139953613281,0.0,0.005499999970197678
15,9,0.5739103555679321,0.1140071451663971,0.5739103555679321,0.5739103555679321,0.0,0.0005000000237487257
15,10,0.6190201044082642,0.2277332991361618,0.6190201044082642,0.6190201044082642,0.0,0.0
15,11,0.5587581396102905,0.08508329093456268,0.5587581396102905,0.5587581396102905,0.0,0.00279999990016222
15,12,0.5945374965667725,0.14135342836380005,0.5945374965667725,0.5945374965667725,0.0,0.0003000000142492354
15,13,0.6157063245773315,0.17179858684539795,0.6157063245773315,0.6157063245773315,0.0,9.999999747378752e-05
15,14,0.6299844980239868,0.08706849068403244,0.6299844980239868,0.6299844980239868,0.0,0.002899999963119626
15,15,0.40621113777160645,0.1115858405828476,0.40621113777160645,0.40621113777160645,0.0,0.00019999999494757503
15,16,0.6106227040290833,0.1675867736339569,0.6106227040290833,0.6106227040290833,0.0,9.999999747378752e-05
15,17,0.6308541297912598,0.13129951059818268,0.6308541297912598,0.6308541297912598,0.0,0.0003000000142492354
15,18,0.5204043984413147,0.006019711494445801,0.5204043984413147,0.5204043984413147,0.0,0.6665999889373779
15,19,0.6238382458686829,0.08487723767757416,0.6238382458686829,0.6238382458686829,0.0,0.003100000089034438
15,20,0.5344364643096924,0.042175110429525375,0.5344364643096924,0.5344364643096924,0.0,0.025200000032782555
15,21,0.6348029971122742,0.13220471143722534,0.6348029971122742,0.6348029971122742,0.0,0.00019999999494757503
15,22,0.6682422161102295,0.09695132821798325,0.6682422161102295,0.6682422161102295,0.0,0.0010000000474974513
15,23,0.609140157699585,0.10760542750358582,0.609140157699585,0.609140157699585,0.0,0.0008999999845400453
15,24,0.6799390316009521,0.02558872289955616,0.6799390316009521,0.6799390316009521,0.0,0.0820000022649765
15,25,0.5948799848556519,-0.00539904460310936,0.5948799848556519,0.5948799848556519,0.0,0.7207000255584717
15,26,0.5985794067382812,0.12475597113370895,0.5985794067382812,0.5985794067382812,0.0,0.0003000000142492354
15,27,0.6337024569511414,0.17446720600128174,0.6337024569511414,0.6337024569511414,0.0,0.0
16,0,0.7215152382850647,0.022763265296816826,0.7215152382850647,0.7215152382850647,0.0,0.07940000295639038
16,1,0.7376629710197449,0.05195876210927963,0.7376629710197449,0.7376629710197449,0.0,0.014000000432133675
16,2,0.7328804731369019,0.07131335139274597,0.7328804731369019,0.7328804731369019,0.0,0.006800000090152025
16,3,0.7090915441513062,0.09247133135795593,0.7090915441513062,0.7090915441513062,0.0,0.002199999988079071
16,4,0.7276768684387207,0.02853422611951828,0.7276768684387207,0.7276768684387207,0.0,0.06669999659061432
16,5,0.7332888245582581,0.08927326649427414,0.7332888245582581,0.7332888245582581,0.0,0.002300000051036477
16,6,0.6467933654785156,0.29093417525291443,0.6467933654785156,0.6467933654785156,0.0,0.0
16,7,0.5978871583938599,0.2687455415725708,0.5978871583938599,0.5978871583938599,0.0,0.0
16,8,0.6018297076225281,0.21621909737586975,0.6018297076225281,0.6018297076225281,0.0,0.0
16,9,0.6391943097114563,0.11235538125038147,0.6391943097114563,0.6391943097114563,0.0,0.0006000000284984708
16,10,0.6178512573242188,0.2352849841117859,0.6178512573242188,0.6178512573242188,0.0,0.0
16,11,0.6473141312599182,0.10915657877922058,0.6473141312599182,0.6473141312599182,0.0,0.0007999999797903001
16,12,0.5930373072624207,0.12587204575538635,0.5930373072624207,0.5930373072624207,0.0,0.0005000000237487257
16,13,0.5848263502120972,0.15489761531352997,0.5848263502120972,0.5848263502120972,0.0,0.0
16,14,0.6287908554077148,0.1626196801662445,0.6287908554077148,0.6287908554077148,0.0,0.00019999999494757503
16,15,0.6800788044929504,0.08386658877134323,0.6800788044929504,0.6800788044929504,0.0,0.0038999998942017555
16,16,0.6899338960647583,0.1938270926475525,0.6899338960647583,0.6899338960647583,0.0,0.0
16,17,0.5949384570121765,0.048260051757097244,0.5949384570121765,0.5949384570121765,0.0,0.025699999183416367
16,18,0.7160062193870544,0.028264977037906647,0.7160062193870544,0.7160062193870544,0.0,0.06870000064373016
16,19,0.6506223678588867,0.113625168800354,0.6506223678588867,0.6506223678588867,0.0,0.0005000000237487257
16,20,0.6892862915992737,0.1533852368593216,0.6892862915992737,0.6892862915992737,0.0,0.00019999999494757503
16,21,0.6990078091621399,0.12715363502502441,0.6990078091621399,0.6990078091621399,0.0,0.0003000000142492354
16,22,0.659478485584259,0.1469603180885315,0.659478485584259,0.659478485584259,0.0,0.00019999999494757503
16,23,0.6337676048278809,0.2213509976863861,0.6337676048278809,0.6337676048278809,0.0,0.0
16,24,0.726909875869751,0.11048364639282227,0.726909875869751,0.726909875869751,0.0,0.0005000000237487257
16,25,0.716839075088501,0.12764349579811096,0.716839075088501,0.716839075088501,0.0,0.00019999999494757503
16,26,0.6396749019622803,0.09157730638980865,0.6396749019622803,0.6396749019622803,0.0,0.002300000051036477
16,27,0.7233415246009827,0.06237415969371796,0.7233415246009827,0.7233415246009827,0.0,0.010900000110268593
17,0,0.7316005229949951,0.10433974117040634,0.7316005229949951,0.7316005229949951,0.0,0.0005000000237487257
17,1,0.6279458999633789,0.15153536200523376,0.6279458999633789,0.6279458999633789,0.0,0.0
17,2,0.7083004713058472,0.09333764761686325,0.7083004713058472,0.7083004713058472,0.0,0.0015999999595806003
17,3,0.6692287921905518,0.10520394146442413,0.6692287921905518,0.6692287921905518,0.0,0.0008999999845400453
17,4,0.730353832244873,0.07070620357990265,0.730353832244873,0.730353832244873,0.0,0.0066999997943639755
17,5,0.7170842885971069,0.11122468113899231,0.7170842885971069,0.7170842885971069,0.0,0.0006000000284984708
17,6,0.688011646270752,0.1266082376241684,0.688011646270752,0.688011646270752,0.0,0.0005000000237487257
17,7,0.6297072172164917,0.11023524403572083,0.6297072172164917,0.6297072172164917,0.0,0.0003000000142492354
17,8,0.49352723360061646,0.06330915540456772,0.49352723360061646,0.49352723360061646,0.0,0.006000000052154064
17,9,0.6650238037109375,0.13683317601680756,0.6650238037109375,0.6650238037109375,0.0,0.00019999999494757503
17,10,0.49837350845336914,-0.0071059465408325195,0.49837350845336914,0.49837350845336914,0.0,0.6154999732971191
17,11,0.5965017080307007,0.18744856119155884,0.5965017080307007,0.5965017080307007,0.0,0.0
17,12,0.5907590985298157,0.037761375308036804,0.5907590985298157,0.5907590985298157,0.0,0.03869999945163727
17,13,0.6435562968254089,0.09117726236581802,0.6435562968254089,0.6435562968254089,0.0,0.0027000000700354576
17,14,0.6647170186042786,0.07702220976352692,0.6647170186042786,0.6647170186042786,0.0,0.00559999980032444
17,15,0.7027971744537354,0.09378242492675781,0.7027971744537354,0.7027971744537354,0.0,0.0017999999690800905
17,16,0.6461514234542847,0.1411411166191101,0.6461514234542847,0.6461514234542847,0.0,0.00019999999494757503
17,17,0.6668896079063416,0.10517271608114243,0.6668896079063416,0.6668896079063416,0.0,0.000699999975040555
17,18,0.6397949457168579,0.0772886574268341,0.6397949457168579,0.6397949457168579,0.0,0.0044999998062849045
17,19,0.6479159593582153,0.08700048178434372,0.6479159593582153,0.6479159593582153,0.0,0.002199999988079071
17,20,0.5818240642547607,0.17125946283340454,0.5818240642547607,0.5818240642547607,0.0,0.0
17,21,0.7381362915039062,0.06609926372766495,0.7381362915039062,0.7381362915039062,0.0,0.006599999964237213
17,22,0.7143943309783936,0.06361410766839981,0.7143943309783936,0.7143943309783936,0.0,0.008899999782443047
17,23,0.7166339159011841,0.2985643744468689,0.7166339159011841,0.7166339159011841,0.0,0.0
17,24,0.7118638753890991,0.09886126220226288,0.7118638753890991,0.7118638753890991,0.0,0.0013000000035390258
17,25,0.7297862768173218,0.09360305964946747,0.7297862768173218,0.7297862768173218,0.0,0.0010999999940395355
17,26,0.6769719123840332,0.09137570858001709,0.6769719123840332,0.6769719123840332,0.0,0.0019000000320374966
17,27,0.7376606464385986,0.10456002503633499,0.7376606464385986,0.7376606464385986,0.0,0.000699999975040555
18,0,0.7397287487983704,0.07173937559127808,0.7397287487983704,0.7397287487983704,0.0,0.006899999920278788
18,1,0.5762410163879395,0.2487899214029312,0.5762410163879395,0.5762410163879395,0.0,0.0
18,2,0.5935310125350952,0.31300288438796997,0.5935310125350952,0.5935310125350952,0.0,0.0
18,3,0.5211957693099976,0.16163679957389832,0.5211957693099976,0.5211957693099976,0.0,0.0
18,4,0.6604679226875305,0.19163720309734344,0.6604679226875305,0.6604679226875305,0.0,0.0
18,5,0.7265794277191162,0.10900429636240005,0.7265794277191162,0.7265794277191162,0.0,0.0010000000474974513
18,6,0.6950857639312744,0.10065281391143799,0.6950857639312744,0.6950857639312744,0.0,0.00139999995008111
18,7,0.7389041185379028,0.115249864757061,0.7389041185379028,0.7389041185379028,0.0,0.0005000000237487257
18,8,0.7009403705596924,0.1446736752986908,0.7009403705596924,0.7009403705596924,0.0,0.0
18,9,0.7365866899490356,0.1290527731180191,0.7365866899490356,0.7365866899490356,0.0,0.0003000000142492354
18,10,0.6827333569526672,0.0928134098649025,0.6827333569526672,0.6827333569526672,0.0,0.002099999925121665
18,11,0.6605539321899414,0.0720381885766983,0.6605539321899414,0.6605539321899414,0.0,0.004000000189989805
18,12,0.7001734972000122,0.11421322077512741,0.7001734972000122,0.7001734972000122,0.0,0.000699999975040555
18,13,0.6893885135650635,0.18124708533287048,0.6893885135650635,0.6893885135650635,0.0,0.0
18,14,0.6981807351112366,0.10530039668083191,0.6981807351112366,0.6981807351112366,0.0,0.0010000000474974513
18,15,0.7228366136550903,0.08313871920108795,0.7228366136550903,0.7228366136550903,0.0,0.003800000064074993
18,16,0.6739063262939453,0.1373109221458435,0.6739063262939453,0.6739063262939453,0.0,0.0003000000142492354
18,17,0.7388473749160767,0.08611544966697693,0.7388473749160767,0.7388473749160767,0.0,0.0031999999191612005
18,18,0.7199933528900146,0.08359044045209885,0.7199933528900146,0.7199933528900146,0.0,0.00279999990016222
18,19,0.7395241260528564,0.01457139104604721,0.7395241260528564,0.7395241260528564,0.0,0.3012000024318695
18,20,0.7082246541976929,0.07020524144172668,0.7082246541976929,0.7082246541976929,0.0,0.007300000172108412
18,21,0.5266949534416199,0.6077336072921753,0.6077336072921753,0.6077336072921753,0.0,0.0
18,22,0.6061264276504517,0.43907681107521057,0.6061264276504517,0.6061264276504517,0.0,0.0
18,23,0.7163472175598145,0.16681624948978424,0.7163472175598145,0.7163472175598145,0.0,0.0
18,24,0.6901627779006958,0.28113460540771484,0.6901627779006958,0.6901627779006958,0.0,0.0
18,25,0.7283365726470947,0.13787990808486938,0.7283365726470947,0.7283365726470947,0.0,0.00019999999494757503
18,26,0.7062172889709473,0.10101396590471268,0.7062172889709473,0.7062172889709473,0.0,0.0005000000237487257
18,27,0.6626214981079102,0.34221845865249634,0.6626214981079102,0.6626214981079102,0.0,0.0
19,0,0.7378286719322205,0.10954828560352325,0.7378286719322205,0.7378286719322205,0.0,0.000699999975040555
19,1,0.5213476419448853,0.11136972904205322,0.5213476419448853,0.5213476419448853,0.0,0.0005000000237487257
19,2,0.7333862781524658,0.11463059484958649,0.7333862781524658,0.7333862781524658,0.0,0.0006000000284984708
19,3,0.6328952312469482,0.04156968370079994,0.6328952312469482,0.6328952312469482,0.0,0.03229999914765358
19,4,0.6974307298660278,0.09217782318592072,0.6974307298660278,0.6974307298660278,0.0,0.002099999925121665
19,5,0.6092110872268677,0.1171472817659378,0.6092110872268677,0.6092110872268677,0.0,0.0003000000142492354
19,6,0.571481466293335,0.14311246573925018,0.571481466293335,0.571481466293335,0.0,0.00019999999494757503
19,7,0.6842290759086609,0.10732513666152954,0.6842290759086609,0.6842290759086609,0.0,0.00019999999494757503
19,8,0.6982362866401672,0.0450238399207592,0.6982362866401672,0.6982362866401672,0.0,0.02290000021457672
19,9,0.6737297177314758,0.10565704107284546,0.6737297177314758,0.6737297177314758,0.0,0.0010999999940395355
19,10,0.7163560390472412,0.14370255172252655,0.7163560390472412,0.7163560390472412,0.0,0.00019999999494757503
19,11,0.7224913239479065,0.11136312037706375,0.7224913239479065,0.7224913239479065,0.0,0.0008999999845400453
19,12,0.5985318422317505,0.213736429810524,0.5985318422317505,0.5985318422317505,0.0,0.0
19,13,0.662849485874176,0.15101219713687897,0.662849485874176,0.662849485874176,0.0,0.00019999999494757503
19,14,0.6126195192337036,0.19736650586128235,0.6126195192337036,0.6126195192337036,0.0,0.0
19,15,0.7089494466781616,0.09140001237392426,0.7089494466781616,0.7089494466781616,0.0,0.0015999999595806003
19,16,0.6685653924942017,0.17475590109825134,0.6685653924942017,0.6685653924942017,0.0,0.0
19,17,0.713226318359375,0.05362926051020622,0.713226318359375,0.713226318359375,0.0,0.01759999990463257
19,18,0.61770099401474,0.14422330260276794,0.61770099401474,0.61770099401474,0.0,0.0003000000142492354
19,19,0.7016181945800781,0.13152125477790833,0.7016181945800781,0.7016181945800781,0.0,0.0003000000142492354
19,20,0.6407850384712219,0.2390635907649994,0.6407850384712219,0.6407850384712219,0.0,0.0
19,21,0.6638063192367554,0.15062639117240906,0.6638063192367554,0.6638063192367554,0.0,0.0
19,22,0.7397377490997314,0.022203996777534485,0.7397377490997314,0.7397377490997314,0.0,0.08969999849796295
19,23,0.6926977634429932,0.1631598174571991,0.6926977634429932,0.6926977634429932,0.0,0.0
19,24,0.700615644454956,0.0019171833992004395,0.700615644454956,0.700615644454956,0.0,0.9042999744415283
19,25,0.6712391376495361,0.11539002507925034,0.6712391376495361,0.6712391376495361,0.0,0.00039999998989515007
19,26,0.7247895002365112,0.04936712607741356,0.7247895002365112,0.7247895002365112,0.0,0.022099999710917473
19,27,0.6443610191345215,0.23587721586227417,0.6443610191345215,0.6443610191345215,0.0,0.0
20,0,0.7305810451507568,0.07688203454017639,0.7305810451507568,0.7305810451507568,0.0,0.0031999999191612005
20,1,0.7380161285400391,0.0732586532831192,0.7380161285400391,0.7380161285400391,0.0,0.004999999888241291
20,2,0.7392937541007996,0.05467945337295532,0.7392937541007996,0.7392937541007996,0.0,0.015300000086426735
20,3,0.7339065074920654,0.05070212483406067,0.7339065074920654,0.7339065074920654,0.0,0.013199999928474426
20,4,0.7004826068878174,0.026472710072994232,0.7004826068878174,0.7004826068878174,0.0,0.06350000202655792
20,5,0.7396044731140137,0.02329893968999386,0.7396044731140137,0.7396044731140137,0.0,0.0892999991774559
20,6,0.7356030941009521,0.05649702996015549,0.7356030941009521,0.7356030941009521,0.0,0.010400000028312206
20,7,0.6209889650344849,0.28912413120269775,0.6209889650344849,0.6209889650344849,0.0,0.0
20,8,0.5914632678031921,0.10233406722545624,0.5914632678031921,0.5914632678031921,0.0,0.001500000013038516
20,9,0.6094692945480347,0.18298524618148804,0.6094692945480347,0.6094692945480347,0.0,0.0
20,10,0.6262062788009644,0.14930734038352966,0.6262062788009644,0.6262062788009644,0.0,0.0003000000142492354
20,11,0.6299519538879395,0.08041907846927643,0.6299519538879395,0.6299519538879395,0.0,0.002400000113993883
20,12,0.5459511280059814,0.13695186376571655,0.5459511280059814,0.5459511280059814,0.0,0.0003000000142492354
20,13,0.6628587245941162,0.0795062929391861,0.6628587245941162,0.6628587245941162,0.0,0.00419999985024333
20,14,0.6852301955223083,0.13933531939983368,0.6852301955223083,0.6852301955223083,0.0,0.00019999999494757503
20,15,0.6290912628173828,0.17497581243515015,0.6290912628173828,0.6290912628173828,0.0,9.999999747378752e-05
20,16,0.6148661375045776,0.17269301414489746,0.6148661375045776,0.6148661375045776,0.0,9.999999747378752e-05
20,17,0.6280335187911987,0.14900755882263184,0.6280335187911987,0.6280335187911987,0.0,9.999999747378752e-05
20,18,0.607458770275116,0.11791611462831497,0.607458770275116,0.607458770275116,0.0,0.0006000000284984708
20,19,0.6905775666236877,0.05387592315673828,0.6905775666236877,0.6905775666236877,0.0,0.016200000420212746
20,20,0.5623160600662231,0.31388652324676514,0.5623160600662231,0.5623160600662231,0.0,0.0
20,21,0.656488299369812,0.22726690769195557,0.656488299369812,0.656488299369812,0.0,0.0
20,22,0.7026951909065247,0.15359759330749512,0.7026951909065247,0.7026951909065247,0.0,9.999999747378752e-05
20,23,0.7366427779197693,0.022054824978113174,0.7366427779197693,0.7366427779197693,0.0,0.09969999641180038
20,24,0.6448582410812378,0.1115841269493103,0.6448582410812378,0.6448582410812378,0.0,0.000699999975040555
20,25,0.6788032650947571,0.2264094054698944,0.6788032650947571,0.6788032650947571,0.0,0.0
20,26,0.7211109399795532,0.10274761915206909,0.7211109399795532,0.7211109399795532,0.0,0.00039999998989515007
20,27,0.7397384643554688,0.07078772038221359,0.7397384643554688,0.7397384643554688,0.0,0.005799999926239252
21,0,0.500702977180481,0.09552958607673645,0.500702977180481,0.500702977180481,0.0,0.00019999999494757503
21,1,0.6192476749420166,0.12311045825481415,0.6192476749420166,0.6192476749420166,0.0,0.0
21,2,0.5465590953826904,0.25759559869766235,0.5465590953826904,0.5465590953826904,0.0,0.0
21,3,0.554831862449646,0.2706993818283081,0.554831862449646,0.554831862449646,0.0,0.0
21,4,0.35175150632858276,0.17830441892147064,0.35175150632858276,0.35175150632858276,0.0,0.0
21,5,0.5700494647026062,0.2608560025691986,0.5700494647026062,0.5700494647026062,0.0,0.0
21,6,0.7128603458404541,0.14959320425987244,0.7128603458404541,0.7128603458404541,0.0,9.999999747378752e-05
21,7,0.7067083120346069,0.027142662554979324,0.7067083120346069,0.7067083120346069,0.0,0.06960000097751617
21,8,0.7309399247169495,0.026557378470897675,0.7309399247169495,0.7309399247169495,0.0,0.06769999861717224
21,9,0.6799662113189697,0.07855602353811264,0.6799662113189697,0.6799662113189697,0.0,0.00430000014603138
21,10,0.7224575281143188,0.0906134843826294,0.7224575281143188,0.7224575281143188,0.0,0.002899999963119626
21,11,0.7102699875831604,0.05153099447488785,0.7102699875831604,0.7102699875831604,0.0,0.01640000008046627
21,12,0.7117506265640259,0.0860627219080925,0.7117506265640259,0.7117506265640259,0.0,0.002199999988079071
21,13,0.722600519657135,0.053960226476192474,0.722600519657135,0.722600519657135,0.0,0.01899999938905239
21,14,0.7370073199272156,0.06055931746959686,0.7370073199272156,0.7370073199272156,0.0,0.010999999940395355
21,15,0.734704315662384,0.12588976323604584,0.734704315662384,0.734704315662384,0.0,0.00019999999494757503
21,16,0.7322660684585571,0.12721781432628632,0.7322660684585571,0.7322660684585571,0.0,9.999999747378752e-05
21,17,0.7402628660202026,0.046147555112838745,0.7402628660202026,0.7402628660202026,0.0,0.029100000858306885
21,18,0.7376232147216797,0.04230102151632309,0.7376232147216797,0.7376232147216797,0.0,0.027000000700354576
21,19,0.7402459383010864,0.09889940917491913,0.7402459383010864,0.7402459383010864,0.0,0.0010000000474974513
21,20,0.7402629256248474,0.053860653191804886,0.7402629256248474,0.7402629256248474,0.0,0.017999999225139618
21,21,0.4460189640522003,0.34356528520584106,0.4460189640522003,0.4460189640522003,0.0,0.0
21,22,0.49462026357650757,0.05409345030784607,0.49462026357650757,0.49462026357650757,0.0,0.013700000010430813
21,23,0.7223885655403137,0.11584694683551788,0.7223885655403137,0.7223885655403137,0.0,0.0005000000237487257
21,24,0.48402881622314453,0.22745850682258606,0.48402881622314453,0.48402881622314453,0.0,0.0
21,25,0.49619776010513306,0.3412817716598511,0.49619776010513306,0.49619776010513306,0.0,0.0
21,26,0.6990978717803955,0.05563903599977493,0.6990978717803955,0.6990978717803955,0.0,0.01489999983459711
21,27,0.5912744998931885,0.10668744146823883,0.5912744998931885,0.5912744998931885,0.0,0.0006000000284984708
22,0,0.48501425981521606,0.17489539086818695,0.48501425981521606,0.48501425981521606,0.0,0.0
22,1,0.39890676736831665,0.1570524275302887,0.39890676736831665,0.39890676736831665,0.0,0.0
22,2,0.43770161271095276,0.22594375908374786,0.43770161271095276,0.43770161271095276,0.0,0.0
22,3,0.33191531896591187,0.12178270518779755,0.33191531896591187,0.33191531896591187,0.0,9.999999747378752e-05
22,4,0.478599488735199,0.03233111649751663,0.478599488735199,0.478599488735199,0.0,0.04879999905824661
22,5,0.4982602000236511,0.016327902674674988,0.4982602000236511,0.4982602000236511,0.0,0.14830000698566437
22,6,0.6448152661323547,0.006729923188686371,0.6448152661323547,0.6448152661323547,0.0,0.647599995136261
22,7,0.5952045917510986,0.19784599542617798,0.5952045917510986,0.5952045917510986,0.0,0.0
22,8,0.665608286857605,0.17042408883571625,0.665608286857605,0.665608286857605,0.0,0.0
22,9,0.5063552856445312,0.3039134740829468,0.5063552856445312,0.5063552856445312,0.0,0.0
22,10,0.6797269582748413,0.09206537902355194,0.6797269582748413,0.6797269582748413,0.0,0.0008999999845400453
22,11,0.5743567943572998,0.42057397961616516,0.5743567943572998,0.5743567943572998,0.0,0.0
22,12,0.6127153635025024,0.19490638375282288,0.6127153635025024,0.6127153635025024,0.0,0.0
22,13,0.6894989609718323,0.09960713237524033,0.6894989609718323,0.6894989609718323,0.0,0.0005000000237487257
22,14,0.6081150770187378,0.046445224434137344,0.6081150770187378,0.6081150770187378,0.0,0.01769999973475933
22,15,0.4328642189502716,0.009346507489681244,0.4328642189502716,0.4328642189502716,0.0,0.28439998626708984
22,16,0.5685958862304688,0.04611288011074066,0.5685958862304688,0.5685958862304688,0.0,0.007199999876320362
22,17,0.45564156770706177,0.0697927325963974,0.45564156770706177,0.45564156770706177,0.0,0.002899999963119626
22,18,0.5273838043212891,0.18857789039611816,0.5273838043212891,0.5273838043212891,0.0,0.0
22,19,0.17493905127048492,-0.00026297569274902344,0.17493905127048492,0.17493905127048492,0.0,0.9843999743461609
22,20,0.6967034339904785,0.1043553501367569,0.6967034339904785,0.6967034339904785,0.0,0.0008999999845400453
22,21,0.6509467363357544,0.11433327198028564,0.6509467363357544,0.6509467363357544,0.0,0.0007999999797903001
22,22,0.6546707153320312,0.016683541238307953,0.6546707153320312,0.6546707153320312,0.0,0.17350000143051147
22,23,0.7005046606063843,0.08582540601491928,0.7005046606063843,0.7005046606063843,0.0,0.001500000013038516
22,24,0.65667325258255,0.060264430940151215,0.65667325258255,0.65667325258255,0.0,0.010599999688565731
22,25,0.7155307531356812,0.06099507957696915,0.7155307531356812,0.7155307531356812,0.0,0.013000000268220901
22,26,0.6735645532608032,0.02213253453373909,0.6735645532608032,0.6735645532608032,0.0,0.0957999974489212
22,27,0.6695654392242432,0.06297539919614792,0.6695654392242432,0.6695654392242432,0.0,0.0071000000461936
23,0,0.22831997275352478,0.15799331665039062,0.22831997275352478,0.22831997275352478,0.0,0.0
23,1,0.285191148519516,0.07034783065319061,0.285191148519516,0.285191148519516,0.0,9.999999747378752e-05
23,2,0.2963624596595764,0.17509518563747406,0.2963624596595764,0.2963624596595764,0.0,0.0
23,3,0.3212980031967163,0.015647944062948227,0.3212980031967163,0.3212980031967163,0.0,0.15150000154972076
23,4,0.06464232504367828,-0.009251445531845093,0.06464232504367828,0.06464232504367828,0.0007999999797903001,0.517799973487854
23,5,0.2611764073371887,0.20855452120304108,0.2611764073371887,0.2611764073371887,0.0,0.0
23,6,0.26240700483322144,0.013972587883472443,0.26240700483322144,0.26240700483322144,0.0,0.2696000039577484
23,7,0.7316995859146118,0.10916908085346222,0.7316995859146118,0.7316995859146118,0.0,0.000699999975040555
23,8,0.22082887589931488,0.09316383302211761,0.22082887589931488,0.22082887589931488,0.0,0.0
23,9,0.4786067008972168,0.026904329657554626,0.4786067008972168,0.4786067008972168,0.0,0.04479999840259552
23,10,0.6775720119476318,0.051926154643297195,0.6775720119476318,0.6775720119476318,0.0,0.014600000344216824
23,11,0.2767641842365265,0.1372908055782318,0.2767641842365265,0.2767641842365265,0.0,9.999999747378752e-05
23,12,0.35386836528778076,0.12932652235031128,0.35386836528778076,0.35386836528778076,0.0,0.0
23,13,0.45756852626800537,0.23844113945960999,0.45756852626800537,0.45756852626800537,0.0,0.0
23,14,0.4687788486480713,0.21485081315040588,0.4687788486480713,0.4687788486480713,0.0,0.0
23,15,0.3264535069465637,0.21055778861045837,0.3264535069465637,0.3264535069465637,0.0,0.0
23,16,0.5763142108917236,0.2380477488040924,0.5763142108917236,0.5763142108917236,0.0,0.0
23,17,0.279190331697464,0.5415709018707275,0.5415709018707275,0.5415709018707275,0.0,0.0
23,18,0.571141242980957,0.02937590330839157,0.571141242980957,0.571141242980957,0.0,0.04520000144839287
23,19,0.2191389501094818,0.4494200646877289,0.4494200646877289,0.4494200646877289,0.0,0.0
23,20,0.5101151466369629,0.15026350319385529,0.5101151466369629,0.5101151466369629,0.0,0.0
23,21,0.6797412037849426,0.06800740957260132,0.6797412037849426,0.6797412037849426,0.0,0.004000000189989805
23,22,0.6914250254631042,0.048622965812683105,0.6914250254631042,0.6914250254631042,0.0,0.01209999993443489
23,23,0.6686387062072754,0.04162764549255371,0.6686387062072754,0.6686387062072754,0.0,0.021800000220537186
23,24,0.7033553123474121,0.05619973689317703,0.7033553123474121,0.7033553123474121,0.0,0.00989999994635582
23,25,0.6687464714050293,0.08441014587879181,0.6687464714050293,0.6687464714050293,0.0,0.0010000000474974513
23,26,0.6431224942207336,0.04173655062913895,0.6431224942207336,0.6431224942207336,0.0,0.027699999511241913
23,27,0.6731246709823608,0.0677163153886795,0.6731246709823608,0.6731246709823608,0.0,0.004600000102072954
24,0,0.6429929733276367,0.07314689457416534,0.6429929733276367,0.6429929733276367,0.0,0.0034000000450760126
24,1,0.49117499589920044,0.06211399286985397,0.49117499589920044,0.49117499589920044,0.0,0.0038999998942017555
24,2,0.6478607058525085,0.07232709228992462,0.6478607058525085,0.6478607058525085,0.0,0.006200000178068876
24,3,0.5489934682846069,0.10935749858617783,0.5489934682846069,0.5489934682846069,0.0,0.0003000000142492354
24,4,0.6505653262138367,0.07394729554653168,0.6505653262138367,0.6505653262138367,0.0,0.006500000134110451
24,5,0.6693217754364014,0.06018394976854324,0.6693217754364014,0.6693217754364014,0.0,0.013399999588727951
24,6,0.4592941999435425,0.13198056817054749,0.4592941999435425,0.4592941999435425,0.0,9.999999747378752e-05
24,7,0.5622249245643616,0.1353716254234314,0.5622249245643616,0.5622249245643616,0.0,0.0
24,8,0.3751366138458252,0.14725206792354584,0.3751366138458252,0.3751366138458252,0.0,0.0
24,9,0.11444690823554993,-0.008738666772842407,0.11444690823554993,0.11444690823554993,0.0,0.46389999985694885
24,10,0.46638908982276917,0.10480153560638428,0.46638908982276917,0.46638908982276917,0.0,0.0003000000142492354
24,11,0.21197982132434845,0.039709076285362244,0.21197982132434845,0.21197982132434845,0.0,0.012299999594688416
24,12,0.6017428636550903,0.016663048416376114,0.6017428636550903,0.6017428636550903,0.0,0.1485999971628189
24,13,0.17621585726737976,0.010040019638836384,0.17621585726737976,0.17621585726737976,0.0,0.40689998865127563
24,14,0.24277296662330627,0.15659649670124054,0.24277296662330627,0.24277296662330627,0.0,0.0
24,15,0.5417770147323608,0.20907601714134216,0.5417770147323608,0.5417770147323608,0.0,0.0
24,16,0.6520839333534241,0.20473027229309082,0.6520839333534241,0.6520839333534241,0.0,0.0
24,17,0.37337133288383484,0.20642156898975372,0.37337133288383484,0.37337133288383484,0.0,0.0
24,18,0.475036084651947,0.3032143712043762,0.475036084651947,0.475036084651947,0.0,0.0
24,19,0.39913564920425415,0.18675509095191956,0.39913564920425415,0.39913564920425415,0.0,0.0
24,20,0.5735146999359131,0.24713191390037537,0.5735146999359131,0.5735146999359131,0.0,0.0
24,21,0.26855549216270447,0.13986995816230774,0.26855549216270447,0.26855549216270447,0.0,0.0
24,22,0.35602179169654846,0.15929946303367615,0.35602179169654846,0.35602179169654846,0.0,0.0
24,23,0.30143314599990845,-0.008169688284397125,0.30143314599990845,0.30143314599990845,0.0,0.5508999824523926
24,24,0.16073280572891235,0.2206772267818451,0.2206772267818451,0.2206772267818451,0.0,0.0
24,25,0.2353881448507309,0.13345155119895935,0.2353881448507309,0.2353881448507309,0.0,0.0
24,26,0.2513217329978943,0.14562571048736572,0.2513217329978943,0.2513217329978943,0.0,0.0
24,27,0.30310767889022827,0.1602039635181427,0.30310767889022827,0.30310767889022827,0.0,0.0
25,0,0.614014744758606,0.10958017408847809,0.614014744758606,0.614014744758606,0.0,0.00039999998989515007
25,1,0.6456373929977417,0.05835976451635361,0.6456373929977417,0.6456373929977417,0.0,0.009999999776482582
25,2,0.6536034345626831,0.12058893591165543,0.6536034345626831,0.6536034345626831,0.0,0.00019999999494757503
25,3,0.671444296836853,0.09331299364566803,0.671444296836853,0.671444296836853,0.0,0.0012000000569969416
25,4,0.67145836353302,0.07967351377010345,0.67145836353302,0.67145836353302,0.0,0.0027000000700354576
25,5,0.641120433807373,0.09763100743293762,0.641120433807373,0.641120433807373,0.0,0.0008999999845400453
25,6,0.6599006652832031,0.09952664375305176,0.6599006652832031,0.6599006652832031,0.0,0.0008999999845400453
25,7,0.21594327688217163,0.28891152143478394,0.28891152143478394,0.28891152143478394,0.0,0.0
25,8,0.1325858235359192,0.048073723912239075,0.1325858235359192,0.1325858235359192,0.0,0.002400000113993883
25,9,0.1481020748615265,0.0728783831000328,0.1481020748615265,0.1481020748615265,0.0,0.0003000000142492354
25,10,0.1741582155227661,0.41562795639038086,0.41562795639038086,0.41562795639038086,0.0,0.0
25,11,0.199078768491745,0.03879525512456894,0.199078768491745,0.199078768491745,0.0,0.008200000040233135
25,12,0.1354445517063141,0.11988219618797302,0.1354445517063141,0.1354445517063141,0.0,0.0
25,13,0.15525227785110474,0.005346290767192841,0.15525227785110474,0.15525227785110474,0.0,0.5651999711990356
25,14,0.6554305553436279,0.11214025318622589,0.6554305553436279,0.6554305553436279,0.0,0.0003000000142492354
25,15,0.6662309169769287,0.05338573455810547,0.6662309169769287,0.6662309169769287,0.0,0.019099999219179153
25,16,0.6165540814399719,0.06643543392419815,0.6165540814399719,0.6165540814399719,0.0,0.006000000052154064
25,17,0.6616076231002808,0.06902114301919937,0.6616076231002808,0.6616076231002808,0.0,0.008200000040233135
25,18,0.6526107788085938,0.11207501590251923,0.6526107788085938,0.6526107788085938,0.0,0.00039999998989515007
25,19,0.5838431119918823,0.09980075061321259,0.5838431119918823,0.5838431119918823,0.0,0.0010999999940395355
25,20,0.6468331813812256,0.06062769144773483,0.6468331813812256,0.6468331813812256,0.0,0.013100000098347664
25,21,0.33739757537841797,0.09094205498695374,0.33739757537841797,0.33739757537841797,0.0,0.00019999999494757503
25,22,0.5275428295135498,0.12668006122112274,0.5275428295135498,0.5275428295135498,0.0,0.0003000000142492354
25,23,0.14238370954990387,0.10171930491924286,0.14238370954990387,0.14238370954990387,0.0,0.0
25,24,0.4141138195991516,0.12438193708658218,0.4141138195991516,0.4141138195991516,0.0,0.0
25,25,0.24505791068077087,0.18123045563697815,0.24505791068077087,0.24505791068077087,0.0,0.0
25,26,0.23903189599514008,0.05271298438310623,0.23903189599514008,0.23903189599514008,0.0,0.0012000000569969416
25,27,0.41738322377204895,0.14319287240505219,0.41738322377204895,0.41738322377204895,0.0,0.0005000000237487257
26,0,0.0034886477515101433,-0.0088586937636137,0.0034886477515101433,0.0034886477515101433,0.8215000033378601,0.5551000237464905
26,1,0.15624985098838806,0.17715047299861908,0.17715047299861908,0.17715047299861908,0.0,0.0
26,2,0.15022185444831848,0.08562730997800827,0.15022185444831848,0.15022185444831848,0.0,0.00039999998989515007
26,3,0.12046966701745987,0.033565521240234375,0.12046966701745987,0.12046966701745987,0.0,0.03200000151991844
26,4,0.17991313338279724,0.10913197696208954,0.17991313338279724,0.17991313338279724,0.0,0.0
26,5,0.2124018669128418,0.43040522933006287,0.43040522933006287,0.43040522933006287,0.0,0.0
26,6,0.11067254096269608,0.06334245204925537,0.11067254096269608,0.11067254096269608,0.0,0.0024999999441206455
26,7,0.5431345701217651,0.08112990856170654,0.5431345701217651,0.5431345701217651,0.0,0.0015999999595806003
26,8,0.6116405725479126,0.11187073588371277,0.6116405725479126,0.6116405725479126,0.0,0.0007999999797903001
26,9,0.16258350014686584,0.025989774614572525,0.16258350014686584,0.16258350014686584,0.0,0.03550000116229057
26,10,0.4741976261138916,0.20492346584796906,0.4741976261138916,0.4741976261138916,0.0,0.0
26,11,0.4888264238834381,0.04154331237077713,0.4888264238834381,0.4888264238834381,0.0,0.026599999517202377
26,12,0.6729856729507446,0.10201109945774078,0.6729856729507446,0.6729856729507446,0.0,0.0007999999797903001
26,13,0.1952475905418396,0.1333780437707901,0.1952475905418396,0.1952475905418396,0.0,0.0
26,14,0.3200370669364929,0.18375545740127563,0.3200370669364929,0.3200370669364929,0.0,0.0
26,15,0.13704684376716614,0.13538682460784912,0.13704684376716614,0.13704684376716614,0.0,0.0
26,16,0.516053318977356,0.1594570130109787,0.516053318977356,0.516053318977356,0.0,0.0
26,17,0.3028706908226013,0.5267975926399231,0.5267975926399231,0.5267975926399231,0.0,0.0
26,18,0.17265094816684723,0.05399181321263313,0.17265094816684723,0.17265094816684723,0.0,0.0071000000461936
26,19,0.24805301427841187,0.20237630605697632,0.24805301427841187,0.24805301427841187,0.0,0.0
26,20,0.5450331568717957,0.1779358983039856,0.5450331568717957,0.5450331568717957,0.0,0.0
26,21,0.34424665570259094,0.10928672552108765,0.34424665570259094,0.34424665570259094,0.0,0.0
26,22,0.35748136043548584,0.11730930209159851,0.35748136043548584,0.35748136043548584,0.0,0.0
26,23,0.31907761096954346,0.13423845171928406,0.31907761096954346,0.31907761096954346,0.0,0.0
26,24,0.40553662180900574,0.12930087745189667,0.40553662180900574,0.40553662180900574,0.0,0.0
26,25,0.33944547176361084,0.11384620517492294,0.33944547176361084,0.33944547176361084,0.0,0.0
26,26,0.4306771755218506,0.1699986755847931,0.4306771755218506,0.4306771755218506,0.0,0.0
26,27,0.3521329462528229,0.13377076387405396,0.3521329462528229,0.3521329462528229,0.0,0.0
27,0,0.3876323997974396,0.0956486165523529,0.3876323997974396,0.3876323997974396,0.0,9.999999747378752e-05
27,1,0.286575049161911,0.08272242546081543,0.286575049161911,0.286575049161911,0.0,0.0
27,2,0.22975102066993713,0.07189309597015381,0.22975102066993713,0.22975102066993713,0.0,0.000699999975040555
27,3,0.23769664764404297,0.15884259343147278,0.23769664764404297,0.23769664764404297,0.0,0.0
27,4,0.18821795284748077,0.054409176111221313,0.18821795284748077,0.18821795284748077,0.0,0.002099999925121665
27,5,0.27548977732658386,0.14717262983322144,0.27548977732658386,0.27548977732658386,0.0,0.0
27,6,0.10167981684207916,0.08350998163223267,0.10167981684207916,0.10167981684207916,0.0,0.0003000000142492354
27,7,0.5618734359741211,0.13388320803642273,0.5618734359741211,0.5618734359741211,0.0,0.0
27,8,0.6094213724136353,0.18150174617767334,0.6094213724136353,0.6094213724136353,0.0,0.0
27,9,0.5329445600509644,0.11839206516742706,0.5329445600509644,0.5329445600509644,0.0,0.0
27,10,0.5605024099349976,0.13366013765335083,0.5605024099349976,0.5605024099349976,0.0,0.0
27,11,0.560903787612915,0.1338457465171814,0.560903787612915,0.560903787612915,0.0,0.0
27,12,0.5605019927024841,0.13366083800792694,0.5605019927024841,0.5605019927024841,0.0,0.0
27,13,0.5605024099349976,0.13366013765335083,0.5605024099349976,0.5605024099349976,0.0,0.0
27,14,0.2008921205997467,0.06947838515043259,0.2008921205997467,0.2008921205997467,0.0,9.999999747378752e-05
27,15,0.2713046669960022,0.31701382994651794,0.31701382994651794,0.31701382994651794,0.0,0.0
27,16,0.43076154589653015,0.13889852166175842,0.43076154589653015,0.43076154589653015,0.0,0.0
27,17,0.1287619024515152,0.02203606814146042,0.1287619024515152,0.1287619024515152,0.0,0.062300000339746475
27,18,0.07891429960727692,0.040244750678539276,0.07891429960727692,0.07891429960727692,9.999999747378752e-05,0.013000000268220901
27,19,0.14196325838565826,0.12322317808866501,0.14196325838565826,0.14196325838565826,0.0,0.0
27,20,0.18431654572486877,0.050941552966833115,0.18431654572486877,0.18431654572486877,0.0,0.0027000000700354576
27,21,0.21097856760025024,0.1994054615497589,0.21097856760025024,0.21097856760025024,0.0,0.0
27,22,0.03619011119008064,0.005241863429546356,0.03619011119008064,0.03619011119008064,0.008799999952316284,0.6431999802589417
27,23,0.2262745201587677,0.009476290084421635,0.2262745201587677,0.2262745201587677,0.0,0.4043000042438507
27,24,0.10266195237636566,0.038643982261419296,0.10266195237636566,0.10266195237636566,0.0,0.006599999964237213
27,25,0.32361912727355957,0.18621554970741272,0.32361912727355957,0.32361912727355957,0.0,0.0
27,26,0.26642724871635437,0.1327930986881256,0.26642724871635437,0.26642724871635437,0.0,9.999999747378752e-05
27,27,0.4590579867362976,0.10755898058414459,0.4590579867362976,0.4590579867362976,0.0,0.000699999975040555
