trial_id,crel,attr_dim,pair_id,word_a,word_b,correct_answer,incorrect_answer,correct_first_subtoken_id,incorrect_first_subtoken_id,d_plus,correct_rank,is_argmax_correct,generated_response_50,generated_response_final,is_string_correct_50,is_string_correct_final,max_new_tokens_used
SAME_P_pair0,SAME,P,pair0,molwainmom,linprarsun,bold,cautious,14265,46878,5.4375,1,True, bold, bold,True,True,50
OPP_P_pair0,OPP,P,pair0,molwainmom,linprarsun,cautious,bold,46878,14265,8.25,1,True, Cautious, Cautious,True,True,50
SAME_Q_pair0,SAME,Q,pair0,molwainmom,linprarsun,complex,simple,6485,4382,4.875,2,False, Complex, Complex,True,True,50
OPP_Q_pair0,OPP,Q,pair0,molwainmom,linprarsun,simple,complex,4382,6485,7.9375,1,True, simple, simple,True,True,50
MORE_P_pair0,MORE,P,pair0,molwainmom,linprarsun,linprarsun,molwainmom,10006,22337,8.75,1,True, linprarsun, linprarsun,True,True,50
LESS_P_pair0,LESS,P,pair0,molwainmom,linprarsun,molwainmom,linprarsun,22337,10006,4.75,1,True, molwainmom, molwainmom,True,True,50
MORE_Q_pair0,MORE,Q,pair0,molwainmom,linprarsun,linprarsun,molwainmom,10006,22337,8.6875,1,True, linprarsun, linprarsun,True,True,50
LESS_Q_pair0,LESS,Q,pair0,molwainmom,linprarsun,molwainmom,linprarsun,22337,10006,5.0625,1,True, molwainmom, molwainmom,True,True,50
SAME_P_pair1,SAME,P,pair1,tunzordem,plelsposrun,bold,cautious,14265,46878,6.0,2,False, Bold, Bold,True,True,50
OPP_P_pair1,OPP,P,pair1,tunzordem,plelsposrun,cautious,bold,46878,14265,9.0,1,True, cautious, cautious,True,True,50
SAME_Q_pair1,SAME,Q,pair1,tunzordem,plelsposrun,complex,simple,6485,4382,4.5625,2,False, Complex, Complex,True,True,50
OPP_Q_pair1,OPP,Q,pair1,tunzordem,plelsposrun,simple,complex,4382,6485,7.25,1,True, simple, simple,True,True,50
MORE_P_pair1,MORE,P,pair1,tunzordem,plelsposrun,plelsposrun,tunzordem,7245,11716,5.75,1,True, plelsposrun, plelsposrun,True,True,50
LESS_P_pair1,LESS,P,pair1,tunzordem,plelsposrun,tunzordem,plelsposrun,11716,7245,8.0625,1,True, tunzordem, tunzordem,True,True,50
MORE_Q_pair1,MORE,Q,pair1,tunzordem,plelsposrun,plelsposrun,tunzordem,7245,11716,5.9375,1,True, plelsposrun, plelsposrun,True,True,50
LESS_Q_pair1,LESS,Q,pair1,tunzordem,plelsposrun,tunzordem,plelsposrun,11716,7245,8.5,1,True, tunzordem, tunzordem,True,True,50
SAME_P_pair2,SAME,P,pair2,tregeilnel,dansoszeis,bold,cautious,14265,46878,6.5625,2,False, bold, bold,True,True,50
OPP_P_pair2,OPP,P,pair2,tregeilnel,dansoszeis,cautious,bold,46878,14265,8.0625,1,True, cautious, cautious,True,True,50
SAME_Q_pair2,SAME,Q,pair2,tregeilnel,dansoszeis,complex,simple,6485,4382,5.0625,2,False, Complex, Complex,True,True,50
OPP_Q_pair2,OPP,Q,pair2,tregeilnel,dansoszeis,simple,complex,4382,6485,7.625,2,False, Simple, Simple,True,True,50
MORE_P_pair2,MORE,P,pair2,tregeilnel,dansoszeis,dansoszeis,tregeilnel,7010,4353,5.625,1,True, dansoszeis, dansoszeis,True,True,50
LESS_P_pair2,LESS,P,pair2,tregeilnel,dansoszeis,tregeilnel,dansoszeis,4353,7010,6.5,1,True, tregeilnel, tregeilnel,True,True,50
MORE_Q_pair2,MORE,Q,pair2,tregeilnel,dansoszeis,dansoszeis,tregeilnel,7010,4353,5.4375,1,True, dansoszeis, dansoszeis,True,True,50
LESS_Q_pair2,LESS,Q,pair2,tregeilnel,dansoszeis,tregeilnel,dansoszeis,4353,7010,6.875,1,True, tregeilnel, tregeilnel,True,True,50
SAME_P_pair3,SAME,P,pair3,zurvaspit,wonillam,bold,cautious,14265,46878,6.9375,2,False, bold, bold,True,True,50
OPP_P_pair3,OPP,P,pair3,zurvaspit,wonillam,cautious,bold,46878,14265,8.6875,1,True, cautious, cautious,True,True,50
SAME_Q_pair3,SAME,Q,pair3,zurvaspit,wonillam,complex,simple,6485,4382,4.8125,2,False, Complex, Complex,True,True,50
OPP_Q_pair3,OPP,Q,pair3,zurvaspit,wonillam,simple,complex,4382,6485,8.6875,1,True, Simple, Simple,True,True,50
MORE_P_pair3,MORE,P,pair3,zurvaspit,wonillam,wonillam,zurvaspit,2834,17761,6.5,1,True, wonillam, wonillam,True,True,50
LESS_P_pair3,LESS,P,pair3,zurvaspit,wonillam,zurvaspit,wonillam,17761,2834,8.125,1,True, zurvaspit, zurvaspit,True,True,50
MORE_Q_pair3,MORE,Q,pair3,zurvaspit,wonillam,wonillam,zurvaspit,2834,17761,6.0,1,True, Wonillam, Wonillam,True,True,50
LESS_Q_pair3,LESS,Q,pair3,zurvaspit,wonillam,zurvaspit,wonillam,17761,2834,8.25,1,True, zurvaspit, zurvaspit,True,True,50
SAME_P_pair4,SAME,P,pair4,gulroflek,lubuslok,bold,cautious,14265,46878,7.125,1,True, bold, bold,True,True,50
OPP_P_pair4,OPP,P,pair4,gulroflek,lubuslok,cautious,bold,46878,14265,9.0,1,True, cautious, cautious,True,True,50
SAME_Q_pair4,SAME,Q,pair4,gulroflek,lubuslok,complex,simple,6485,4382,5.1875,2,False, Complex, Complex,True,True,50
OPP_Q_pair4,OPP,Q,pair4,gulroflek,lubuslok,simple,complex,4382,6485,8.3125,1,True, simple, simple,True,True,50
MORE_P_pair4,MORE,P,pair4,gulroflek,lubuslok,lubuslok,gulroflek,28445,91370,5.4375,1,True, lubuslok, lubuslok,True,True,50
LESS_P_pair4,LESS,P,pair4,gulroflek,lubuslok,gulroflek,lubuslok,91370,28445,8.8125,1,True, gulroflek, gulroflek,True,True,50
MORE_Q_pair4,MORE,Q,pair4,gulroflek,lubuslok,lubuslok,gulroflek,28445,91370,5.5625,1,True, lubuslok, lubuslok,True,True,50
LESS_Q_pair4,LESS,Q,pair4,gulroflek,lubuslok,gulroflek,lubuslok,91370,28445,8.625,1,True, gulroflek, gulroflek,True,True,50
SAME_P_pair5,SAME,P,pair5,tenlilfeir,poldeizout,bold,cautious,14265,46878,5.9375,2,False, Bold, Bold,True,True,50
OPP_P_pair5,OPP,P,pair5,tenlilfeir,poldeizout,cautious,bold,46878,14265,8.8125,1,True, cautious, cautious,True,True,50
SAME_Q_pair5,SAME,Q,pair5,tenlilfeir,poldeizout,complex,simple,6485,4382,4.875,2,False, complex, complex,True,True,50
OPP_Q_pair5,OPP,Q,pair5,tenlilfeir,poldeizout,simple,complex,4382,6485,7.375,1,True, simple, simple,True,True,50
MORE_P_pair5,MORE,P,pair5,tenlilfeir,poldeizout,poldeizout,tenlilfeir,1499,5899,7.125,1,True, poldeizout, poldeizout,True,True,50
LESS_P_pair5,LESS,P,pair5,tenlilfeir,poldeizout,tenlilfeir,poldeizout,5899,1499,5.25,1,True, tenlilfeir, tenlilfeir,True,True,50
MORE_Q_pair5,MORE,Q,pair5,tenlilfeir,poldeizout,poldeizout,tenlilfeir,1499,5899,7.125,1,True, poldeizout, poldeizout,True,True,50
LESS_Q_pair5,LESS,Q,pair5,tenlilfeir,poldeizout,tenlilfeir,poldeizout,5899,1499,5.4375,1,True, tenlilfeir, tenlilfeir,True,True,50
SAME_P_pair6,SAME,P,pair6,dorsongom,plurpasnik,bold,cautious,14265,46878,5.75,1,True, bold, bold,True,True,50
OPP_P_pair6,OPP,P,pair6,dorsongom,plurpasnik,cautious,bold,46878,14265,8.9375,1,True, Cautious, Cautious,True,True,50
SAME_Q_pair6,SAME,Q,pair6,dorsongom,plurpasnik,complex,simple,6485,4382,5.0,2,False, complex, complex,True,True,50
OPP_Q_pair6,OPP,Q,pair6,dorsongom,plurpasnik,simple,complex,4382,6485,7.25,1,True, simple, simple,True,True,50
MORE_P_pair6,MORE,P,pair6,dorsongom,plurpasnik,plurpasnik,dorsongom,60217,77389,7.25,1,True, plurpasnik, plurpasnik,True,True,50
LESS_P_pair6,LESS,P,pair6,dorsongom,plurpasnik,dorsongom,plurpasnik,77389,60217,9.6875,1,True, dorsongom, dorsongom,True,True,50
MORE_Q_pair6,MORE,Q,pair6,dorsongom,plurpasnik,plurpasnik,dorsongom,60217,77389,7.5,1,True, plurpasnik, plurpasnik,True,True,50
LESS_Q_pair6,LESS,Q,pair6,dorsongom,plurpasnik,dorsongom,plurpasnik,77389,60217,9.5625,1,True, dorsongom, dorsongom,True,True,50
SAME_P_pair7,SAME,P,pair7,douneindem,rainprugeim,bold,cautious,14265,46878,6.125,1,True, bold, bold,True,True,50
OPP_P_pair7,OPP,P,pair7,douneindem,rainprugeim,cautious,bold,46878,14265,8.625,1,True, cautious, cautious,True,True,50
SAME_Q_pair7,SAME,Q,pair7,douneindem,rainprugeim,complex,simple,6485,4382,5.8125,2,False, complex, complex,True,True,50
OPP_Q_pair7,OPP,Q,pair7,douneindem,rainprugeim,simple,complex,4382,6485,7.375,1,True, Simple, Simple,True,True,50
MORE_P_pair7,MORE,P,pair7,douneindem,rainprugeim,rainprugeim,douneindem,11422,25595,5.8125,1,True, rainprugeim, rainprugeim,True,True,50
LESS_P_pair7,LESS,P,pair7,douneindem,rainprugeim,douneindem,rainprugeim,25595,11422,7.375,1,True, douneindem, douneindem,True,True,50
MORE_Q_pair7,MORE,Q,pair7,douneindem,rainprugeim,rainprugeim,douneindem,11422,25595,5.75,1,True, rainprugeim, rainprugeim,True,True,50
LESS_Q_pair7,LESS,Q,pair7,douneindem,rainprugeim,douneindem,rainprugeim,25595,11422,7.6875,1,True, douneindem, douneindem,True,True,50
SAME_P_pair8,SAME,P,pair8,treitruprut,naskeisloun,bold,cautious,14265,46878,5.6875,2,False, Bold, Bold,True,True,50
OPP_P_pair8,OPP,P,pair8,treitruprut,naskeisloun,cautious,bold,46878,14265,9.1875,1,True, cautious, cautious,True,True,50
SAME_Q_pair8,SAME,Q,pair8,treitruprut,naskeisloun,complex,simple,6485,4382,4.5625,2,False, complex, complex,True,True,50
OPP_Q_pair8,OPP,Q,pair8,treitruprut,naskeisloun,simple,complex,4382,6485,7.1875,2,False, Simple, Simple,True,True,50
MORE_P_pair8,MORE,P,pair8,treitruprut,naskeisloun,naskeisloun,treitruprut,17580,4353,5.625,1,True, naskeisloun, naskeisloun,True,True,50
LESS_P_pair8,LESS,P,pair8,treitruprut,naskeisloun,treitruprut,naskeisloun,4353,17580,6.375,1,True," treitruprut

Q: Which is more complex, treitruprut or naskeisloun? (Answer EXACTLY ONE WORD)
A: treitruprut

Q: Is naskeisloun smaller than treitruprut"," treitruprut

Q: Which is more complex, treitruprut or naskeisloun? (Answer EXACTLY ONE WORD)
A: treitruprut

Q: Is naskeisloun smaller than treitruprut",True,True,50
MORE_Q_pair8,MORE,Q,pair8,treitruprut,naskeisloun,naskeisloun,treitruprut,17580,4353,5.5,1,True, naskeisloun, naskeisloun,True,True,50
LESS_Q_pair8,LESS,Q,pair8,treitruprut,naskeisloun,treitruprut,naskeisloun,4353,17580,6.6875,1,True, treitruprut, treitruprut,True,True,50
SAME_P_pair9,SAME,P,pair9,plelsasrait,merflouller,bold,cautious,14265,46878,5.375,2,False, Bold, Bold,True,True,50
OPP_P_pair9,OPP,P,pair9,plelsasrait,merflouller,cautious,bold,46878,14265,8.6875,1,True, cautious, cautious,True,True,50
SAME_Q_pair9,SAME,Q,pair9,plelsasrait,merflouller,complex,simple,6485,4382,4.125,2,False, Complex, Complex,True,True,50
OPP_Q_pair9,OPP,Q,pair9,plelsasrait,merflouller,simple,complex,4382,6485,7.3125,2,False, Simple, Simple,True,True,50
MORE_P_pair9,MORE,P,pair9,plelsasrait,merflouller,merflouller,plelsasrait,4809,7245,7.5,1,True, merflouller, merflouller,True,True,50
LESS_P_pair9,LESS,P,pair9,plelsasrait,merflouller,plelsasrait,merflouller,7245,4809,6.5625,1,True, plelsasrait, plelsasrait,True,True,50
MORE_Q_pair9,MORE,Q,pair9,plelsasrait,merflouller,merflouller,plelsasrait,4809,7245,7.125,1,True, merflouller, merflouller,True,True,50
LESS_Q_pair9,LESS,Q,pair9,plelsasrait,merflouller,plelsasrait,merflouller,7245,4809,6.8125,1,True, plelsasrait, plelsasrait,True,True,50
